# Blender 4.3.2
# www.blender.org
mtllib Hooper_mk1.mtl
o Fule_Tank
v 0.999289 2.313706 0.000000
v 0.972513 2.413635 0.000000
v 0.899360 2.486788 0.000000
v 0.799431 2.513564 0.000000
v 0.699503 2.486788 0.000000
v 0.499535 2.328306 -0.000000
v 0.478180 2.248610 -0.000000
v 0.499535 2.168913 -0.000000
v 0.557877 2.110571 -0.000000
v 0.637574 2.089216 -0.000000
v 0.899360 2.140625 0.000000
v 0.972513 2.213778 0.000000
v 0.990740 2.313706 -0.130433
v 0.964193 2.413635 -0.126938
v 0.891666 2.486788 -0.117390
v 0.792592 2.513564 -0.104347
v 0.693518 2.486788 -0.091303
v 0.495261 2.328306 -0.065202
v 0.474090 2.248610 -0.062415
v 0.495261 2.168913 -0.065202
v 0.553104 2.110571 -0.072818
v 0.632119 2.089216 -0.083220
v 0.891666 2.140625 -0.117390
v 0.964193 2.213778 -0.126938
v 0.965239 2.313706 -0.258635
v 0.939376 2.413635 -0.251705
v 0.868715 2.486788 -0.232772
v 0.772191 2.513564 -0.206908
v 0.675668 2.486788 -0.181045
v 0.482514 2.328306 -0.129289
v 0.461887 2.248610 -0.123762
v 0.482514 2.168913 -0.129289
v 0.538868 2.110571 -0.144389
v 0.615849 2.089216 -0.165016
v 0.868715 2.140625 -0.232772
v 0.939376 2.213778 -0.251705
v 0.923223 2.313706 -0.382411
v 0.898485 2.413635 -0.372165
v 0.830901 2.486788 -0.344170
v 0.738578 2.513564 -0.305929
v 0.646256 2.486788 -0.267688
v 0.461510 2.328306 -0.191164
v 0.441781 2.248610 -0.182992
v 0.461510 2.168913 -0.191164
v 0.515411 2.110571 -0.213490
v 0.589041 2.089216 -0.243989
v 0.830901 2.140625 -0.344170
v 0.898485 2.213778 -0.372165
v 0.865410 2.313706 -0.499645
v 0.842221 2.413635 -0.486257
v 0.778869 2.486788 -0.449680
v 0.692328 2.513564 -0.399716
v 0.605787 2.486788 -0.349751
v 0.432610 2.328306 -0.249768
v 0.414116 2.248610 -0.239090
v 0.432610 2.168913 -0.249768
v 0.483136 2.110571 -0.278939
v 0.552155 2.089216 -0.318787
v 0.778869 2.140625 -0.449680
v 0.842221 2.213778 -0.486257
v 0.792790 2.313706 -0.608329
v 0.771547 2.413635 -0.592029
v 0.713511 2.486788 -0.547496
v 0.634232 2.513564 -0.486663
v 0.554953 2.486788 -0.425830
v 0.396308 2.328306 -0.304098
v 0.379366 2.248610 -0.291098
v 0.396308 2.168913 -0.304098
v 0.442594 2.110571 -0.339614
v 0.505821 2.089216 -0.388130
v 0.713511 2.140625 -0.547496
v 0.771547 2.213778 -0.592029
v 0.706604 2.313706 -0.706604
v 0.687671 2.413635 -0.687671
v 0.635944 2.486788 -0.635944
v 0.565283 2.513564 -0.565283
v 0.494623 2.486788 -0.494623
v 0.353225 2.328306 -0.353225
v 0.338125 2.248610 -0.338125
v 0.353225 2.168913 -0.353225
v 0.394479 2.110571 -0.394479
v 0.450833 2.089216 -0.450833
v 0.635944 2.140625 -0.635944
v 0.687671 2.213778 -0.687671
v 0.608329 2.313706 -0.792789
v 0.592029 2.413635 -0.771547
v 0.547496 2.486788 -0.713510
v 0.486663 2.513564 -0.634232
v 0.425830 2.486788 -0.554953
v 0.304098 2.328306 -0.396308
v 0.291098 2.248610 -0.379366
v 0.304098 2.168913 -0.396308
v 0.339614 2.110571 -0.442594
v 0.388130 2.089216 -0.505821
v 0.547496 2.140625 -0.713510
v 0.592029 2.213778 -0.771547
v 0.499645 2.313706 -0.865410
v 0.486257 2.413635 -0.842221
v 0.449680 2.486788 -0.778869
v 0.399716 2.513564 -0.692328
v 0.349751 2.486788 -0.605787
v 0.249768 2.328306 -0.432610
v 0.239090 2.248610 -0.414116
v 0.249768 2.168913 -0.432610
v 0.278939 2.110571 -0.483136
v 0.318787 2.089216 -0.552155
v 0.449680 2.140625 -0.778869
v 0.486257 2.213778 -0.842221
v 0.382412 2.313706 -0.923223
v 0.372165 2.413635 -0.898485
v 0.344171 2.486788 -0.830901
v 0.305929 2.513564 -0.738578
v 0.267688 2.486788 -0.646256
v 0.191164 2.328306 -0.461510
v 0.182992 2.248610 -0.441781
v 0.191164 2.168913 -0.461510
v 0.213490 2.110571 -0.515411
v 0.243989 2.089216 -0.589041
v 0.344171 2.140625 -0.830901
v 0.372165 2.213778 -0.898485
v 0.258635 2.313706 -0.965239
v 0.251705 2.413635 -0.939376
v 0.232772 2.486788 -0.868715
v 0.206908 2.513564 -0.772191
v 0.181045 2.486788 -0.675668
v 0.129289 2.328306 -0.482514
v 0.123762 2.248610 -0.461887
v 0.129289 2.168913 -0.482514
v 0.144389 2.110571 -0.538868
v 0.165016 2.089216 -0.615849
v 0.232772 2.140625 -0.868715
v 0.251705 2.213778 -0.939376
v 0.130433 2.313706 -0.990740
v 0.126938 2.413635 -0.964193
v 0.117390 2.486788 -0.891666
v 0.104347 2.513564 -0.792592
v 0.091303 2.486788 -0.693518
v 0.065202 2.328306 -0.495261
v 0.062415 2.248610 -0.474090
v 0.065202 2.168913 -0.495261
v 0.072817 2.110571 -0.553104
v 0.083220 2.089216 -0.632119
v 0.117390 2.140625 -0.891666
v 0.126938 2.213778 -0.964193
v 0.000000 2.313706 -0.999289
v 0.000000 2.413635 -0.972513
v 0.000000 2.486788 -0.899360
v 0.000000 2.513564 -0.799431
v 0.000000 2.486788 -0.699503
v 0.000000 2.328306 -0.499535
v 0.000000 2.248610 -0.478180
v 0.000000 2.168913 -0.499535
v 0.000000 2.110571 -0.557877
v 0.000000 2.089216 -0.637574
v 0.000000 2.140625 -0.899360
v 0.000000 2.213778 -0.972513
v -0.130434 2.313706 -0.990740
v -0.126939 2.413635 -0.964193
v -0.117390 2.486788 -0.891666
v -0.104347 2.513564 -0.792592
v -0.091304 2.486788 -0.693518
v -0.065202 2.328306 -0.495261
v -0.062415 2.248610 -0.474089
v -0.065202 2.168913 -0.495261
v -0.072818 2.110571 -0.553104
v -0.083220 2.089216 -0.632119
v -0.117390 2.140625 -0.891666
v -0.126939 2.213778 -0.964193
v -0.258635 2.313706 -0.965239
v -0.251705 2.413635 -0.939376
v -0.232771 2.486788 -0.868715
v -0.206908 2.513564 -0.772192
v -0.181044 2.486788 -0.675668
v -0.129289 2.328306 -0.482514
v -0.123762 2.248610 -0.461887
v -0.129289 2.168913 -0.482514
v -0.144389 2.110571 -0.538868
v -0.165016 2.089216 -0.615849
v -0.232771 2.140625 -0.868715
v -0.251705 2.213778 -0.939376
v -0.382412 2.313706 -0.923223
v -0.372165 2.413635 -0.898485
v -0.344170 2.486788 -0.830901
v -0.305929 2.513564 -0.738578
v -0.267688 2.486788 -0.646256
v -0.191164 2.328306 -0.461510
v -0.182992 2.248610 -0.441781
v -0.191164 2.168913 -0.461510
v -0.213490 2.110571 -0.515411
v -0.243989 2.089216 -0.589041
v -0.344170 2.140625 -0.830901
v -0.372165 2.213778 -0.898485
v -0.499645 2.313706 -0.865410
v -0.486257 2.413635 -0.842221
v -0.449680 2.486788 -0.778869
v -0.399716 2.513564 -0.692328
v -0.349751 2.486788 -0.605787
v -0.249767 2.328306 -0.432610
v -0.239090 2.248610 -0.414116
v -0.249767 2.168913 -0.432610
v -0.278939 2.110571 -0.483136
v -0.318787 2.089216 -0.552155
v -0.449680 2.140625 -0.778869
v -0.486257 2.213778 -0.842221
v -0.608329 2.313706 -0.792789
v -0.592029 2.413635 -0.771547
v -0.547496 2.486788 -0.713511
v -0.486663 2.513564 -0.634232
v -0.425830 2.486788 -0.554953
v -0.304098 2.328306 -0.396308
v -0.291098 2.248610 -0.379366
v -0.304098 2.168913 -0.396308
v -0.339614 2.110571 -0.442594
v -0.388130 2.089216 -0.505821
v -0.547496 2.140625 -0.713511
v -0.592029 2.213778 -0.771547
v -0.706604 2.313706 -0.706604
v -0.687671 2.413635 -0.687671
v -0.635944 2.486788 -0.635944
v -0.565284 2.513564 -0.565283
v -0.494623 2.486788 -0.494623
v -0.353225 2.328306 -0.353225
v -0.338125 2.248610 -0.338125
v -0.353225 2.168913 -0.353225
v -0.394479 2.110571 -0.394479
v -0.450833 2.089216 -0.450833
v -0.635944 2.140625 -0.635944
v -0.687671 2.213778 -0.687671
v -0.792789 2.313706 -0.608329
v -0.771547 2.413635 -0.592029
v -0.713511 2.486788 -0.547496
v -0.634232 2.513564 -0.486663
v -0.554953 2.486788 -0.425830
v -0.396308 2.328306 -0.304098
v -0.379366 2.248610 -0.291098
v -0.396308 2.168913 -0.304098
v -0.442594 2.110571 -0.339614
v -0.505821 2.089216 -0.388130
v -0.713511 2.140625 -0.547496
v -0.771547 2.213778 -0.592029
v -0.865410 2.313706 -0.499645
v -0.842221 2.413635 -0.486257
v -0.778869 2.486788 -0.449680
v -0.692328 2.513564 -0.399716
v -0.605787 2.486788 -0.349751
v -0.432610 2.328306 -0.249768
v -0.414116 2.248610 -0.239090
v -0.432610 2.168913 -0.249768
v -0.483136 2.110571 -0.278939
v -0.552155 2.089216 -0.318787
v -0.778869 2.140625 -0.449680
v -0.842221 2.213778 -0.486257
v -0.923223 2.313706 -0.382412
v -0.898485 2.413635 -0.372165
v -0.830901 2.486788 -0.344170
v -0.738578 2.513564 -0.305929
v -0.646256 2.486788 -0.267688
v -0.461510 2.328306 -0.191164
v -0.441781 2.248610 -0.182992
v -0.461510 2.168913 -0.191164
v -0.515411 2.110571 -0.213490
v -0.589041 2.089216 -0.243989
v -0.830901 2.140625 -0.344170
v -0.898485 2.213778 -0.372165
v -0.965239 2.313706 -0.258635
v -0.939376 2.413635 -0.251705
v -0.868715 2.486788 -0.232771
v -0.772192 2.513564 -0.206908
v -0.675668 2.486788 -0.181044
v -0.482514 2.328306 -0.129289
v -0.461887 2.248610 -0.123762
v -0.482514 2.168913 -0.129289
v -0.538868 2.110571 -0.144389
v -0.615849 2.089216 -0.165016
v -0.868715 2.140625 -0.232771
v -0.939376 2.213778 -0.251705
v -0.990740 2.313706 -0.130434
v -0.964193 2.413635 -0.126939
v -0.891666 2.486788 -0.117390
v -0.792592 2.513564 -0.104347
v -0.693518 2.486788 -0.091303
v -0.495261 2.328306 -0.065202
v -0.474089 2.248610 -0.062415
v -0.495261 2.168913 -0.065202
v -0.553104 2.110571 -0.072818
v -0.632119 2.089216 -0.083220
v -0.891666 2.140625 -0.117390
v -0.964193 2.213778 -0.126939
v -0.999289 2.313706 -0.000000
v -0.972513 2.413635 -0.000000
v -0.899360 2.486788 -0.000000
v -0.799431 2.513564 -0.000000
v -0.699503 2.486788 -0.000000
v -0.499535 2.328306 -0.000000
v -0.478180 2.248610 -0.000000
v -0.499535 2.168913 -0.000000
v -0.557877 2.110571 -0.000000
v -0.637574 2.089216 -0.000000
v -0.899360 2.140625 -0.000000
v -0.972513 2.213778 -0.000000
v -0.990740 2.313706 0.130434
v -0.964193 2.413635 0.126939
v -0.891666 2.486788 0.117390
v -0.792592 2.513564 0.104347
v -0.693518 2.486788 0.091303
v -0.495261 2.328306 0.065202
v -0.474089 2.248610 0.062415
v -0.495261 2.168913 0.065202
v -0.553104 2.110571 0.072818
v -0.632119 2.089216 0.083220
v -0.891666 2.140625 0.117390
v -0.964193 2.213778 0.126939
v -0.965239 2.313706 0.258635
v -0.939376 2.413635 0.251705
v -0.868715 2.486788 0.232771
v -0.772192 2.513564 0.206908
v -0.675668 2.486788 0.181044
v -0.482514 2.328306 0.129289
v -0.461887 2.248610 0.123762
v -0.482514 2.168913 0.129289
v -0.538868 2.110571 0.144389
v -0.615849 2.089216 0.165016
v -0.868715 2.140625 0.232771
v -0.939376 2.213778 0.251705
v -0.923223 2.313706 0.382411
v -0.898485 2.413635 0.372164
v -0.830901 2.486788 0.344170
v -0.738578 2.513564 0.305929
v -0.646256 2.486788 0.267688
v -0.461510 2.328306 0.191164
v -0.441781 2.248610 0.182992
v -0.461510 2.168913 0.191164
v -0.515411 2.110571 0.213490
v -0.589042 2.089216 0.243989
v -0.830901 2.140625 0.344170
v -0.898485 2.213778 0.372164
v -0.865410 2.313706 0.499644
v -0.842221 2.413635 0.486257
v -0.778869 2.486788 0.449680
v -0.692328 2.513564 0.399716
v -0.605787 2.486788 0.349751
v -0.432610 2.328306 0.249767
v -0.414116 2.248610 0.239090
v -0.432610 2.168913 0.249767
v -0.483136 2.110571 0.278938
v -0.552155 2.089216 0.318787
v -0.778869 2.140625 0.449680
v -0.842221 2.213778 0.486257
v -0.792789 2.313706 0.608329
v -0.771547 2.413635 0.592029
v -0.713511 2.486788 0.547496
v -0.634232 2.513564 0.486663
v -0.554953 2.486788 0.425830
v -0.396308 2.328306 0.304098
v -0.379366 2.248610 0.291098
v -0.396308 2.168913 0.304098
v -0.442594 2.110571 0.339614
v -0.505821 2.089216 0.388130
v -0.713511 2.140625 0.547496
v -0.771547 2.213778 0.592029
v -0.706604 2.313706 0.706604
v -0.687671 2.413635 0.687671
v -0.635944 2.486788 0.635944
v -0.565284 2.513564 0.565283
v -0.494623 2.486788 0.494623
v -0.353225 2.328306 0.353225
v -0.338125 2.248610 0.338125
v -0.353225 2.168913 0.353225
v -0.394479 2.110571 0.394479
v -0.450833 2.089216 0.450833
v -0.635944 2.140625 0.635944
v -0.687671 2.213778 0.687671
v -0.608329 2.313706 0.792789
v -0.592029 2.413635 0.771546
v -0.547496 2.486788 0.713510
v -0.486663 2.513564 0.634231
v -0.425830 2.486788 0.554952
v -0.304098 2.328306 0.396308
v -0.291098 2.248610 0.379366
v -0.304098 2.168913 0.396308
v -0.339614 2.110571 0.442594
v -0.388131 2.089216 0.505821
v -0.547496 2.140625 0.713510
v -0.592029 2.213778 0.771546
v -0.499645 2.313706 0.865410
v -0.486257 2.413635 0.842221
v -0.449680 2.486788 0.778869
v -0.399716 2.513564 0.692328
v -0.349751 2.486788 0.605787
v -0.249767 2.328306 0.432610
v -0.239090 2.248610 0.414116
v -0.249767 2.168913 0.432610
v -0.278939 2.110571 0.483136
v -0.318787 2.089216 0.552155
v -0.449680 2.140625 0.778869
v -0.486257 2.213778 0.842221
v -0.382412 2.313706 0.923223
v -0.372165 2.413635 0.898485
v -0.344170 2.486788 0.830901
v -0.305929 2.513564 0.738578
v -0.267688 2.486788 0.646256
v -0.191164 2.328306 0.461510
v -0.182992 2.248610 0.441781
v -0.191164 2.168913 0.461510
v -0.213490 2.110571 0.515411
v -0.243989 2.089216 0.589041
v -0.344170 2.140625 0.830901
v -0.372165 2.213778 0.898485
v -0.258635 2.313706 0.965239
v -0.251705 2.413635 0.939376
v -0.232772 2.486788 0.868715
v -0.206908 2.513564 0.772191
v -0.181045 2.486788 0.675668
v -0.129289 2.328306 0.482514
v -0.123762 2.248610 0.461887
v -0.129289 2.168913 0.482514
v -0.144389 2.110571 0.538868
v -0.165016 2.089216 0.615849
v -0.232772 2.140625 0.868715
v -0.251705 2.213778 0.939376
v -0.130434 2.313706 0.990740
v -0.126939 2.413635 0.964193
v -0.117391 2.486788 0.891666
v -0.104347 2.513564 0.792592
v -0.091304 2.486788 0.693518
v -0.065203 2.328306 0.495261
v -0.062415 2.248610 0.474089
v -0.065203 2.168913 0.495261
v -0.072818 2.110571 0.553104
v -0.083220 2.089216 0.632119
v -0.117391 2.140625 0.891666
v -0.126939 2.213778 0.964193
v 0.000000 2.313706 0.999289
v 0.000000 2.413635 0.972513
v 0.000000 2.486788 0.899360
v 0.000000 2.513564 0.799431
v 0.000000 2.486788 0.699503
v 0.000000 2.328306 0.499535
v 0.000000 2.248610 0.478180
v 0.000000 2.168913 0.499535
v 0.000000 2.110571 0.557877
v 0.000000 2.089216 0.637574
v 0.000000 2.140625 0.899360
v 0.000000 2.213778 0.972513
v 0.130433 2.313706 0.990740
v 0.126938 2.413635 0.964193
v 0.117390 2.486788 0.891666
v 0.104347 2.513564 0.792592
v 0.091303 2.486788 0.693518
v 0.065202 2.328306 0.495261
v 0.062415 2.248610 0.474090
v 0.065202 2.168913 0.495261
v 0.072817 2.110571 0.553104
v 0.083220 2.089216 0.632119
v 0.117390 2.140625 0.891666
v 0.126938 2.213778 0.964193
v 0.258635 2.313706 0.965240
v 0.251705 2.413635 0.939376
v 0.232771 2.486788 0.868716
v 0.206908 2.513564 0.772192
v 0.181044 2.486788 0.675668
v 0.129289 2.328306 0.482514
v 0.123762 2.248610 0.461887
v 0.129289 2.168913 0.482514
v 0.144389 2.110571 0.538868
v 0.165016 2.089216 0.615849
v 0.232771 2.140625 0.868716
v 0.251705 2.213778 0.939376
v 0.382412 2.313706 0.923223
v 0.372165 2.413635 0.898485
v 0.344171 2.486788 0.830901
v 0.305929 2.513564 0.738578
v 0.267688 2.486788 0.646256
v 0.191164 2.328306 0.461510
v 0.182992 2.248610 0.441781
v 0.191164 2.168913 0.461510
v 0.213490 2.110571 0.515411
v 0.243989 2.089216 0.589041
v 0.344171 2.140625 0.830901
v 0.372165 2.213778 0.898485
v 0.499645 2.313706 0.865410
v 0.486257 2.413635 0.842221
v 0.449680 2.486788 0.778869
v 0.399716 2.513564 0.692328
v 0.349751 2.486788 0.605787
v 0.249768 2.328306 0.432610
v 0.239090 2.248610 0.414116
v 0.249768 2.168913 0.432610
v 0.278939 2.110571 0.483136
v 0.318787 2.089216 0.552155
v 0.449680 2.140625 0.778869
v 0.486257 2.213778 0.842221
v 0.608329 2.313706 0.792790
v 0.592028 2.413635 0.771547
v 0.547496 2.486788 0.713511
v 0.486663 2.513564 0.634232
v 0.425830 2.486788 0.554953
v 0.304098 2.328306 0.396308
v 0.291098 2.248610 0.379366
v 0.304098 2.168913 0.396308
v 0.339614 2.110571 0.442594
v 0.388130 2.089216 0.505822
v 0.547496 2.140625 0.713511
v 0.592028 2.213778 0.771547
v 0.706604 2.313706 0.706605
v 0.687670 2.413635 0.687671
v 0.635944 2.486788 0.635944
v 0.565283 2.513564 0.565284
v 0.494623 2.486788 0.494623
v 0.353224 2.328306 0.353225
v 0.338124 2.248610 0.338125
v 0.353224 2.168913 0.353225
v 0.394478 2.110571 0.394479
v 0.450833 2.089216 0.450833
v 0.635944 2.140625 0.635944
v 0.687670 2.213778 0.687671
v 0.792790 2.313706 0.608329
v 0.771547 2.413635 0.592029
v 0.713511 2.486788 0.547496
v 0.634232 2.513564 0.486663
v 0.554953 2.486788 0.425830
v 0.396308 2.328306 0.304098
v 0.379366 2.248610 0.291098
v 0.396308 2.168913 0.304098
v 0.442594 2.110571 0.339614
v 0.505821 2.089216 0.388130
v 0.713511 2.140625 0.547496
v 0.771547 2.213778 0.592029
v 0.865410 2.313706 0.499645
v 0.842221 2.413635 0.486257
v 0.778869 2.486788 0.449680
v 0.692328 2.513564 0.399716
v 0.605787 2.486788 0.349751
v 0.432610 2.328306 0.249768
v 0.414116 2.248610 0.239090
v 0.432610 2.168913 0.249768
v 0.483136 2.110571 0.278939
v 0.552155 2.089216 0.318787
v 0.778869 2.140625 0.449680
v 0.842221 2.213778 0.486257
v 0.923223 2.313706 0.382412
v 0.898485 2.413635 0.372165
v 0.830901 2.486788 0.344171
v 0.738578 2.513564 0.305929
v 0.646256 2.486788 0.267688
v 0.461510 2.328306 0.191164
v 0.441781 2.248610 0.182992
v 0.461510 2.168913 0.191164
v 0.515411 2.110571 0.213491
v 0.589041 2.089216 0.243989
v 0.830901 2.140625 0.344171
v 0.898485 2.213778 0.372165
v 0.965239 2.313706 0.258635
v 0.939376 2.413635 0.251705
v 0.868715 2.486788 0.232771
v 0.772192 2.513564 0.206908
v 0.675668 2.486788 0.181044
v 0.482514 2.328306 0.129289
v 0.461887 2.248610 0.123762
v 0.482514 2.168913 0.129289
v 0.538868 2.110571 0.144389
v 0.615849 2.089216 0.165016
v 0.868715 2.140625 0.232771
v 0.939376 2.213778 0.251705
v 0.990740 2.313706 0.130433
v 0.964193 2.413635 0.126938
v 0.891666 2.486788 0.117390
v 0.792592 2.513564 0.104347
v 0.693518 2.486788 0.091303
v 0.495261 2.328306 0.065202
v 0.474090 2.248610 0.062415
v 0.495261 2.168913 0.065202
v 0.553104 2.110571 0.072818
v 0.632119 2.089216 0.083220
v 0.891666 2.140625 0.117390
v 0.964193 2.213778 0.126938
v -0.000000 2.305717 -0.474760
v -0.092621 2.305717 -0.465637
v -0.181683 2.305717 -0.438621
v -0.263762 2.305717 -0.394748
v -0.335706 2.305717 -0.335706
v -0.394748 2.305717 -0.263762
v -0.438621 2.305717 -0.181683
v -0.465637 2.305717 -0.092621
v -0.474760 2.305717 0.000000
v -0.465637 2.305717 0.092621
v -0.438621 2.305717 0.181683
v -0.394748 2.305717 0.263762
v -0.335706 2.305717 0.335706
v -0.263762 2.305717 0.394748
v -0.181683 2.305717 0.438621
v -0.092621 2.305717 0.465637
v -0.000000 2.305717 0.474760
v 0.092621 2.305717 0.465637
v 0.181683 2.305717 0.438621
v 0.263762 2.305717 0.394748
v 0.335706 2.305717 0.335706
v 0.394748 2.305717 0.263762
v 0.438621 2.305717 0.181683
v 0.465637 2.305717 0.092621
v 0.474760 2.305717 0.000000
v 0.465637 2.305717 -0.092621
v 0.438621 2.305717 -0.181683
v 0.394748 2.305717 -0.263762
v 0.335706 2.305717 -0.335706
v 0.263762 2.305717 -0.394748
v 0.181683 2.305717 -0.438621
v 0.092621 2.305717 -0.465637
v -0.092621 2.226174 -0.465637
v -0.000000 2.226174 -0.474760
v -0.181683 2.226174 -0.438621
v -0.263762 2.226174 -0.394748
v -0.335706 2.226174 -0.335706
v -0.394748 2.226174 -0.263762
v -0.438621 2.226174 -0.181683
v -0.465637 2.226174 -0.092621
v -0.474760 2.226174 0.000000
v -0.465637 2.226174 0.092621
v -0.438621 2.226174 0.181683
v -0.394748 2.226174 0.263762
v -0.335706 2.226174 0.335706
v -0.263762 2.226174 0.394748
v -0.181683 2.226174 0.438621
v -0.092621 2.226174 0.465637
v -0.000000 2.226174 0.474760
v 0.092621 2.226174 0.465637
v 0.181683 2.226174 0.438621
v 0.263762 2.226174 0.394748
v 0.335706 2.226174 0.335706
v 0.394748 2.226174 0.263762
v 0.438621 2.226174 0.181683
v 0.465637 2.226174 0.092621
v 0.474760 2.226174 0.000000
v 0.465637 2.226174 -0.092621
v 0.438621 2.226174 -0.181683
v 0.394748 2.226174 -0.263762
v 0.335706 2.226174 -0.335706
v 0.263762 2.226174 -0.394748
v 0.181683 2.226174 -0.438621
v 0.092621 2.226174 -0.465637
v -0.044218 1.921311 -0.222301
v -0.000000 1.921311 -0.226656
v -0.086738 1.921311 -0.209403
v -0.125923 1.921311 -0.188458
v -0.160270 1.921311 -0.160270
v -0.188458 1.921311 -0.125923
v -0.209403 1.921311 -0.086738
v -0.222301 1.921311 -0.044218
v -0.226656 1.921311 0.000000
v -0.222301 1.921311 0.044218
v -0.209403 1.921311 0.086738
v -0.188458 1.921311 0.125923
v -0.160270 1.921311 0.160270
v -0.125923 1.921311 0.188458
v -0.086738 1.921311 0.209403
v -0.044218 1.921311 0.222301
v -0.000000 1.921311 0.226656
v 0.044218 1.921311 0.222301
v 0.086738 1.921311 0.209403
v 0.125923 1.921311 0.188458
v 0.160270 1.921311 0.160270
v 0.188458 1.921311 0.125923
v 0.209403 1.921311 0.086738
v 0.222301 1.921311 0.044218
v 0.226656 1.921311 0.000000
v 0.222301 1.921311 -0.044218
v 0.209403 1.921311 -0.086738
v 0.188458 1.921311 -0.125923
v 0.160270 1.921311 -0.160270
v 0.125923 1.921311 -0.188458
v 0.086738 1.921311 -0.209403
v 0.044218 1.921311 -0.222301
v -0.044218 1.736421 -0.222301
v -0.000000 1.736421 -0.226656
v -0.086738 1.736421 -0.209403
v -0.125923 1.736421 -0.188458
v -0.160270 1.736421 -0.160270
v -0.188458 1.736421 -0.125923
v -0.209403 1.736421 -0.086738
v -0.222301 1.736421 -0.044218
v -0.226656 1.736421 0.000000
v -0.222301 1.736421 0.044218
v -0.209403 1.736421 0.086738
v -0.188458 1.736421 0.125923
v -0.160270 1.736421 0.160270
v -0.125923 1.736421 0.188458
v -0.086738 1.736421 0.209403
v -0.044218 1.736421 0.222301
v -0.000000 1.736421 0.226656
v 0.044218 1.736421 0.222301
v 0.086738 1.736421 0.209403
v 0.125923 1.736421 0.188458
v 0.160270 1.736421 0.160270
v 0.188458 1.736421 0.125923
v 0.209403 1.736421 0.086738
v 0.222301 1.736421 0.044218
v 0.226656 1.736421 0.000000
v 0.222301 1.736421 -0.044218
v 0.209403 1.736421 -0.086738
v 0.188458 1.736421 -0.125923
v 0.160270 1.736421 -0.160270
v 0.125923 1.736421 -0.188458
v 0.086738 1.736421 -0.209403
v 0.044218 1.736421 -0.222301
v -0.096699 1.166566 -0.486140
v -0.000000 1.166566 -0.495664
v -0.189682 1.166566 -0.457934
v -0.275376 1.166566 -0.412129
v -0.350487 1.166566 -0.350487
v -0.412130 1.166566 -0.275376
v -0.457934 1.166566 -0.189682
v -0.486140 1.166566 -0.096699
v -0.495664 1.166566 -0.000000
v -0.486140 1.166566 0.096699
v -0.457934 1.166566 0.189682
v -0.412130 1.166566 0.275376
v -0.350487 1.166566 0.350487
v -0.275376 1.166566 0.412129
v -0.189682 1.166566 0.457934
v -0.096699 1.166566 0.486140
v -0.000000 1.166566 0.495664
v 0.096699 1.166566 0.486140
v 0.189682 1.166566 0.457934
v 0.275376 1.166566 0.412129
v 0.350487 1.166566 0.350487
v 0.412129 1.166566 0.275376
v 0.457934 1.166566 0.189682
v 0.486140 1.166566 0.096699
v 0.495664 1.166566 -0.000000
v 0.486140 1.166566 -0.096699
v 0.457934 1.166566 -0.189682
v 0.412129 1.166566 -0.275376
v 0.350487 1.166566 -0.350487
v 0.275376 1.166566 -0.412129
v 0.189682 1.166566 -0.457934
v 0.096699 1.166566 -0.486140
v 1.521100 2.371105 -2.893554
vn 1.0000 -0.0000 -0.0000
vn 0.9914 -0.0000 -0.1305
vn 0.8612 0.4954 -0.1134
vn 0.8687 0.4954 -0.0000
vn 0.7011 0.7071 -0.0923
vn 0.7071 0.7071 -0.0000
vn 0.2588 0.9659 -0.0000
vn 0.2566 0.9659 -0.0338
vn -0.2588 0.9659 -0.0000
vn -0.2566 0.9659 0.0338
vn -0.4387 0.8968 0.0578
vn -0.4425 0.8968 -0.0000
vn -0.6158 0.7837 0.0811
vn -0.6211 0.7837 -0.0000
vn -0.9659 0.2588 -0.0000
vn -0.9577 0.2588 0.1261
vn -0.9914 -0.0000 0.1305
vn -1.0000 -0.0000 -0.0000
vn -0.8559 -0.5047 0.1127
vn -0.8633 -0.5047 -0.0000
vn -0.7011 -0.7071 0.0923
vn -0.7071 -0.7071 -0.0000
vn -0.2588 -0.9659 -0.0000
vn -0.2566 -0.9659 0.0338
vn -0.0243 -0.9997 0.0032
vn -0.0245 -0.9997 -0.0000
vn 0.1910 -0.9813 -0.0252
vn 0.1927 -0.9813 -0.0000
vn 0.7071 -0.7071 -0.0000
vn 0.7011 -0.7071 -0.0923
vn 0.8612 -0.4954 -0.1134
vn 0.8687 -0.4954 -0.0000
vn 0.9659 -0.0000 -0.2588
vn 0.8391 0.4954 -0.2248
vn 0.6830 0.7071 -0.1830
vn 0.2500 0.9659 -0.0670
vn -0.2500 0.9659 0.0670
vn -0.4274 0.8968 0.1145
vn -0.6000 0.7837 0.1608
vn -0.9330 0.2588 0.2500
vn -0.9659 -0.0000 0.2588
vn -0.8339 -0.5047 0.2234
vn -0.6830 -0.7071 0.1830
vn -0.2500 -0.9659 0.0670
vn -0.0237 -0.9997 0.0064
vn 0.1861 -0.9813 -0.0499
vn 0.6830 -0.7071 -0.1830
vn 0.8391 -0.4954 -0.2248
vn 0.9239 -0.0000 -0.3827
vn 0.8025 0.4954 -0.3324
vn 0.6533 0.7071 -0.2706
vn 0.2391 0.9659 -0.0990
vn -0.2391 0.9659 0.0990
vn -0.4088 0.8968 0.1693
vn -0.5738 0.7837 0.2377
vn -0.8924 0.2588 0.3696
vn -0.9239 -0.0000 0.3827
vn -0.7976 -0.5047 0.3304
vn -0.6533 -0.7071 0.2706
vn -0.2391 -0.9659 0.0990
vn -0.0227 -0.9997 0.0094
vn 0.1780 -0.9813 -0.0737
vn 0.6533 -0.7071 -0.2706
vn 0.8025 -0.4954 -0.3324
vn 0.8660 -0.0000 -0.5000
vn 0.7523 0.4954 -0.4343
vn 0.6124 0.7071 -0.3536
vn 0.2241 0.9659 -0.1294
vn -0.2241 0.9659 0.1294
vn -0.3832 0.8968 0.2213
vn -0.5379 0.7837 0.3106
vn -0.8365 0.2588 0.4830
vn -0.8660 -0.0000 0.5000
vn -0.7476 -0.5047 0.4316
vn -0.6124 -0.7071 0.3536
vn -0.2241 -0.9659 0.1294
vn -0.0213 -0.9997 0.0123
vn 0.1669 -0.9813 -0.0963
vn 0.6124 -0.7071 -0.3536
vn 0.7523 -0.4954 -0.4343
vn 0.7934 -0.0000 -0.6088
vn 0.6892 0.4954 -0.5288
vn 0.5610 0.7071 -0.4305
vn 0.2053 0.9659 -0.1576
vn -0.2053 0.9659 0.1576
vn -0.3511 0.8968 0.2694
vn -0.4928 0.7837 0.3781
vn -0.7663 0.2588 0.5880
vn -0.7934 -0.0000 0.6088
vn -0.6849 -0.5047 0.5255
vn -0.5610 -0.7071 0.4305
vn -0.2053 -0.9659 0.1576
vn -0.0195 -0.9997 0.0149
vn 0.1529 -0.9813 -0.1173
vn 0.5610 -0.7071 -0.4305
vn 0.6892 -0.4954 -0.5288
vn 0.7071 -0.0000 -0.7071
vn 0.6142 0.4954 -0.6142
vn 0.5000 0.7071 -0.5000
vn 0.1830 0.9659 -0.1830
vn -0.1830 0.9659 0.1830
vn -0.3129 0.8968 0.3129
vn -0.4392 0.7837 0.4392
vn -0.6830 0.2588 0.6830
vn -0.7071 -0.0000 0.7071
vn -0.6104 -0.5047 0.6104
vn -0.5000 -0.7071 0.5000
vn -0.1830 -0.9659 0.1830
vn -0.0174 -0.9997 0.0174
vn 0.1363 -0.9813 -0.1363
vn 0.5000 -0.7071 -0.5000
vn 0.6142 -0.4954 -0.6142
vn 0.6088 -0.0000 -0.7934
vn 0.5288 0.4954 -0.6892
vn 0.4305 0.7071 -0.5610
vn 0.1576 0.9659 -0.2053
vn -0.1576 0.9659 0.2053
vn -0.2694 0.8968 0.3511
vn -0.3781 0.7837 0.4928
vn -0.5880 0.2588 0.7663
vn -0.6088 -0.0000 0.7934
vn -0.5255 -0.5047 0.6849
vn -0.4305 -0.7071 0.5610
vn -0.1576 -0.9659 0.2053
vn -0.0149 -0.9997 0.0195
vn 0.1173 -0.9813 -0.1529
vn 0.4305 -0.7071 -0.5610
vn 0.5288 -0.4954 -0.6892
vn 0.5000 -0.0000 -0.8660
vn 0.4343 0.4954 -0.7523
vn 0.3536 0.7071 -0.6124
vn 0.1294 0.9659 -0.2241
vn -0.1294 0.9659 0.2241
vn -0.2213 0.8968 0.3832
vn -0.3106 0.7837 0.5379
vn -0.4830 0.2588 0.8365
vn -0.5000 -0.0000 0.8660
vn -0.4316 -0.5047 0.7476
vn -0.3536 -0.7071 0.6124
vn -0.1294 -0.9659 0.2241
vn -0.0123 -0.9997 0.0213
vn 0.0963 -0.9813 -0.1669
vn 0.3536 -0.7071 -0.6124
vn 0.4343 -0.4954 -0.7523
vn 0.3827 -0.0000 -0.9239
vn 0.3324 0.4954 -0.8025
vn 0.2706 0.7071 -0.6533
vn 0.0990 0.9659 -0.2391
vn -0.0990 0.9659 0.2391
vn -0.1693 0.8968 0.4088
vn -0.2377 0.7837 0.5738
vn -0.3696 0.2588 0.8924
vn -0.3827 -0.0000 0.9239
vn -0.3304 -0.5047 0.7976
vn -0.2706 -0.7071 0.6533
vn -0.0990 -0.9659 0.2391
vn -0.0094 -0.9997 0.0227
vn 0.0737 -0.9813 -0.1780
vn 0.2706 -0.7071 -0.6533
vn 0.3324 -0.4954 -0.8025
vn 0.2588 -0.0000 -0.9659
vn 0.2248 0.4954 -0.8391
vn 0.1830 0.7071 -0.6830
vn 0.0670 0.9659 -0.2500
vn -0.0670 0.9659 0.2500
vn -0.1145 0.8968 0.4274
vn -0.1608 0.7837 0.6000
vn -0.2500 0.2588 0.9330
vn -0.2588 -0.0000 0.9659
vn -0.2234 -0.5047 0.8339
vn -0.1830 -0.7071 0.6830
vn -0.0670 -0.9659 0.2500
vn -0.0064 -0.9997 0.0237
vn 0.0499 -0.9813 -0.1861
vn 0.1830 -0.7071 -0.6830
vn 0.2248 -0.4954 -0.8391
vn 0.1305 -0.0000 -0.9914
vn 0.1134 0.4954 -0.8612
vn 0.0923 0.7071 -0.7011
vn 0.0338 0.9659 -0.2566
vn -0.0338 0.9659 0.2566
vn -0.0578 0.8968 0.4387
vn -0.0811 0.7837 0.6158
vn -0.1261 0.2588 0.9577
vn -0.1305 -0.0000 0.9914
vn -0.1127 -0.5047 0.8559
vn -0.0923 -0.7071 0.7011
vn -0.0338 -0.9659 0.2566
vn -0.0032 -0.9997 0.0243
vn 0.0252 -0.9813 -0.1910
vn 0.0923 -0.7071 -0.7011
vn 0.1134 -0.4954 -0.8612
vn -0.0000 -0.0000 -1.0000
vn -0.0000 0.4954 -0.8687
vn -0.0000 0.7071 -0.7071
vn -0.0000 0.9659 -0.2588
vn -0.0000 0.9659 0.2588
vn -0.0000 0.8968 0.4425
vn -0.0000 0.7837 0.6211
vn -0.0000 0.2588 0.9659
vn -0.0000 -0.0000 1.0000
vn -0.0000 -0.5047 0.8633
vn -0.0000 -0.7071 0.7071
vn -0.0000 -0.9659 0.2588
vn -0.0000 -0.9997 0.0245
vn -0.0000 -0.9813 -0.1927
vn -0.0000 -0.7071 -0.7071
vn -0.0000 -0.4954 -0.8687
vn -0.1305 -0.0000 -0.9914
vn -0.1134 0.4954 -0.8612
vn -0.0923 0.7071 -0.7011
vn -0.0338 0.9659 -0.2566
vn 0.0338 0.9659 0.2566
vn 0.0578 0.8968 0.4387
vn 0.0811 0.7837 0.6158
vn 0.1261 0.2588 0.9577
vn 0.1305 -0.0000 0.9914
vn 0.1127 -0.5047 0.8559
vn 0.0923 -0.7071 0.7011
vn 0.0338 -0.9659 0.2566
vn 0.0032 -0.9997 0.0243
vn -0.0252 -0.9813 -0.1910
vn -0.0923 -0.7071 -0.7011
vn -0.1134 -0.4954 -0.8612
vn -0.2588 -0.0000 -0.9659
vn -0.2248 0.4954 -0.8391
vn -0.1830 0.7071 -0.6830
vn -0.0670 0.9659 -0.2500
vn 0.0670 0.9659 0.2500
vn 0.1145 0.8968 0.4274
vn 0.1608 0.7837 0.6000
vn 0.2500 0.2588 0.9330
vn 0.2588 -0.0000 0.9659
vn 0.2234 -0.5047 0.8339
vn 0.1830 -0.7071 0.6830
vn 0.0670 -0.9659 0.2500
vn 0.0064 -0.9997 0.0237
vn -0.0499 -0.9813 -0.1861
vn -0.1830 -0.7071 -0.6830
vn -0.2248 -0.4954 -0.8391
vn -0.3827 -0.0000 -0.9239
vn -0.3324 0.4954 -0.8025
vn -0.2706 0.7071 -0.6533
vn -0.0990 0.9659 -0.2391
vn 0.0990 0.9659 0.2391
vn 0.1693 0.8968 0.4088
vn 0.2377 0.7837 0.5738
vn 0.3696 0.2588 0.8924
vn 0.3827 -0.0000 0.9239
vn 0.3304 -0.5047 0.7976
vn 0.2706 -0.7071 0.6533
vn 0.0990 -0.9659 0.2391
vn 0.0094 -0.9997 0.0227
vn -0.0737 -0.9813 -0.1780
vn -0.2706 -0.7071 -0.6533
vn -0.3324 -0.4954 -0.8025
vn -0.5000 -0.0000 -0.8660
vn -0.4343 0.4954 -0.7523
vn -0.3536 0.7071 -0.6124
vn -0.1294 0.9659 -0.2241
vn 0.1294 0.9659 0.2241
vn 0.2213 0.8968 0.3832
vn 0.3106 0.7837 0.5379
vn 0.4830 0.2588 0.8365
vn 0.5000 -0.0000 0.8660
vn 0.4316 -0.5047 0.7476
vn 0.3536 -0.7071 0.6124
vn 0.1294 -0.9659 0.2241
vn 0.0123 -0.9997 0.0213
vn -0.0963 -0.9813 -0.1669
vn -0.3536 -0.7071 -0.6124
vn -0.4343 -0.4954 -0.7523
vn -0.6088 -0.0000 -0.7934
vn -0.5288 0.4954 -0.6892
vn -0.4305 0.7071 -0.5610
vn -0.1576 0.9659 -0.2053
vn 0.1576 0.9659 0.2053
vn 0.2694 0.8968 0.3511
vn 0.3781 0.7837 0.4928
vn 0.5880 0.2588 0.7663
vn 0.6088 -0.0000 0.7934
vn 0.5255 -0.5047 0.6849
vn 0.4305 -0.7071 0.5610
vn 0.1576 -0.9659 0.2053
vn 0.0149 -0.9997 0.0195
vn -0.1173 -0.9813 -0.1529
vn -0.4305 -0.7071 -0.5610
vn -0.5288 -0.4954 -0.6892
vn -0.7071 -0.0000 -0.7071
vn -0.6142 0.4954 -0.6142
vn -0.5000 0.7071 -0.5000
vn -0.1830 0.9659 -0.1830
vn 0.1830 0.9659 0.1830
vn 0.3129 0.8968 0.3129
vn 0.4392 0.7837 0.4392
vn 0.6830 0.2588 0.6830
vn 0.7071 -0.0000 0.7071
vn 0.6104 -0.5047 0.6104
vn 0.5000 -0.7071 0.5000
vn 0.1830 -0.9659 0.1830
vn 0.0174 -0.9997 0.0174
vn -0.1363 -0.9813 -0.1363
vn -0.5000 -0.7071 -0.5000
vn -0.6142 -0.4954 -0.6142
vn -0.7934 -0.0000 -0.6088
vn -0.6892 0.4954 -0.5288
vn -0.5610 0.7071 -0.4305
vn -0.2053 0.9659 -0.1576
vn 0.2053 0.9659 0.1576
vn 0.3511 0.8968 0.2694
vn 0.4928 0.7837 0.3781
vn 0.7663 0.2588 0.5880
vn 0.7934 -0.0000 0.6088
vn 0.6849 -0.5047 0.5255
vn 0.5610 -0.7071 0.4305
vn 0.2053 -0.9659 0.1576
vn 0.0195 -0.9997 0.0149
vn -0.1529 -0.9813 -0.1173
vn -0.5610 -0.7071 -0.4305
vn -0.6892 -0.4954 -0.5288
vn -0.8660 -0.0000 -0.5000
vn -0.7523 0.4954 -0.4343
vn -0.6124 0.7071 -0.3536
vn -0.2241 0.9659 -0.1294
vn 0.2241 0.9659 0.1294
vn 0.3832 0.8968 0.2213
vn 0.5379 0.7837 0.3106
vn 0.8365 0.2588 0.4830
vn 0.8660 -0.0000 0.5000
vn 0.7476 -0.5047 0.4316
vn 0.6124 -0.7071 0.3536
vn 0.2241 -0.9659 0.1294
vn 0.0213 -0.9997 0.0123
vn -0.1669 -0.9813 -0.0963
vn -0.6124 -0.7071 -0.3536
vn -0.7523 -0.4954 -0.4343
vn -0.9239 -0.0000 -0.3827
vn -0.8025 0.4954 -0.3324
vn -0.6533 0.7071 -0.2706
vn -0.2391 0.9659 -0.0990
vn 0.2391 0.9659 0.0990
vn 0.4088 0.8968 0.1693
vn 0.5738 0.7837 0.2377
vn 0.8924 0.2588 0.3696
vn 0.9239 -0.0000 0.3827
vn 0.7976 -0.5047 0.3304
vn 0.6533 -0.7071 0.2706
vn 0.2391 -0.9659 0.0990
vn 0.0227 -0.9997 0.0094
vn -0.1780 -0.9813 -0.0737
vn -0.6533 -0.7071 -0.2706
vn -0.8025 -0.4954 -0.3324
vn -0.9659 -0.0000 -0.2588
vn -0.8391 0.4954 -0.2248
vn -0.6830 0.7071 -0.1830
vn -0.2500 0.9659 -0.0670
vn 0.2500 0.9659 0.0670
vn 0.4274 0.8968 0.1145
vn 0.6000 0.7837 0.1608
vn 0.9330 0.2588 0.2500
vn 0.9659 -0.0000 0.2588
vn 0.8339 -0.5047 0.2234
vn 0.6830 -0.7071 0.1830
vn 0.2500 -0.9659 0.0670
vn 0.0237 -0.9997 0.0064
vn -0.1861 -0.9813 -0.0499
vn -0.6830 -0.7071 -0.1830
vn -0.8391 -0.4954 -0.2248
vn -0.9914 -0.0000 -0.1305
vn -0.8612 0.4954 -0.1134
vn -0.7011 0.7071 -0.0923
vn -0.2566 0.9659 -0.0338
vn 0.2566 0.9659 0.0338
vn 0.4387 0.8968 0.0578
vn 0.6158 0.7837 0.0811
vn 0.9577 0.2588 0.1261
vn 0.9914 -0.0000 0.1305
vn 0.8559 -0.5047 0.1127
vn 0.7011 -0.7071 0.0923
vn 0.2566 -0.9659 0.0338
vn 0.0243 -0.9997 0.0032
vn -0.1910 -0.9813 -0.0252
vn -0.7011 -0.7071 -0.0923
vn -0.8612 -0.4954 -0.1134
vn -0.8687 0.4954 -0.0000
vn -0.7071 0.7071 -0.0000
vn 0.4425 0.8968 -0.0000
vn 0.6211 0.7837 -0.0000
vn 0.9659 0.2588 -0.0000
vn 0.8633 -0.5047 -0.0000
vn 0.2588 -0.9659 -0.0000
vn 0.0245 -0.9997 -0.0000
vn -0.1927 -0.9813 -0.0000
vn -0.8687 -0.4954 -0.0000
vn -0.8612 0.4954 0.1134
vn -0.7011 0.7071 0.0923
vn 0.4387 0.8968 -0.0578
vn 0.6158 0.7837 -0.0811
vn 0.9577 0.2588 -0.1261
vn 0.8559 -0.5047 -0.1127
vn 0.2566 -0.9659 -0.0338
vn 0.0243 -0.9997 -0.0032
vn -0.1910 -0.9813 0.0252
vn -0.8612 -0.4954 0.1134
vn -0.8391 0.4954 0.2248
vn -0.6830 0.7071 0.1830
vn 0.4274 0.8968 -0.1145
vn 0.6000 0.7837 -0.1608
vn 0.9330 0.2588 -0.2500
vn 0.8339 -0.5047 -0.2234
vn 0.2500 -0.9659 -0.0670
vn 0.0237 -0.9997 -0.0064
vn -0.1861 -0.9813 0.0499
vn -0.8391 -0.4954 0.2248
vn -0.8025 0.4954 0.3324
vn -0.6533 0.7071 0.2706
vn 0.4088 0.8968 -0.1693
vn 0.5738 0.7837 -0.2377
vn 0.8924 0.2588 -0.3696
vn 0.7976 -0.5047 -0.3304
vn 0.2391 -0.9659 -0.0990
vn 0.0227 -0.9997 -0.0094
vn -0.1780 -0.9813 0.0737
vn -0.8025 -0.4954 0.3324
vn -0.7523 0.4954 0.4343
vn -0.6124 0.7071 0.3536
vn 0.3832 0.8968 -0.2213
vn 0.5379 0.7837 -0.3106
vn 0.8365 0.2588 -0.4830
vn 0.7476 -0.5047 -0.4316
vn 0.2241 -0.9659 -0.1294
vn 0.0213 -0.9997 -0.0123
vn -0.1669 -0.9813 0.0963
vn -0.7523 -0.4954 0.4343
vn -0.6892 0.4954 0.5288
vn -0.5610 0.7071 0.4305
vn 0.3511 0.8968 -0.2694
vn 0.4928 0.7837 -0.3781
vn 0.7663 0.2588 -0.5880
vn 0.6849 -0.5047 -0.5255
vn 0.2053 -0.9659 -0.1576
vn 0.0195 -0.9997 -0.0149
vn -0.1529 -0.9813 0.1173
vn -0.6892 -0.4954 0.5288
vn -0.6142 0.4954 0.6142
vn -0.5000 0.7071 0.5000
vn 0.3129 0.8968 -0.3129
vn 0.4392 0.7837 -0.4392
vn 0.6830 0.2588 -0.6830
vn 0.6104 -0.5047 -0.6104
vn 0.1830 -0.9659 -0.1830
vn 0.0174 -0.9997 -0.0174
vn -0.1363 -0.9813 0.1363
vn -0.6142 -0.4954 0.6142
vn -0.5288 0.4954 0.6892
vn -0.4305 0.7071 0.5610
vn 0.2694 0.8968 -0.3511
vn 0.3781 0.7837 -0.4928
vn 0.5880 0.2588 -0.7663
vn 0.5255 -0.5047 -0.6849
vn 0.1576 -0.9659 -0.2053
vn 0.0149 -0.9997 -0.0195
vn -0.1173 -0.9813 0.1529
vn -0.5288 -0.4954 0.6892
vn -0.4343 0.4954 0.7523
vn -0.3536 0.7071 0.6124
vn 0.2213 0.8968 -0.3832
vn 0.3106 0.7837 -0.5379
vn 0.4830 0.2588 -0.8365
vn 0.4316 -0.5047 -0.7476
vn 0.1294 -0.9659 -0.2241
vn 0.0123 -0.9997 -0.0213
vn -0.0963 -0.9813 0.1669
vn -0.4343 -0.4954 0.7523
vn -0.3324 0.4954 0.8025
vn -0.2706 0.7071 0.6533
vn 0.1693 0.8968 -0.4088
vn 0.2377 0.7837 -0.5738
vn 0.3696 0.2588 -0.8924
vn 0.3304 -0.5047 -0.7976
vn 0.0990 -0.9659 -0.2391
vn 0.0094 -0.9997 -0.0227
vn -0.0737 -0.9813 0.1780
vn -0.3324 -0.4954 0.8025
vn -0.2248 0.4954 0.8391
vn -0.1830 0.7071 0.6830
vn 0.1145 0.8968 -0.4274
vn 0.1608 0.7837 -0.6000
vn 0.2500 0.2588 -0.9330
vn 0.2234 -0.5047 -0.8339
vn 0.0670 -0.9659 -0.2500
vn 0.0064 -0.9997 -0.0237
vn -0.0499 -0.9813 0.1861
vn -0.2248 -0.4954 0.8391
vn -0.1134 0.4954 0.8612
vn -0.0923 0.7071 0.7011
vn 0.0578 0.8968 -0.4387
vn 0.0811 0.7837 -0.6158
vn 0.1261 0.2588 -0.9577
vn 0.1127 -0.5047 -0.8559
vn 0.0338 -0.9659 -0.2566
vn 0.0032 -0.9997 -0.0243
vn -0.0252 -0.9813 0.1910
vn -0.1134 -0.4954 0.8612
vn -0.0000 0.4954 0.8687
vn -0.0000 0.7071 0.7071
vn -0.0000 0.8968 -0.4425
vn -0.0000 0.7837 -0.6211
vn -0.0000 0.2588 -0.9659
vn -0.0000 -0.5047 -0.8633
vn -0.0000 -0.9659 -0.2588
vn -0.0000 -0.9997 -0.0245
vn -0.0000 -0.9813 0.1927
vn -0.0000 -0.4954 0.8687
vn 0.1134 0.4954 0.8612
vn 0.0923 0.7071 0.7011
vn -0.0578 0.8968 -0.4387
vn -0.0811 0.7837 -0.6158
vn -0.1261 0.2588 -0.9577
vn -0.1127 -0.5047 -0.8559
vn -0.0338 -0.9659 -0.2566
vn -0.0032 -0.9997 -0.0243
vn 0.0252 -0.9813 0.1910
vn 0.1134 -0.4954 0.8612
vn 0.2248 0.4954 0.8391
vn 0.1830 0.7071 0.6830
vn -0.1145 0.8968 -0.4274
vn -0.1608 0.7837 -0.6000
vn -0.2500 0.2588 -0.9330
vn -0.2234 -0.5047 -0.8339
vn -0.0670 -0.9659 -0.2500
vn -0.0064 -0.9997 -0.0237
vn 0.0499 -0.9813 0.1861
vn 0.2248 -0.4954 0.8391
vn 0.3324 0.4954 0.8025
vn 0.2706 0.7071 0.6533
vn -0.1693 0.8968 -0.4088
vn -0.2377 0.7837 -0.5738
vn -0.3696 0.2588 -0.8924
vn -0.3304 -0.5047 -0.7976
vn -0.0990 -0.9659 -0.2391
vn -0.0094 -0.9997 -0.0227
vn 0.0737 -0.9813 0.1780
vn 0.3324 -0.4954 0.8025
vn 0.4343 0.4954 0.7523
vn 0.3536 0.7071 0.6124
vn -0.2213 0.8968 -0.3832
vn -0.3106 0.7837 -0.5379
vn -0.4830 0.2588 -0.8365
vn -0.4316 -0.5047 -0.7476
vn -0.1294 -0.9659 -0.2241
vn -0.0123 -0.9997 -0.0213
vn 0.0963 -0.9813 0.1669
vn 0.4343 -0.4954 0.7523
vn 0.5288 0.4954 0.6892
vn 0.4305 0.7071 0.5610
vn -0.2694 0.8968 -0.3511
vn -0.3781 0.7837 -0.4928
vn -0.5880 0.2588 -0.7663
vn -0.5255 -0.5047 -0.6849
vn -0.1576 -0.9659 -0.2053
vn -0.0149 -0.9997 -0.0195
vn 0.1173 -0.9813 0.1529
vn 0.5288 -0.4954 0.6892
vn 0.6142 0.4954 0.6142
vn 0.5000 0.7071 0.5000
vn -0.3129 0.8968 -0.3129
vn -0.4392 0.7837 -0.4392
vn -0.6830 0.2588 -0.6830
vn -0.6104 -0.5047 -0.6104
vn -0.1830 -0.9659 -0.1830
vn -0.0174 -0.9997 -0.0174
vn 0.1363 -0.9813 0.1363
vn 0.6142 -0.4954 0.6142
vn 0.6892 0.4954 0.5288
vn 0.5610 0.7071 0.4305
vn -0.3511 0.8968 -0.2694
vn -0.4928 0.7837 -0.3781
vn -0.7663 0.2588 -0.5880
vn -0.6849 -0.5047 -0.5255
vn -0.2053 -0.9659 -0.1576
vn -0.0195 -0.9997 -0.0149
vn 0.1529 -0.9813 0.1173
vn 0.6892 -0.4954 0.5288
vn 0.7523 0.4954 0.4343
vn 0.6124 0.7071 0.3536
vn -0.3832 0.8968 -0.2213
vn -0.5379 0.7837 -0.3106
vn -0.8365 0.2588 -0.4830
vn -0.7476 -0.5047 -0.4316
vn -0.2241 -0.9659 -0.1294
vn -0.0213 -0.9997 -0.0123
vn 0.1669 -0.9813 0.0963
vn 0.7523 -0.4954 0.4343
vn 0.8025 0.4954 0.3324
vn 0.6533 0.7071 0.2706
vn -0.4088 0.8968 -0.1693
vn -0.5738 0.7837 -0.2377
vn -0.8924 0.2588 -0.3696
vn -0.7976 -0.5047 -0.3304
vn -0.2391 -0.9659 -0.0990
vn -0.0227 -0.9997 -0.0094
vn 0.1780 -0.9813 0.0737
vn 0.8025 -0.4954 0.3324
vn 0.8391 0.4954 0.2248
vn 0.6830 0.7071 0.1830
vn -0.4274 0.8968 -0.1145
vn -0.6000 0.7837 -0.1608
vn -0.9330 0.2588 -0.2500
vn -0.8339 -0.5047 -0.2234
vn -0.2500 -0.9659 -0.0670
vn -0.0237 -0.9997 -0.0064
vn 0.1861 -0.9813 0.0499
vn 0.8391 -0.4954 0.2248
vn 0.8612 0.4954 0.1134
vn 0.7011 0.7071 0.0923
vn -0.4387 0.8968 -0.0578
vn -0.6158 0.7837 -0.0811
vn -0.9577 0.2588 -0.1261
vn -0.8559 -0.5047 -0.1127
vn -0.2566 -0.9659 -0.0338
vn -0.0243 -0.9997 -0.0032
vn 0.1910 -0.9813 0.0252
vn 0.8612 -0.4954 0.1134
vn -0.0000 1.0000 -0.0000
vn 0.7166 -0.6312 -0.2968
vn 0.6449 -0.6312 -0.4309
vn 0.1951 -0.0000 -0.9808
vn 0.5556 -0.0000 0.8315
vn -0.8315 -0.0000 -0.5556
vn -0.9808 -0.0000 -0.1951
vn 0.8315 -0.0000 0.5556
vn -0.9808 -0.0000 0.1951
vn 0.9808 -0.0000 0.1951
vn -0.8315 -0.0000 0.5556
vn 0.9808 -0.0000 -0.1951
vn -0.5556 -0.0000 0.8315
vn 0.8315 -0.0000 -0.5556
vn -0.1951 -0.0000 -0.9808
vn -0.1951 -0.0000 0.9808
vn 0.5556 -0.0000 -0.8315
vn -0.5556 -0.0000 -0.8315
vn 0.1951 -0.0000 0.9808
vn -0.3732 0.2217 -0.9009
vn -0.5417 0.2217 -0.8108
vn -0.4309 -0.6312 0.6449
vn -0.2968 -0.6312 0.7166
vn -0.0000 -0.6312 -0.7756
vn -0.1513 -0.6312 -0.7607
vn 0.5484 -0.6312 -0.5484
vn -0.1513 -0.6312 0.7607
vn -0.2968 -0.6312 -0.7166
vn 0.4309 -0.6312 -0.6449
vn -0.0000 -0.6312 0.7756
vn -0.4309 -0.6312 -0.6449
vn 0.2968 -0.6312 -0.7166
vn 0.1513 -0.6312 0.7607
vn -0.5484 -0.6312 -0.5484
vn 0.1513 -0.6312 -0.7607
vn 0.2968 -0.6312 0.7166
vn -0.6449 -0.6312 -0.4309
vn 0.4309 -0.6312 0.6449
vn -0.7166 -0.6312 -0.2968
vn 0.5484 -0.6312 0.5484
vn -0.7607 -0.6312 -0.1513
vn 0.6449 -0.6312 0.4309
vn -0.7756 -0.6312 -0.0000
vn 0.7166 -0.6312 0.2968
vn -0.7607 -0.6312 0.1513
vn 0.7607 -0.6312 0.1513
vn -0.7166 -0.6312 0.2968
vn 0.7756 -0.6312 -0.0000
vn -0.6449 -0.6312 0.4309
vn 0.7607 -0.6312 -0.1513
vn -0.5484 -0.6312 0.5484
vn -0.8108 0.2217 -0.5417
vn -0.7519 0.4269 -0.5024
vn -0.8355 0.4269 -0.3461
vn -0.9009 0.2217 -0.3732
vn 0.5417 0.2217 -0.8108
vn 0.3732 0.2217 -0.9009
vn -0.0000 0.2217 0.9751
vn 0.1902 0.2217 0.9564
vn -0.6895 0.2217 -0.6895
vn 0.1902 0.2217 -0.9564
vn 0.3732 0.2217 0.9009
vn -0.0000 0.2217 -0.9751
vn 0.5417 0.2217 0.8108
vn 0.6895 0.2217 0.6895
vn -0.9564 0.2217 -0.1902
vn 0.8108 0.2217 0.5417
vn -0.9751 0.2217 -0.0000
vn 0.9009 0.2217 0.3732
vn -0.9564 0.2217 0.1902
vn 0.9564 0.2217 0.1902
vn -0.9009 0.2217 0.3732
vn 0.9751 0.2217 -0.0000
vn -0.8108 0.2217 0.5417
vn 0.9564 0.2217 -0.1902
vn -0.6895 0.2217 0.6895
vn 0.9009 0.2217 -0.3732
vn -0.5417 0.2217 0.8108
vn 0.8108 0.2217 -0.5417
vn -0.3732 0.2217 0.9009
vn -0.1902 0.2217 -0.9564
vn 0.6895 0.2217 -0.6895
vn -0.1902 0.2217 0.9564
vn -0.0000 -1.0000 -0.0000
vn 0.5024 0.4269 0.7519
vn 0.6394 0.4269 0.6394
vn -0.8869 0.4269 -0.1764
vn 0.7519 0.4269 0.5024
vn -0.9043 0.4269 -0.0000
vn 0.8355 0.4269 0.3461
vn -0.8869 0.4269 0.1764
vn 0.8869 0.4269 0.1764
vn -0.8355 0.4269 0.3461
vn 0.9043 0.4269 -0.0000
vn -0.7519 0.4269 0.5024
vn 0.8869 0.4269 -0.1764
vn -0.6394 0.4269 0.6394
vn 0.8355 0.4269 -0.3461
vn -0.5024 0.4269 0.7519
vn 0.7519 0.4269 -0.5024
vn -0.3461 0.4269 0.8355
vn -0.0000 0.4269 -0.9043
vn -0.1764 0.4269 -0.8869
vn 0.6394 0.4269 -0.6394
vn -0.1764 0.4269 0.8869
vn -0.3461 0.4269 -0.8355
vn 0.5024 0.4269 -0.7519
vn -0.0000 0.4269 0.9043
vn -0.5024 0.4269 -0.7519
vn 0.3461 0.4269 -0.8355
vn 0.1764 0.4269 0.8869
vn -0.6394 0.4269 -0.6394
vn 0.1764 0.4269 -0.8869
vn 0.3461 0.4269 0.8355
vt 0.023763 0.951970
vt 0.023358 0.924835
vt 0.046543 0.922522
vt 0.046938 0.948931
vt 0.863317 0.110109
vt 0.876279 0.136395
vt 0.860708 0.142844
vt 0.848721 0.118536
vt 0.839439 0.151654
vt 0.828783 0.130047
vt 0.818169 0.160464
vt 0.808846 0.141558
vt 0.775606 0.178094
vt 0.768948 0.164593
vt 0.127919 0.825958
vt 0.127664 0.813523
vt 0.146147 0.811027
vt 0.146391 0.822932
vt 0.164369 0.813533
vt 0.164624 0.825969
vt 0.127883 0.287511
vt 0.137047 0.299454
vt 0.126941 0.308316
vt 0.116707 0.294978
vt 0.113137 0.320422
vt 0.101440 0.305179
vt 0.067792 0.360189
vt 0.051293 0.338687
vt 0.055121 0.371301
vt 0.037280 0.348050
vt 0.000915 0.948944
vt 0.000520 0.922536
vt 0.023063 0.896227
vt 0.046256 0.894681
vt 0.885700 0.164147
vt 0.869420 0.168509
vt 0.847183 0.174467
vt 0.824945 0.180426
vt 0.780445 0.192349
vt 0.127461 0.800086
vt 0.145952 0.798165
vt 0.164166 0.800097
vt 0.147692 0.310099
vt 0.138829 0.320204
vt 0.126723 0.334009
vt 0.086957 0.379353
vt 0.075845 0.392024
vt 0.000233 0.894694
vt 0.022883 0.866636
vt 0.046081 0.865883
vt 0.063436 0.863839
vt 0.063597 0.890471
vt 0.874708 0.195091
vt 0.851883 0.198096
vt 0.829058 0.201101
vt 0.783382 0.207114
vt 0.127314 0.785878
vt 0.145811 0.784564
vt 0.164019 0.785889
vt 0.159635 0.319263
vt 0.152167 0.330439
vt 0.141967 0.345705
vt 0.108459 0.395853
vt 0.099096 0.409866
vt 0.000058 0.865896
vt 0.022823 0.836568
vt 0.046023 0.836621
vt 0.063382 0.836778
vt 0.876481 0.222136
vt 0.853458 0.222136
vt 0.830436 0.222136
vt 0.784367 0.222136
vt 0.127224 0.771142
vt 0.145726 0.770459
vt 0.163929 0.771153
vt 0.172672 0.326790
vt 0.166727 0.338845
vt 0.158606 0.355312
vt 0.131931 0.409404
vt 0.124477 0.424519
vt 0.000000 0.836634
vt 0.022883 0.806539
vt 0.046081 0.807396
vt 0.063436 0.809751
vt 0.874708 0.249181
vt 0.851883 0.246176
vt 0.829058 0.243171
vt 0.783382 0.237157
vt 0.127194 0.756131
vt 0.145697 0.756089
vt 0.163899 0.756142
vt 0.186580 0.332551
vt 0.182259 0.345278
vt 0.176357 0.362665
vt 0.156971 0.419776
vt 0.151553 0.435735
vt 0.000058 0.807410
vt 0.023063 0.777061
vt 0.046256 0.778708
vt 0.063597 0.783221
vt 0.869420 0.275763
vt 0.847183 0.269804
vt 0.824945 0.263846
vt 0.780445 0.251922
vt 0.127224 0.741100
vt 0.145726 0.741701
vt 0.163929 0.741111
vt 0.201121 0.336447
vt 0.198499 0.349630
vt 0.194917 0.367638
vt 0.183150 0.426791
vt 0.179862 0.443320
vt 0.000233 0.778722
vt 0.023358 0.748639
vt 0.046543 0.751048
vt 0.885700 0.280125
vt 0.876279 0.307877
vt 0.860709 0.301427
vt 0.839439 0.292617
vt 0.818169 0.283807
vt 0.775606 0.266177
vt 0.127314 0.726308
vt 0.145811 0.727541
vt 0.164019 0.726319
vt 0.216046 0.338412
vt 0.215167 0.351824
vt 0.213966 0.370146
vt 0.210021 0.430328
vt 0.208919 0.447146
vt 0.000520 0.751061
vt 0.023763 0.721760
vt 0.046938 0.724888
vt 0.863317 0.334162
vt 0.848721 0.325735
vt 0.828783 0.314224
vt 0.808846 0.302713
vt 0.768948 0.279678
vt 0.127461 0.712007
vt 0.145952 0.713852
vt 0.164166 0.712018
vt 0.231100 0.338412
vt 0.231979 0.351824
vt 0.233180 0.370146
vt 0.237124 0.430328
vt 0.238227 0.447146
vt 0.000915 0.724902
vt 0.024273 0.696882
vt 0.047434 0.700678
vt 0.847034 0.358530
vt 0.833664 0.348271
vt 0.815399 0.334256
vt 0.797134 0.320241
vt 0.760585 0.292195
vt 0.127664 0.698443
vt 0.146147 0.700867
vt 0.164369 0.698453
vt 0.246025 0.336447
vt 0.248647 0.349630
vt 0.252229 0.367638
vt 0.263995 0.426791
vt 0.267283 0.443320
vt 0.001411 0.700691
vt 0.024879 0.674433
vt 0.048023 0.678830
vt 0.827711 0.380565
vt 0.815793 0.368648
vt 0.799514 0.352369
vt 0.783235 0.336089
vt 0.750659 0.303513
vt 0.127919 0.685846
vt 0.146391 0.688809
vt 0.164624 0.685857
vt 0.260566 0.332551
vt 0.264886 0.345278
vt 0.270788 0.362665
vt 0.290175 0.419776
vt 0.295592 0.435735
vt 0.002000 0.678843
vt 0.955143 0.764121
vt 0.954538 0.741290
vt 0.977699 0.737575
vt 0.978287 0.759794
vt 0.805676 0.399889
vt 0.795416 0.386518
vt 0.781401 0.368253
vt 0.767386 0.349989
vt 0.739341 0.313439
vt 0.128222 0.674433
vt 0.146680 0.677884
vt 0.164927 0.674444
vt 0.274474 0.326790
vt 0.280419 0.338845
vt 0.288540 0.355312
vt 0.315215 0.409404
vt 0.322669 0.424519
vt 0.932265 0.759808
vt 0.931676 0.737589
vt 0.954028 0.716091
vt 0.977202 0.713052
vt 0.781308 0.416171
vt 0.772881 0.401575
vt 0.761370 0.381638
vt 0.749859 0.361700
vt 0.726824 0.321803
vt 0.448011 0.853336
vt 0.447731 0.842113
vt 0.466208 0.839123
vt 0.466476 0.849866
vt 0.484436 0.842198
vt 0.484716 0.853420
vt 0.287511 0.319263
vt 0.294978 0.330439
vt 0.305179 0.345705
vt 0.338687 0.395853
vt 0.348050 0.409866
vt 0.931179 0.713065
vt 0.953622 0.688956
vt 0.976807 0.686643
vt 0.755023 0.429133
vt 0.748573 0.413563
vt 0.739763 0.392293
vt 0.730953 0.371023
vt 0.713323 0.328461
vt 0.447501 0.829677
vt 0.465988 0.827219
vt 0.484206 0.829761
vt 0.299454 0.310099
vt 0.308316 0.320204
vt 0.320423 0.334009
vt 0.360189 0.379353
vt 0.371301 0.392024
vt 0.930784 0.686657
vt 0.953327 0.660348
vt 0.976520 0.658802
vt 0.727271 0.438554
vt 0.722909 0.422275
vt 0.716950 0.400037
vt 0.710991 0.377799
vt 0.699068 0.333300
vt 0.447325 0.816240
vt 0.465820 0.814356
vt 0.484030 0.816324
vt 0.310099 0.299454
vt 0.320204 0.308316
vt 0.334009 0.320422
vt 0.379353 0.360189
vt 0.392024 0.371301
vt 0.930497 0.658815
vt 0.953148 0.630757
vt 0.976346 0.630004
vt 0.993701 0.627960
vt 0.993862 0.654591
vt 0.696326 0.427562
vt 0.693321 0.404737
vt 0.690316 0.381912
vt 0.684303 0.336237
vt 0.447206 0.802032
vt 0.465706 0.800755
vt 0.483910 0.802116
vt 0.319263 0.287511
vt 0.330439 0.294978
vt 0.345705 0.305179
vt 0.395853 0.338686
vt 0.409866 0.348050
vt 0.930323 0.630017
vt 0.953088 0.600689
vt 0.976287 0.600742
vt 0.993647 0.600899
vt 0.669281 0.429335
vt 0.669281 0.406313
vt 0.669281 0.383291
vt 0.669281 0.337221
vt 0.447146 0.787296
vt 0.465648 0.786649
vt 0.483850 0.787380
vt 0.326790 0.274474
vt 0.338845 0.280419
vt 0.355312 0.288539
vt 0.409404 0.315215
vt 0.424519 0.322669
vt 0.930265 0.600756
vt 0.953148 0.570660
vt 0.976346 0.571517
vt 0.993701 0.573872
vt 0.642237 0.427562
vt 0.645241 0.404737
vt 0.648247 0.381912
vt 0.654260 0.336237
vt 0.447146 0.772284
vt 0.465648 0.772279
vt 0.483850 0.772368
vt 0.332551 0.260566
vt 0.345279 0.264886
vt 0.362665 0.270788
vt 0.419776 0.290175
vt 0.435735 0.295592
vt 0.930323 0.571531
vt 0.953327 0.541182
vt 0.976520 0.542829
vt 0.993862 0.547342
vt 0.615654 0.422275
vt 0.621613 0.400037
vt 0.627571 0.377799
vt 0.639495 0.333300
vt 0.447206 0.757254
vt 0.465706 0.757892
vt 0.483910 0.757338
vt 0.336447 0.246025
vt 0.349630 0.248647
vt 0.367638 0.252229
vt 0.426791 0.263995
vt 0.443320 0.267283
vt 0.930497 0.542842
vt 0.953622 0.512760
vt 0.976807 0.515169
vt 0.611292 0.438554
vt 0.583540 0.429133
vt 0.589990 0.413563
vt 0.598800 0.392293
vt 0.607610 0.371024
vt 0.625240 0.328461
vt 0.447325 0.742462
vt 0.465820 0.743732
vt 0.484030 0.742546
vt 0.338412 0.231100
vt 0.351824 0.231979
vt 0.370146 0.233180
vt 0.430328 0.237124
vt 0.447146 0.238227
vt 0.930784 0.515182
vt 0.954028 0.485881
vt 0.977202 0.489009
vt 0.557255 0.416171
vt 0.565682 0.401576
vt 0.577193 0.381638
vt 0.588704 0.361700
vt 0.611739 0.321803
vt 0.447501 0.728162
vt 0.465988 0.730043
vt 0.484206 0.728246
vt 0.338412 0.216046
vt 0.351824 0.215167
vt 0.370146 0.213966
vt 0.430328 0.210021
vt 0.447146 0.208919
vt 0.931179 0.489023
vt 0.954538 0.461003
vt 0.977699 0.464799
vt 0.532887 0.399889
vt 0.543147 0.386518
vt 0.557162 0.368253
vt 0.571177 0.349989
vt 0.599222 0.313439
vt 0.447731 0.714597
vt 0.466208 0.717058
vt 0.484436 0.714681
vt 0.336447 0.201121
vt 0.349630 0.198499
vt 0.367638 0.194916
vt 0.426791 0.183150
vt 0.443320 0.179862
vt 0.931676 0.464812
vt 0.955143 0.438554
vt 0.978287 0.442951
vt 0.510852 0.380565
vt 0.522769 0.368648
vt 0.539049 0.352369
vt 0.555328 0.336089
vt 0.587904 0.303513
vt 0.448011 0.702001
vt 0.466476 0.705001
vt 0.484716 0.702085
vt 0.332551 0.186580
vt 0.345278 0.182259
vt 0.362665 0.176357
vt 0.419776 0.156971
vt 0.435735 0.151553
vt 0.932265 0.442964
vt 0.923728 -0.000000
vt 0.924418 0.019637
vt 0.901274 0.024034
vt 0.900602 0.004923
vt 0.491529 0.358530
vt 0.504899 0.348271
vt 0.523164 0.334256
vt 0.541429 0.320241
vt 0.577978 0.292195
vt 0.201631 0.674433
vt 0.201934 0.685846
vt 0.183463 0.688809
vt 0.183173 0.677884
vt 0.165229 0.685857
vt 0.164927 0.674444
vt 0.326790 0.172672
vt 0.338845 0.166727
vt 0.355312 0.158606
vt 0.409404 0.131931
vt 0.424519 0.124477
vt 0.946625 0.004937
vt 0.947297 0.024048
vt 0.925023 0.042087
vt 0.901863 0.045882
vt 0.475246 0.334162
vt 0.489842 0.325735
vt 0.509779 0.314224
vt 0.529717 0.302713
vt 0.569615 0.279678
vt 0.202189 0.698443
vt 0.183707 0.700867
vt 0.165484 0.698453
vt 0.319263 0.159635
vt 0.330439 0.152167
vt 0.345705 0.141967
vt 0.395853 0.108459
vt 0.409866 0.099096
vt 0.947885 0.045896
vt 0.925533 0.066964
vt 0.902359 0.070093
vt 0.462284 0.307877
vt 0.477854 0.301427
vt 0.499124 0.292617
vt 0.520394 0.283807
vt 0.562956 0.266177
vt 0.202392 0.712007
vt 0.183901 0.713852
vt 0.165687 0.712018
vt 0.310099 0.147692
vt 0.320204 0.138829
vt 0.334009 0.126723
vt 0.379353 0.086957
vt 0.392024 0.075845
vt 0.948382 0.070106
vt 0.925939 0.093843
vt 0.902754 0.096252
vt 0.452863 0.280125
vt 0.469142 0.275763
vt 0.491380 0.269804
vt 0.513618 0.263846
vt 0.558117 0.251922
vt 0.202539 0.726308
vt 0.184042 0.727541
vt 0.165834 0.726319
vt 0.299454 0.137047
vt 0.308316 0.126941
vt 0.320422 0.113137
vt 0.360189 0.067792
vt 0.371301 0.055121
vt 0.948777 0.096265
vt 0.926234 0.122265
vt 0.903041 0.123912
vt 0.447146 0.251381
vt 0.463855 0.249181
vt 0.486680 0.246176
vt 0.509505 0.243171
vt 0.555181 0.237157
vt 0.202629 0.741100
vt 0.184128 0.741701
vt 0.165924 0.741111
vt 0.287511 0.127883
vt 0.294978 0.116707
vt 0.305179 0.101440
vt 0.338687 0.051293
vt 0.348050 0.037280
vt 0.949064 0.123926
vt 0.926413 0.151743
vt 0.903215 0.152600
vt 0.885861 0.154956
vt 0.885699 0.128425
vt 0.462082 0.222136
vt 0.485104 0.222136
vt 0.508126 0.222136
vt 0.554196 0.222136
vt 0.202659 0.756131
vt 0.184156 0.756089
vt 0.165954 0.756141
vt 0.274474 0.120356
vt 0.280419 0.108301
vt 0.288539 0.091833
vt 0.315215 0.037742
vt 0.322669 0.022626
vt 0.949238 0.152614
vt 0.926473 0.181773
vt 0.903274 0.181825
vt 0.885915 0.181982
vt 0.463855 0.195091
vt 0.486680 0.198096
vt 0.509505 0.201101
vt 0.555181 0.207114
vt 0.202629 0.771142
vt 0.184128 0.770459
vt 0.165924 0.771153
vt 0.260566 0.114595
vt 0.264886 0.101867
vt 0.270788 0.084481
vt 0.290175 0.027370
vt 0.295592 0.011411
vt 0.949297 0.181839
vt 0.926413 0.211840
vt 0.903215 0.211087
vt 0.885861 0.209043
vt 0.469142 0.168509
vt 0.491380 0.174467
vt 0.513618 0.180426
vt 0.558117 0.192350
vt 0.202539 0.785878
vt 0.184042 0.784564
vt 0.165834 0.785889
vt 0.246025 0.110699
vt 0.248647 0.097516
vt 0.252229 0.079508
vt 0.263995 0.020355
vt 0.267283 0.003825
vt 0.949238 0.211101
vt 0.926234 0.241431
vt 0.903041 0.239885
vt 0.885699 0.235675
vt 0.477854 0.142844
vt 0.499124 0.151654
vt 0.520394 0.160465
vt 0.562956 0.178095
vt 0.202392 0.800086
vt 0.183901 0.798165
vt 0.165687 0.800097
vt 0.231100 0.108734
vt 0.231979 0.095321
vt 0.233180 0.077000
vt 0.237124 0.016817
vt 0.238227 0.000000
vt 0.949064 0.239898
vt 0.925939 0.270039
vt 0.902754 0.267727
vt 0.462284 0.136395
vt 0.475246 0.110109
vt 0.489842 0.118536
vt 0.509779 0.130047
vt 0.529717 0.141558
vt 0.569615 0.164593
vt 0.202189 0.813523
vt 0.183707 0.811027
vt 0.165484 0.813533
vt 0.216046 0.108734
vt 0.215167 0.095321
vt 0.213966 0.077000
vt 0.210021 0.016817
vt 0.208919 -0.000000
vt 0.948777 0.267740
vt 0.925533 0.297175
vt 0.902359 0.294135
vt 0.491529 0.085741
vt 0.504899 0.096001
vt 0.523164 0.110016
vt 0.541429 0.124031
vt 0.577978 0.152076
vt 0.201934 0.825958
vt 0.183463 0.822932
vt 0.165229 0.825969
vt 0.201121 0.110699
vt 0.198499 0.097516
vt 0.194917 0.079508
vt 0.183150 0.020355
vt 0.179862 0.003825
vt 0.948382 0.294148
vt 0.925023 0.322373
vt 0.901863 0.318658
vt 0.510852 0.063707
vt 0.522769 0.075624
vt 0.539048 0.091903
vt 0.555328 0.108182
vt 0.587904 0.140758
vt 0.201631 0.837181
vt 0.183173 0.833674
vt 0.164927 0.837191
vt 0.186580 0.114595
vt 0.182259 0.101867
vt 0.176357 0.084481
vt 0.156971 0.027370
vt 0.151554 0.011411
vt 0.947885 0.318672
vt 0.924418 0.345204
vt 0.901274 0.340878
vt 0.532887 0.044383
vt 0.543146 0.057754
vt 0.557161 0.076018
vt 0.571176 0.094283
vt 0.599222 0.130832
vt 0.425032 0.664847
vt 0.425357 0.676260
vt 0.406892 0.679259
vt 0.406580 0.668335
vt 0.388652 0.676344
vt 0.388327 0.664931
vt 0.172672 0.120356
vt 0.166727 0.108301
vt 0.158606 0.091833
vt 0.131931 0.037741
vt 0.124477 0.022626
vt 0.947297 0.340891
vt 0.102316 0.674433
vt 0.102921 0.696882
vt 0.079760 0.700678
vt 0.079172 0.678830
vt 0.557255 0.028101
vt 0.565682 0.042696
vt 0.577193 0.062634
vt 0.588704 0.082572
vt 0.611739 0.122469
vt 0.425637 0.688856
vt 0.407160 0.691317
vt 0.388932 0.688940
vt 0.159635 0.127883
vt 0.152167 0.116707
vt 0.141966 0.101440
vt 0.108459 0.051293
vt 0.099096 0.037280
vt 0.125194 0.678843
vt 0.125783 0.700691
vt 0.103431 0.721760
vt 0.080257 0.724888
vt 0.583540 0.015138
vt 0.589990 0.030709
vt 0.598800 0.051978
vt 0.607610 0.073248
vt 0.625240 0.115811
vt 0.425867 0.702420
vt 0.407380 0.704301
vt 0.389162 0.702504
vt 0.147692 0.137047
vt 0.138829 0.126941
vt 0.126723 0.113137
vt 0.086957 0.067792
vt 0.075845 0.055121
vt 0.126280 0.724902
vt 0.103837 0.748639
vt 0.080652 0.751048
vt 0.611292 0.005718
vt 0.615654 0.021997
vt 0.621613 0.044234
vt 0.627571 0.066472
vt 0.639495 0.110972
vt 0.426043 0.716721
vt 0.407549 0.717991
vt 0.389339 0.716805
vt 0.137047 0.147692
vt 0.126941 0.138829
vt 0.113137 0.126723
vt 0.067792 0.086957
vt 0.055121 0.075845
vt 0.126675 0.751061
vt 0.104132 0.777061
vt 0.080939 0.778708
vt 0.640037 0.000000
vt 0.642237 0.016709
vt 0.645241 0.039534
vt 0.648246 0.062360
vt 0.654260 0.108035
vt 0.426162 0.731513
vt 0.407662 0.732150
vt 0.389458 0.731597
vt 0.127883 0.159635
vt 0.116707 0.152167
vt 0.101440 0.141967
vt 0.051293 0.108459
vt 0.037280 0.099096
vt 0.126962 0.778722
vt 0.104311 0.806539
vt 0.081113 0.807396
vt 0.063758 0.809751
vt 0.063597 0.783221
vt 0.669281 0.014937
vt 0.669281 0.037959
vt 0.669281 0.060981
vt 0.669281 0.107050
vt 0.426222 0.746543
vt 0.407720 0.746538
vt 0.389518 0.746627
vt 0.120356 0.172672
vt 0.108301 0.166727
vt 0.091833 0.158606
vt 0.037742 0.131931
vt 0.022626 0.124477
vt 0.127136 0.807410
vt 0.104371 0.836568
vt 0.081172 0.836621
vt 0.063812 0.836778
vt 0.696326 0.016709
vt 0.693321 0.039534
vt 0.690316 0.062360
vt 0.684303 0.108035
vt 0.426222 0.761554
vt 0.407720 0.760908
vt 0.389518 0.761639
vt 0.114595 0.186580
vt 0.101867 0.182259
vt 0.084481 0.176357
vt 0.027370 0.156971
vt 0.011411 0.151553
vt 0.127194 0.836634
vt 0.104311 0.866636
vt 0.081113 0.865883
vt 0.063758 0.863839
vt 0.722908 0.021997
vt 0.716950 0.044234
vt 0.710991 0.066472
vt 0.699068 0.110972
vt 0.426162 0.776290
vt 0.407663 0.775014
vt 0.389458 0.776374
vt 0.110699 0.201121
vt 0.097516 0.198498
vt 0.079508 0.194916
vt 0.020355 0.183150
vt 0.003825 0.179862
vt 0.127136 0.865896
vt 0.104132 0.896227
vt 0.080939 0.894681
vt 0.063597 0.890471
vt 0.748573 0.030709
vt 0.739763 0.051978
vt 0.730953 0.073248
vt 0.713323 0.115811
vt 0.426043 0.790498
vt 0.407549 0.788615
vt 0.389339 0.790583
vt 0.108734 0.216046
vt 0.095321 0.215167
vt 0.077000 0.213966
vt 0.016817 0.210021
vt -0.000000 0.208919
vt 0.126962 0.894694
vt 0.103837 0.924835
vt 0.080652 0.922522
vt 0.755023 0.015138
vt 0.781308 0.028101
vt 0.772881 0.042696
vt 0.761370 0.062634
vt 0.749859 0.082571
vt 0.726824 0.122469
vt 0.425867 0.803936
vt 0.407380 0.801477
vt 0.389162 0.804020
vt 0.108734 0.231100
vt 0.095321 0.231979
vt 0.077000 0.233180
vt 0.016817 0.237124
vt 0.000000 0.238227
vt 0.126675 0.922536
vt 0.103431 0.951970
vt 0.080257 0.948931
vt 0.805676 0.044383
vt 0.795416 0.057754
vt 0.781401 0.076018
vt 0.767386 0.094283
vt 0.739341 0.130832
vt 0.425637 0.816372
vt 0.407160 0.813382
vt 0.388932 0.816456
vt 0.110699 0.246025
vt 0.097516 0.248647
vt 0.079508 0.252229
vt 0.020355 0.263995
vt 0.003825 0.267283
vt 0.126280 0.948944
vt 0.102921 0.977169
vt 0.079760 0.973454
vt 0.827711 0.063707
vt 0.815793 0.075624
vt 0.799514 0.091903
vt 0.783235 0.108182
vt 0.750659 0.140758
vt 0.425357 0.827595
vt 0.406892 0.824125
vt 0.388652 0.827679
vt 0.114595 0.260566
vt 0.101867 0.264886
vt 0.084481 0.270788
vt 0.027370 0.290175
vt 0.011411 0.295592
vt 0.125783 0.973468
vt 0.024879 1.000000
vt 0.024273 0.977169
vt 0.047434 0.973454
vt 0.048023 0.995673
vt 0.847034 0.085741
vt 0.833664 0.096001
vt 0.815399 0.110016
vt 0.797134 0.124031
vt 0.760585 0.152076
vt 0.425032 0.837412
vt 0.406580 0.833522
vt 0.388327 0.837496
vt 0.120356 0.274474
vt 0.108301 0.280419
vt 0.091833 0.288540
vt 0.037742 0.315215
vt 0.022626 0.322669
vt 0.002000 0.995687
vt 0.001411 0.973468
vt 0.128222 0.837181
vt 0.146680 0.833674
vt 0.164927 0.837191
vt 0.227287 0.545276
vt 0.231470 0.524246
vt 0.239676 0.504436
vt 0.251588 0.486608
vt 0.266750 0.471447
vt 0.284578 0.459534
vt 0.304387 0.451329
vt 0.325417 0.447146
vt 0.346859 0.447146
vt 0.367889 0.451329
vt 0.387698 0.459534
vt 0.405526 0.471446
vt 0.420688 0.486608
vt 0.432600 0.504436
vt 0.440806 0.524246
vt 0.444989 0.545276
vt 0.444989 0.566717
vt 0.440806 0.587747
vt 0.432600 0.607557
vt 0.420688 0.625385
vt 0.405527 0.640546
vt 0.387698 0.652459
vt 0.367889 0.660664
vt 0.346859 0.664847
vt 0.325417 0.664847
vt 0.304388 0.660664
vt 0.284578 0.652459
vt 0.266750 0.640546
vt 0.251588 0.625385
vt 0.239676 0.607557
vt 0.231470 0.587747
vt 0.227287 0.566717
vt 0.868476 0.457786
vt 0.861718 0.526275
vt 0.851484 0.526306
vt 0.847040 0.457850
vt 0.604443 0.438554
vt 0.604485 0.456871
vt 0.586938 0.457287
vt 0.586896 0.438970
vt 0.712573 0.439469
vt 0.712531 0.457786
vt 0.691410 0.457850
vt 0.691452 0.439533
vt 0.483804 0.439279
vt 0.483846 0.457595
vt 0.465746 0.457287
vt 0.465704 0.438970
vt 0.669974 0.457786
vt 0.670016 0.439469
vt 0.450237 0.456871
vt 0.450195 0.438554
vt 0.649047 0.457595
vt 0.649089 0.439279
vt 0.385277 0.664847
vt 0.385235 0.683164
vt 0.369726 0.683580
vt 0.369768 0.665263
vt 0.629433 0.457287
vt 0.629475 0.438970
vt 0.351627 0.683889
vt 0.351669 0.665572
vt 0.611885 0.456871
vt 0.611927 0.438554
vt 0.331633 0.684079
vt 0.331675 0.665762
vt 0.926523 0.438554
vt 0.926565 0.456871
vt 0.909017 0.457287
vt 0.908975 0.438970
vt 0.310512 0.684143
vt 0.310554 0.665826
vt 0.889403 0.457595
vt 0.889361 0.439279
vt 0.289076 0.684079
vt 0.289118 0.665762
vt 0.868434 0.439469
vt 0.268149 0.683889
vt 0.268191 0.665572
vt 0.846998 0.439533
vt 0.248535 0.683580
vt 0.248577 0.665263
vt 0.567324 0.457595
vt 0.567282 0.439279
vt 0.825919 0.457786
vt 0.825877 0.439469
vt 0.230987 0.683164
vt 0.231029 0.664847
vt 0.546397 0.457786
vt 0.546355 0.439469
vt 0.805925 0.457595
vt 0.805883 0.439279
vt 0.766175 0.438554
vt 0.766133 0.456871
vt 0.750624 0.457287
vt 0.750666 0.438970
vt 0.524961 0.457850
vt 0.524919 0.439533
vt 0.787826 0.457287
vt 0.787784 0.438970
vt 0.732525 0.457595
vt 0.732567 0.439279
vt 0.503840 0.457786
vt 0.503798 0.439469
vt 0.772317 0.456871
vt 0.772275 0.438554
vt 0.539639 0.526275
vt 0.539736 0.568851
vt 0.529502 0.568882
vt 0.529405 0.526306
vt 0.285843 0.752478
vt 0.276479 0.752330
vt 0.558993 0.526037
vt 0.549629 0.526184
vt 0.841401 0.526275
vt 0.527393 0.704103
vt 0.516241 0.760164
vt 0.506054 0.759160
vt 0.506054 0.702001
vt 0.831855 0.526184
vt 0.495867 0.760164
vt 0.484716 0.704103
vt 0.823214 0.526037
vt 0.715236 0.526037
vt 0.706595 0.526184
vt 0.519321 0.526275
vt 0.570070 0.758062
vt 0.581221 0.702001
vt 0.591408 0.703004
vt 0.591408 0.760164
vt 0.697049 0.526275
vt 0.509776 0.526184
vt 0.601595 0.702001
vt 0.612747 0.758062
vt 0.686966 0.526306
vt 0.501135 0.526037
vt 0.676732 0.526275
vt 0.612747 0.758062
vt 0.623898 0.702001
vt 0.634085 0.703004
vt 0.634085 0.760164
vt 0.666741 0.526185
vt 0.644272 0.702001
vt 0.655424 0.758062
vt 0.657377 0.526037
vt 0.334338 0.752330
vt 0.325697 0.752478
vt 0.570070 0.704103
vt 0.558918 0.760164
vt 0.548731 0.759160
vt 0.548731 0.702001
vt 0.316151 0.752569
vt 0.538544 0.760164
vt 0.527393 0.704103
vt 0.306068 0.752599
vt 0.881073 0.526037
vt 0.871709 0.526184
vt 0.295834 0.752569
vt 0.509873 0.568761
vt 0.482234 0.701735
vt 0.463337 0.701413
vt 0.501233 0.568613
vt 0.831953 0.568761
vt 0.823312 0.568613
vt 0.715138 0.568613
vt 0.706497 0.568761
vt 0.519419 0.568851
vt 0.815908 0.568415
vt 0.815810 0.525839
vt 0.696952 0.568851
vt 0.567371 0.525839
vt 0.567468 0.568415
vt 0.559091 0.568613
vt 0.686868 0.568882
vt 0.676635 0.568851
vt 0.493828 0.568415
vt 0.493731 0.525839
vt 0.666644 0.568761
vt 0.341742 0.752132
vt 0.341644 0.794708
vt 0.334240 0.794906
vt 0.657280 0.568613
vt 0.325599 0.795054
vt 0.648902 0.568415
vt 0.649000 0.525839
vt 0.316054 0.795145
vt 0.889450 0.525839
vt 0.889548 0.568415
vt 0.881170 0.568613
vt 0.305970 0.795175
vt 0.871806 0.568761
vt 0.295737 0.795145
vt 0.861815 0.568851
vt 0.285746 0.795054
vt 0.851582 0.568882
vt 0.276382 0.794906
vt 0.549727 0.568761
vt 0.841498 0.568851
vt 0.268004 0.794708
vt 0.268102 0.752132
vt 0.722640 0.525839
vt 0.722542 0.568415
vt 0.004367 0.593938
vt -0.000000 0.571982
vt -0.000000 0.549596
vt 0.004367 0.527641
vt 0.012934 0.506959
vt 0.025371 0.488346
vt 0.041200 0.472517
vt 0.059813 0.460080
vt 0.080495 0.451513
vt 0.102451 0.447146
vt 0.124837 0.447146
vt 0.146792 0.451513
vt 0.167474 0.460080
vt 0.186087 0.472516
vt 0.201916 0.488346
vt 0.214353 0.506959
vt 0.222920 0.527641
vt 0.227287 0.549596
vt 0.227287 0.571982
vt 0.222920 0.593938
vt 0.214353 0.614620
vt 0.201917 0.633233
vt 0.186087 0.649062
vt 0.167474 0.661499
vt 0.146792 0.670066
vt 0.124837 0.674433
vt 0.102451 0.674433
vt 0.080495 0.670066
vt 0.059813 0.661499
vt 0.041200 0.649062
vt 0.025371 0.633233
vt 0.012934 0.614620
vt 0.691211 0.702001
vt 0.668831 0.701934
vt 0.447146 0.700979
vt 0.646983 0.701735
vt 0.388327 0.927272
vt 0.372135 0.927706
vt 0.626505 0.701413
vt 0.353239 0.928029
vt 0.608185 0.700979
vt 0.332364 0.928227
vt 0.930265 0.700979
vt 0.911945 0.701413
vt 0.310313 0.928294
vt 0.891467 0.701735
vt 0.287933 0.928227
vt 0.869618 0.701934
vt 0.266085 0.928029
vt 0.847239 0.702001
vt 0.245607 0.927706
vt 0.589866 0.701413
vt 0.569388 0.701735
vt 0.825188 0.701934
vt 0.227287 0.927272
vt 0.547539 0.701934
vt 0.804313 0.701735
vt 0.769225 0.700979
vt 0.753033 0.701413
vt 0.525159 0.702001
vt 0.785417 0.701413
vt 0.734137 0.701735
vt 0.503109 0.701934
vt 0.769225 0.700979
vt 0.713262 0.701934
s 1
usemtl Material.003
f 1/1/1 13/2/2 14/3/3 2/4/4
f 2/5/4 14/6/3 15/7/5 3/8/6
f 3/8/7 15/7/8 16/9/8 4/10/7
f 4/10/9 16/9/10 17/11/11 5/12/12
f 5/12/12 17/11/11 18/13/13 6/14/14
f 6/15/15 18/16/16 19/17/17 7/18/18
f 7/18/18 19/17/17 20/19/19 8/20/20
f 8/21/20 20/22/19 21/23/21 9/24/22
f 9/24/23 21/23/24 22/25/25 10/26/26
f 10/26/26 22/25/25 23/27/27 11/28/28
f 11/28/29 23/27/30 24/29/31 12/30/32
f 12/31/32 24/32/31 13/2/2 1/1/1
f 13/2/2 25/33/33 26/34/34 14/3/3
f 14/6/3 26/35/34 27/36/35 15/7/5
f 15/7/8 27/36/36 28/37/36 16/9/8
f 16/9/10 28/37/37 29/38/38 17/11/11
f 17/11/11 29/38/38 30/39/39 18/13/13
f 18/16/16 30/40/40 31/41/41 19/17/17
f 19/17/17 31/41/41 32/42/42 20/19/19
f 20/22/19 32/43/42 33/44/43 21/23/21
f 21/23/24 33/44/44 34/45/45 22/25/25
f 22/25/25 34/45/45 35/46/46 23/27/27
f 23/27/30 35/46/47 36/47/48 24/29/31
f 24/32/31 36/48/48 25/33/33 13/2/2
f 25/33/33 37/49/49 38/50/50 26/34/34
f 26/34/34 38/50/50 39/51/51 27/52/35
f 27/36/36 39/53/52 40/54/52 28/37/36
f 28/37/37 40/54/53 41/55/54 29/38/38
f 29/38/38 41/55/54 42/56/55 30/39/39
f 30/40/40 42/57/56 43/58/57 31/41/41
f 31/41/41 43/58/57 44/59/58 32/42/42
f 32/43/42 44/60/58 45/61/59 33/44/43
f 33/44/44 45/61/60 46/62/61 34/45/45
f 34/45/45 46/62/61 47/63/62 35/46/46
f 35/46/47 47/63/63 48/64/64 36/47/48
f 36/48/48 48/65/64 37/49/49 25/33/33
f 37/49/49 49/66/65 50/67/66 38/50/50
f 38/50/50 50/67/66 51/68/67 39/51/51
f 39/53/52 51/69/68 52/70/68 40/54/52
f 40/54/53 52/70/69 53/71/70 41/55/54
f 41/55/54 53/71/70 54/72/71 42/56/55
f 42/57/56 54/73/72 55/74/73 43/58/57
f 43/58/57 55/74/73 56/75/74 44/59/58
f 44/60/58 56/76/74 57/77/75 45/61/59
f 45/61/60 57/77/76 58/78/77 46/62/61
f 46/62/61 58/78/77 59/79/78 47/63/62
f 47/63/63 59/79/79 60/80/80 48/64/64
f 48/65/64 60/81/80 49/66/65 37/49/49
f 49/66/65 61/82/81 62/83/82 50/67/66
f 50/67/66 62/83/82 63/84/83 51/68/67
f 51/69/68 63/85/84 64/86/84 52/70/68
f 52/70/69 64/86/85 65/87/86 53/71/70
f 53/71/70 65/87/86 66/88/87 54/72/71
f 54/73/72 66/89/88 67/90/89 55/74/73
f 55/74/73 67/90/89 68/91/90 56/75/74
f 56/76/74 68/92/90 69/93/91 57/77/75
f 57/77/76 69/93/92 70/94/93 58/78/77
f 58/78/77 70/94/93 71/95/94 59/79/78
f 59/79/79 71/95/95 72/96/96 60/80/80
f 60/81/80 72/97/96 61/82/81 49/66/65
f 61/82/81 73/98/97 74/99/98 62/83/82
f 62/83/82 74/99/98 75/100/99 63/84/83
f 63/85/84 75/101/100 76/102/100 64/86/84
f 64/86/85 76/102/101 77/103/102 65/87/86
f 65/87/86 77/103/102 78/104/103 66/88/87
f 66/89/88 78/105/104 79/106/105 67/90/89
f 67/90/89 79/106/105 80/107/106 68/91/90
f 68/92/90 80/108/106 81/109/107 69/93/91
f 69/93/92 81/109/108 82/110/109 70/94/93
f 70/94/93 82/110/109 83/111/110 71/95/94
f 71/95/95 83/111/111 84/112/112 72/96/96
f 72/97/96 84/113/112 73/98/97 61/82/81
f 73/98/97 85/114/113 86/115/114 74/99/98
f 74/116/98 86/117/114 87/118/115 75/101/99
f 75/101/100 87/118/116 88/119/116 76/102/100
f 76/102/101 88/119/117 89/120/118 77/103/102
f 77/103/102 89/120/118 90/121/119 78/104/103
f 78/105/104 90/122/120 91/123/121 79/106/105
f 79/106/105 91/123/121 92/124/122 80/107/106
f 80/108/106 92/125/122 93/126/123 81/109/107
f 81/109/108 93/126/124 94/127/125 82/110/109
f 82/110/109 94/127/125 95/128/126 83/111/110
f 83/111/111 95/128/127 96/129/128 84/112/112
f 84/113/112 96/130/128 85/114/113 73/98/97
f 85/114/113 97/131/129 98/132/130 86/115/114
f 86/117/114 98/133/130 99/134/131 87/118/115
f 87/118/116 99/134/132 100/135/132 88/119/116
f 88/119/117 100/135/133 101/136/134 89/120/118
f 89/120/118 101/136/134 102/137/135 90/121/119
f 90/122/120 102/138/136 103/139/137 91/123/121
f 91/123/121 103/139/137 104/140/138 92/124/122
f 92/125/122 104/141/138 105/142/139 93/126/123
f 93/126/124 105/142/140 106/143/141 94/127/125
f 94/127/125 106/143/141 107/144/142 95/128/126
f 95/128/127 107/144/143 108/145/144 96/129/128
f 96/130/128 108/146/144 97/131/129 85/114/113
f 97/131/129 109/147/145 110/148/146 98/132/130
f 98/133/130 110/149/146 111/150/147 99/134/131
f 99/134/132 111/150/148 112/151/148 100/135/132
f 100/135/133 112/151/149 113/152/150 101/136/134
f 101/136/134 113/152/150 114/153/151 102/137/135
f 102/138/136 114/154/152 115/155/153 103/139/137
f 103/139/137 115/155/153 116/156/154 104/140/138
f 104/141/138 116/157/154 117/158/155 105/142/139
f 105/142/140 117/158/156 118/159/157 106/143/141
f 106/143/141 118/159/157 119/160/158 107/144/142
f 107/144/143 119/160/159 120/161/160 108/145/144
f 108/146/144 120/162/160 109/147/145 97/131/129
f 109/147/145 121/163/161 122/164/162 110/148/146
f 110/149/146 122/165/162 123/166/163 111/150/147
f 111/150/148 123/166/164 124/167/164 112/151/148
f 112/151/149 124/167/165 125/168/166 113/152/150
f 113/152/150 125/168/166 126/169/167 114/153/151
f 114/154/152 126/170/168 127/171/169 115/155/153
f 115/155/153 127/171/169 128/172/170 116/156/154
f 116/157/154 128/173/170 129/174/171 117/158/155
f 117/158/156 129/174/172 130/175/173 118/159/157
f 118/159/157 130/175/173 131/176/174 119/160/158
f 119/160/159 131/176/175 132/177/176 120/161/160
f 120/162/160 132/178/176 121/163/161 109/147/145
f 121/179/161 133/180/177 134/181/178 122/182/162
f 122/165/162 134/183/178 135/184/179 123/166/163
f 123/166/164 135/184/180 136/185/180 124/167/164
f 124/167/165 136/185/181 137/186/182 125/168/166
f 125/168/166 137/186/182 138/187/183 126/169/167
f 126/170/168 138/188/184 139/189/185 127/171/169
f 127/171/169 139/189/185 140/190/186 128/172/170
f 128/173/170 140/191/186 141/192/187 129/174/171
f 129/174/172 141/192/188 142/193/189 130/175/173
f 130/175/173 142/193/189 143/194/190 131/176/174
f 131/176/175 143/194/191 144/195/192 132/177/176
f 132/196/176 144/197/192 133/180/177 121/179/161
f 133/180/177 145/198/193 146/199/194 134/181/178
f 134/183/178 146/200/194 147/201/195 135/184/179
f 135/184/180 147/201/196 148/202/196 136/185/180
f 136/185/181 148/202/197 149/203/198 137/186/182
f 137/186/182 149/203/198 150/204/199 138/187/183
f 138/205/184 150/206/200 151/207/201 139/208/185
f 139/208/185 151/207/201 152/209/202 140/210/186
f 140/191/186 152/211/202 153/212/203 141/192/187
f 141/192/188 153/212/204 154/213/205 142/193/189
f 142/193/189 154/213/205 155/214/206 143/194/190
f 143/194/191 155/214/207 156/215/208 144/195/192
f 144/197/192 156/216/208 145/198/193 133/180/177
f 145/198/193 157/217/209 158/218/210 146/199/194
f 146/200/194 158/219/210 159/220/211 147/201/195
f 147/201/196 159/220/212 160/221/212 148/202/196
f 148/202/197 160/221/213 161/222/214 149/203/198
f 149/203/198 161/222/214 162/223/215 150/204/199
f 150/206/200 162/224/216 163/225/217 151/207/201
f 151/207/201 163/225/217 164/226/218 152/209/202
f 152/211/202 164/227/218 165/228/219 153/212/203
f 153/212/204 165/228/220 166/229/221 154/213/205
f 154/213/205 166/229/221 167/230/222 155/214/206
f 155/214/207 167/230/223 168/231/224 156/215/208
f 156/216/208 168/232/224 157/217/209 145/198/193
f 157/217/209 169/233/225 170/234/226 158/218/210
f 158/219/210 170/235/226 171/236/227 159/220/211
f 159/220/212 171/236/228 172/237/228 160/221/212
f 160/221/213 172/237/229 173/238/230 161/222/214
f 161/222/214 173/238/230 174/239/231 162/223/215
f 162/224/216 174/240/232 175/241/233 163/225/217
f 163/225/217 175/241/233 176/242/234 164/226/218
f 164/227/218 176/243/234 177/244/235 165/228/219
f 165/228/220 177/244/236 178/245/237 166/229/221
f 166/229/221 178/245/237 179/246/238 167/230/222
f 167/230/223 179/246/239 180/247/240 168/231/224
f 168/232/224 180/248/240 169/233/225 157/217/209
f 169/233/225 181/249/241 182/250/242 170/234/226
f 170/234/226 182/250/242 183/251/243 171/252/227
f 171/236/228 183/253/244 184/254/244 172/237/228
f 172/237/229 184/254/245 185/255/246 173/238/230
f 173/238/230 185/255/246 186/256/247 174/239/231
f 174/240/232 186/257/248 187/258/249 175/241/233
f 175/241/233 187/258/249 188/259/250 176/242/234
f 176/243/234 188/260/250 189/261/251 177/244/235
f 177/244/236 189/261/252 190/262/253 178/245/237
f 178/245/237 190/262/253 191/263/254 179/246/238
f 179/246/239 191/263/255 192/264/256 180/247/240
f 180/248/240 192/265/256 181/249/241 169/233/225
f 181/249/241 193/266/257 194/267/258 182/250/242
f 182/250/242 194/267/258 195/268/259 183/251/243
f 183/253/244 195/269/260 196/270/260 184/254/244
f 184/254/245 196/270/261 197/271/262 185/255/246
f 185/255/246 197/271/262 198/272/263 186/256/247
f 186/257/248 198/273/264 199/274/265 187/258/249
f 187/258/249 199/274/265 200/275/266 188/259/250
f 188/260/250 200/276/266 201/277/267 189/261/251
f 189/261/252 201/277/268 202/278/269 190/262/253
f 190/262/253 202/278/269 203/279/270 191/263/254
f 191/263/255 203/279/271 204/280/272 192/264/256
f 192/265/256 204/281/272 193/266/257 181/249/241
f 193/266/257 205/282/273 206/283/274 194/267/258
f 194/267/258 206/283/274 207/284/275 195/268/259
f 195/269/260 207/285/276 208/286/276 196/270/260
f 196/270/261 208/286/277 209/287/278 197/271/262
f 197/271/262 209/287/278 210/288/279 198/272/263
f 198/273/264 210/289/280 211/290/281 199/274/265
f 199/274/265 211/290/281 212/291/282 200/275/266
f 200/276/266 212/292/282 213/293/283 201/277/267
f 201/277/268 213/293/284 214/294/285 202/278/269
f 202/278/269 214/294/285 215/295/286 203/279/270
f 203/279/271 215/295/287 216/296/288 204/280/272
f 204/281/272 216/297/288 205/282/273 193/266/257
f 205/282/273 217/298/289 218/299/290 206/283/274
f 206/283/274 218/299/290 219/300/291 207/284/275
f 207/285/276 219/301/292 220/302/292 208/286/276
f 208/286/277 220/302/293 221/303/294 209/287/278
f 209/287/278 221/303/294 222/304/295 210/288/279
f 210/289/280 222/305/296 223/306/297 211/290/281
f 211/290/281 223/306/297 224/307/298 212/291/282
f 212/292/282 224/308/298 225/309/299 213/293/283
f 213/293/284 225/309/300 226/310/301 214/294/285
f 214/294/285 226/310/301 227/311/302 215/295/286
f 215/295/287 227/311/303 228/312/304 216/296/288
f 216/297/288 228/313/304 217/298/289 205/282/273
f 217/298/289 229/314/305 230/315/306 218/299/290
f 218/316/290 230/317/306 231/318/307 219/301/291
f 219/301/292 231/318/308 232/319/308 220/302/292
f 220/302/293 232/319/309 233/320/310 221/303/294
f 221/303/294 233/320/310 234/321/311 222/304/295
f 222/305/296 234/322/312 235/323/313 223/306/297
f 223/306/297 235/323/313 236/324/314 224/307/298
f 224/308/298 236/325/314 237/326/315 225/309/299
f 225/309/300 237/326/316 238/327/317 226/310/301
f 226/310/301 238/327/317 239/328/318 227/311/302
f 227/311/303 239/328/319 240/329/320 228/312/304
f 228/313/304 240/330/320 229/314/305 217/298/289
f 229/314/305 241/331/321 242/332/322 230/315/306
f 230/317/306 242/333/322 243/334/323 231/318/307
f 231/318/308 243/334/324 244/335/324 232/319/308
f 232/319/309 244/335/325 245/336/326 233/320/310
f 233/320/310 245/336/326 246/337/327 234/321/311
f 234/322/312 246/338/328 247/339/329 235/323/313
f 235/323/313 247/339/329 248/340/330 236/324/314
f 236/325/314 248/341/330 249/342/331 237/326/315
f 237/326/316 249/342/332 250/343/333 238/327/317
f 238/327/317 250/343/333 251/344/334 239/328/318
f 239/328/319 251/344/335 252/345/336 240/329/320
f 240/330/320 252/346/336 241/331/321 229/314/305
f 241/331/321 253/347/337 254/348/338 242/332/322
f 242/333/322 254/349/338 255/350/339 243/334/323
f 243/334/324 255/350/340 256/351/340 244/335/324
f 244/335/325 256/351/341 257/352/342 245/336/326
f 245/336/326 257/352/342 258/353/343 246/337/327
f 246/338/328 258/354/344 259/355/345 247/339/329
f 247/339/329 259/355/345 260/356/346 248/340/330
f 248/341/330 260/357/346 261/358/347 249/342/331
f 249/342/332 261/358/348 262/359/349 250/343/333
f 250/343/333 262/359/349 263/360/350 251/344/334
f 251/344/335 263/360/351 264/361/352 252/345/336
f 252/346/336 264/362/352 253/347/337 241/331/321
f 253/347/337 265/363/353 266/364/354 254/348/338
f 254/349/338 266/365/354 267/366/355 255/350/339
f 255/350/340 267/366/356 268/367/356 256/351/340
f 256/351/341 268/367/357 269/368/358 257/352/342
f 257/352/342 269/368/358 270/369/359 258/353/343
f 258/354/344 270/370/360 271/371/361 259/355/345
f 259/355/345 271/371/361 272/372/362 260/356/346
f 260/357/346 272/373/362 273/374/363 261/358/347
f 261/358/348 273/374/364 274/375/365 262/359/349
f 262/359/349 274/375/365 275/376/366 263/360/350
f 263/360/351 275/376/367 276/377/368 264/361/352
f 264/362/352 276/378/368 265/363/353 253/347/337
f 265/379/353 277/380/369 278/381/370 266/382/354
f 266/365/354 278/383/370 279/384/371 267/366/355
f 267/366/356 279/384/372 280/385/372 268/367/356
f 268/367/357 280/385/373 281/386/374 269/368/358
f 269/368/358 281/386/374 282/387/375 270/369/359
f 270/388/360 282/389/376 283/390/377 271/391/361
f 271/391/361 283/390/377 284/392/378 272/393/362
f 272/373/362 284/394/378 285/395/379 273/374/363
f 273/374/364 285/395/380 286/396/381 274/375/365
f 274/375/365 286/396/381 287/397/382 275/376/366
f 275/376/367 287/397/383 288/398/384 276/377/368
f 276/399/368 288/400/384 277/380/369 265/379/353
f 277/380/369 289/401/18 290/402/385 278/381/370
f 278/383/370 290/403/385 291/404/386 279/384/371
f 279/384/372 291/404/9 292/405/9 280/385/372
f 280/385/373 292/405/7 293/406/387 281/386/374
f 281/386/374 293/406/387 294/407/388 282/387/375
f 282/389/376 294/408/389 295/409/1 283/390/377
f 283/390/377 295/409/1 296/410/390 284/392/378
f 284/394/378 296/411/390 297/412/29 285/395/379
f 285/395/380 297/412/391 298/413/392 286/396/381
f 286/396/381 298/413/392 299/414/393 287/397/382
f 287/397/383 299/414/22 300/415/394 288/398/384
f 288/400/384 300/416/394 289/401/18 277/380/369
f 289/401/18 301/417/17 302/418/395 290/402/385
f 290/403/385 302/419/395 303/420/396 291/404/386
f 291/404/9 303/420/10 304/421/10 292/405/9
f 292/405/7 304/421/8 305/422/397 293/406/387
f 293/406/387 305/422/397 306/423/398 294/407/388
f 294/408/389 306/424/399 307/425/2 295/409/1
f 295/409/1 307/425/2 308/426/400 296/410/390
f 296/411/390 308/427/400 309/428/30 297/412/29
f 297/412/391 309/428/401 310/429/402 298/413/392
f 298/413/392 310/429/402 311/430/403 299/414/393
f 299/414/22 311/430/21 312/431/404 300/415/394
f 300/416/394 312/432/404 301/417/17 289/401/18
f 301/417/17 313/433/41 314/434/405 302/418/395
f 302/419/395 314/435/405 315/436/406 303/420/396
f 303/420/10 315/436/37 316/437/37 304/421/10
f 304/421/8 316/437/36 317/438/407 305/422/397
f 305/422/397 317/438/407 318/439/408 306/423/398
f 306/424/399 318/440/409 319/441/33 307/425/2
f 307/425/2 319/441/33 320/442/410 308/426/400
f 308/427/400 320/443/410 321/444/47 309/428/30
f 309/428/401 321/444/411 322/445/412 310/429/402
f 310/429/402 322/445/412 323/446/413 311/430/403
f 311/430/21 323/446/43 324/447/414 312/431/404
f 312/432/404 324/448/414 313/433/41 301/417/17
f 313/433/41 325/449/57 326/450/415 314/434/405
f 314/435/405 326/451/415 327/452/416 315/436/406
f 315/436/37 327/452/53 328/453/53 316/437/37
f 316/437/36 328/453/52 329/454/417 317/438/407
f 317/438/407 329/454/417 330/455/418 318/439/408
f 318/440/409 330/456/419 331/457/49 319/441/33
f 319/441/33 331/457/49 332/458/420 320/442/410
f 320/443/410 332/459/420 333/460/63 321/444/47
f 321/444/411 333/460/421 334/461/422 322/445/412
f 322/445/412 334/461/422 335/462/423 323/446/413
f 323/446/43 335/462/59 336/463/424 324/447/414
f 324/448/414 336/464/424 325/449/57 313/433/41
f 325/449/57 337/465/73 338/466/425 326/450/415
f 326/450/415 338/466/425 339/467/426 327/468/416
f 327/452/53 339/469/69 340/470/69 328/453/53
f 328/453/52 340/470/68 341/471/427 329/454/417
f 329/454/417 341/471/427 342/472/428 330/455/418
f 330/456/419 342/473/429 343/474/65 331/457/49
f 331/457/49 343/474/65 344/475/430 332/458/420
f 332/459/420 344/476/430 345/477/79 333/460/63
f 333/460/421 345/477/431 346/478/432 334/461/422
f 334/461/422 346/478/432 347/479/433 335/462/423
f 335/462/59 347/479/75 348/480/434 336/463/424
f 336/464/424 348/481/434 337/465/73 325/449/57
f 337/465/73 349/482/89 350/483/435 338/466/425
f 338/466/425 350/483/435 351/484/436 339/467/426
f 339/469/69 351/485/85 352/486/85 340/470/69
f 340/470/68 352/486/84 353/487/437 341/471/427
f 341/471/427 353/487/437 354/488/438 342/472/428
f 342/473/429 354/489/439 355/490/81 343/474/65
f 343/474/65 355/490/81 356/491/440 344/475/430
f 344/476/430 356/492/440 357/493/95 345/477/79
f 345/477/431 357/493/441 358/494/442 346/478/432
f 346/478/432 358/494/442 359/495/443 347/479/433
f 347/479/75 359/495/91 360/496/444 348/480/434
f 348/481/434 360/497/444 349/482/89 337/465/73
f 349/482/89 361/498/105 362/499/445 350/483/435
f 350/483/435 362/499/445 363/500/446 351/484/436
f 351/485/85 363/501/101 364/502/101 352/486/85
f 352/486/84 364/502/100 365/503/447 353/487/437
f 353/487/437 365/503/447 366/504/448 354/488/438
f 354/489/439 366/505/449 367/506/97 355/490/81
f 355/490/81 367/506/97 368/507/450 356/491/440
f 356/492/440 368/508/450 369/509/111 357/493/95
f 357/493/441 369/509/451 370/510/452 358/494/442
f 358/494/442 370/510/452 371/511/453 359/495/443
f 359/495/91 371/511/107 372/512/454 360/496/444
f 360/497/444 372/513/454 361/498/105 349/482/89
f 361/498/105 373/514/121 374/515/455 362/499/445
f 362/499/445 374/515/455 375/516/456 363/500/446
f 363/501/101 375/517/117 376/518/117 364/502/101
f 364/502/100 376/518/116 377/519/457 365/503/447
f 365/503/447 377/519/457 378/520/458 366/504/448
f 366/505/449 378/521/459 379/522/113 367/506/97
f 367/506/97 379/522/113 380/523/460 368/507/450
f 368/508/450 380/524/460 381/525/127 369/509/111
f 369/509/451 381/525/461 382/526/462 370/510/452
f 370/510/452 382/526/462 383/527/463 371/511/453
f 371/511/107 383/527/123 384/528/464 372/512/454
f 372/513/454 384/529/464 373/514/121 361/498/105
f 373/514/121 385/530/137 386/531/465 374/515/455
f 374/532/455 386/533/465 387/534/466 375/517/456
f 375/517/117 387/534/133 388/535/133 376/518/117
f 376/518/116 388/535/132 389/536/467 377/519/457
f 377/519/457 389/536/467 390/537/468 378/520/458
f 378/521/459 390/538/469 391/539/129 379/522/113
f 379/522/113 391/539/129 392/540/470 380/523/460
f 380/524/460 392/541/470 393/542/143 381/525/127
f 381/525/461 393/542/471 394/543/472 382/526/462
f 382/526/462 394/543/472 395/544/473 383/527/463
f 383/527/123 395/544/139 396/545/474 384/528/464
f 384/529/464 396/546/474 385/530/137 373/514/121
f 385/530/137 397/547/153 398/548/475 386/531/465
f 386/533/465 398/549/475 399/550/476 387/534/466
f 387/534/133 399/550/149 400/551/149 388/535/133
f 388/535/132 400/551/148 401/552/477 389/536/467
f 389/536/467 401/552/477 402/553/478 390/537/468
f 390/538/469 402/554/479 403/555/145 391/539/129
f 391/539/129 403/555/145 404/556/480 392/540/470
f 392/541/470 404/557/480 405/558/159 393/542/143
f 393/542/471 405/558/481 406/559/482 394/543/472
f 394/543/472 406/559/482 407/560/483 395/544/473
f 395/544/139 407/560/155 408/561/484 396/545/474
f 396/546/474 408/562/484 397/547/153 385/530/137
f 397/547/153 409/563/169 410/564/485 398/548/475
f 398/549/475 410/565/485 411/566/486 399/550/476
f 399/550/149 411/566/165 412/567/165 400/551/149
f 400/551/148 412/567/164 413/568/487 401/552/477
f 401/552/477 413/568/487 414/569/488 402/553/478
f 402/554/479 414/570/489 415/571/161 403/555/145
f 403/555/145 415/571/161 416/572/490 404/556/480
f 404/557/480 416/573/490 417/574/175 405/558/159
f 405/558/481 417/574/491 418/575/492 406/559/482
f 406/559/482 418/575/492 419/576/493 407/560/483
f 407/560/155 419/576/171 420/577/494 408/561/484
f 408/562/484 420/578/494 409/563/169 397/547/153
f 409/563/169 421/579/185 422/580/495 410/564/485
f 410/565/485 422/581/495 423/582/496 411/566/486
f 411/566/165 423/582/181 424/583/181 412/567/165
f 412/567/164 424/583/180 425/584/497 413/568/487
f 413/568/487 425/584/497 426/585/498 414/569/488
f 414/586/489 426/587/499 427/588/177 415/589/161
f 415/589/161 427/588/177 428/590/500 416/591/490
f 416/573/490 428/592/500 429/593/191 417/574/175
f 417/574/491 429/593/501 430/594/502 418/575/492
f 418/575/492 430/594/502 431/595/503 419/576/493
f 419/576/171 431/595/187 432/596/504 420/577/494
f 420/578/494 432/597/504 421/579/185 409/563/169
f 421/598/185 433/599/201 434/600/505 422/601/495
f 422/581/495 434/602/505 435/603/506 423/582/496
f 423/582/181 435/603/197 436/604/197 424/583/181
f 424/583/180 436/604/196 437/605/507 425/584/497
f 425/584/497 437/605/507 438/606/508 426/585/498
f 426/587/499 438/607/509 439/608/193 427/588/177
f 427/588/177 439/608/193 440/609/510 428/590/500
f 428/592/500 440/610/510 441/611/207 429/593/191
f 429/593/501 441/611/511 442/612/512 430/594/502
f 430/594/502 442/612/512 443/613/513 431/595/503
f 431/595/187 443/613/203 444/614/514 432/596/504
f 432/615/504 444/616/514 433/599/201 421/598/185
f 433/599/201 445/617/217 446/618/515 434/600/505
f 434/602/505 446/619/515 447/620/516 435/603/506
f 435/603/197 447/620/213 448/621/213 436/604/197
f 436/604/196 448/621/212 449/622/517 437/605/507
f 437/605/507 449/622/517 450/623/518 438/606/508
f 438/607/509 450/624/519 451/625/209 439/608/193
f 439/608/193 451/625/209 452/626/520 440/609/510
f 440/610/510 452/627/520 453/628/223 441/611/207
f 441/611/511 453/628/521 454/629/522 442/612/512
f 442/612/512 454/629/522 455/630/523 443/613/513
f 443/613/203 455/630/219 456/631/524 444/614/514
f 444/616/514 456/632/524 445/617/217 433/599/201
f 445/617/217 457/633/233 458/634/525 446/618/515
f 446/619/515 458/635/525 459/636/526 447/620/516
f 447/620/213 459/636/229 460/637/229 448/621/213
f 448/621/212 460/637/228 461/638/527 449/622/517
f 449/622/517 461/638/527 462/639/528 450/623/518
f 450/624/519 462/640/529 463/641/225 451/625/209
f 451/625/209 463/641/225 464/642/530 452/626/520
f 452/627/520 464/643/530 465/644/239 453/628/223
f 453/628/521 465/644/531 466/645/532 454/629/522
f 454/629/522 466/645/532 467/646/533 455/630/523
f 455/630/219 467/646/235 468/647/534 456/631/524
f 456/632/524 468/648/534 457/633/233 445/617/217
f 457/633/233 469/649/249 470/650/535 458/634/525
f 458/635/525 470/651/535 471/652/536 459/636/526
f 459/636/229 471/652/245 472/653/245 460/637/229
f 460/637/228 472/653/244 473/654/537 461/638/527
f 461/638/527 473/654/537 474/655/538 462/639/528
f 462/640/529 474/656/539 475/657/241 463/641/225
f 463/641/225 475/657/241 476/658/540 464/642/530
f 464/643/530 476/659/540 477/660/255 465/644/239
f 465/644/531 477/660/541 478/661/542 466/645/532
f 466/645/532 478/661/542 479/662/543 467/646/533
f 467/646/235 479/662/251 480/663/544 468/647/534
f 468/648/534 480/664/544 469/649/249 457/633/233
f 469/649/249 481/665/265 482/666/545 470/650/535
f 470/650/535 482/666/545 483/667/546 471/668/536
f 471/652/245 483/669/261 484/670/261 472/653/245
f 472/653/244 484/670/260 485/671/547 473/654/537
f 473/654/537 485/671/547 486/672/548 474/655/538
f 474/656/539 486/673/549 487/674/257 475/657/241
f 475/657/241 487/674/257 488/675/550 476/658/540
f 476/659/540 488/676/550 489/677/271 477/660/255
f 477/660/541 489/677/551 490/678/552 478/661/542
f 478/661/542 490/678/552 491/679/553 479/662/543
f 479/662/251 491/679/267 492/680/554 480/663/544
f 480/664/544 492/681/554 481/665/265 469/649/249
f 481/665/265 493/682/281 494/683/555 482/666/545
f 482/666/545 494/683/555 495/684/556 483/667/546
f 483/669/261 495/685/277 496/686/277 484/670/261
f 484/670/260 496/686/276 497/687/557 485/671/547
f 485/671/547 497/687/557 498/688/558 486/672/548
f 486/673/549 498/689/559 499/690/273 487/674/257
f 487/674/257 499/690/273 500/691/560 488/675/550
f 488/676/550 500/692/560 501/693/287 489/677/271
f 489/677/551 501/693/561 502/694/562 490/678/552
f 490/678/552 502/694/562 503/695/563 491/679/553
f 491/679/267 503/695/283 504/696/564 492/680/554
f 492/681/554 504/697/564 493/682/281 481/665/265
f 493/682/281 505/698/297 506/699/565 494/683/555
f 494/683/555 506/699/565 507/700/566 495/684/556
f 495/685/277 507/701/293 508/702/293 496/686/277
f 496/686/276 508/702/292 509/703/567 497/687/557
f 497/687/557 509/703/567 510/704/568 498/688/558
f 498/689/559 510/705/569 511/706/289 499/690/273
f 499/690/273 511/706/289 512/707/570 500/691/560
f 500/692/560 512/708/570 513/709/303 501/693/287
f 501/693/561 513/709/571 514/710/572 502/694/562
f 502/694/562 514/710/572 515/711/573 503/695/563
f 503/695/283 515/711/299 516/712/574 504/696/564
f 504/697/564 516/713/574 505/698/297 493/682/281
f 505/698/297 517/714/313 518/715/575 506/699/565
f 506/699/565 518/715/575 519/716/576 507/700/566
f 507/701/293 519/717/309 520/718/309 508/702/293
f 508/702/292 520/718/308 521/719/577 509/703/567
f 509/703/567 521/719/577 522/720/578 510/704/568
f 510/705/569 522/721/579 523/722/305 511/706/289
f 511/706/289 523/722/305 524/723/580 512/707/570
f 512/708/570 524/724/580 525/725/319 513/709/303
f 513/709/571 525/725/581 526/726/582 514/710/572
f 514/710/572 526/726/582 527/727/583 515/711/573
f 515/711/299 527/727/315 528/728/584 516/712/574
f 516/713/574 528/729/584 517/714/313 505/698/297
f 517/714/313 529/730/329 530/731/585 518/715/575
f 518/732/575 530/733/585 531/734/586 519/717/576
f 519/717/309 531/734/325 532/735/325 520/718/309
f 520/718/308 532/735/324 533/736/587 521/719/577
f 521/719/577 533/736/587 534/737/588 522/720/578
f 522/721/579 534/738/589 535/739/321 523/722/305
f 523/722/305 535/739/321 536/740/590 524/723/580
f 524/724/580 536/741/590 537/742/335 525/725/319
f 525/725/581 537/742/591 538/743/592 526/726/582
f 526/726/582 538/743/592 539/744/593 527/727/583
f 527/727/315 539/744/331 540/745/594 528/728/584
f 528/729/584 540/746/594 529/730/329 517/714/313
f 529/730/329 541/747/345 542/748/595 530/731/585
f 530/733/585 542/749/595 543/750/596 531/734/586
f 531/734/325 543/750/341 544/751/341 532/735/325
f 532/735/324 544/751/340 545/752/597 533/736/587
f 533/736/587 545/752/597 546/753/598 534/737/588
f 534/738/589 546/754/599 547/755/337 535/739/321
f 535/739/321 547/755/337 548/756/600 536/740/590
f 536/741/590 548/757/600 549/758/351 537/742/335
f 537/742/591 549/758/601 550/759/602 538/743/592
f 538/743/592 550/759/602 551/760/603 539/744/593
f 539/744/331 551/760/347 552/761/604 540/745/594
f 540/746/594 552/762/604 541/747/345 529/730/329
f 541/747/345 553/763/361 554/764/605 542/748/595
f 542/749/595 554/765/605 555/766/606 543/750/596
f 543/750/341 555/766/357 556/767/357 544/751/341
f 544/751/340 556/767/356 557/768/607 545/752/597
f 545/752/597 557/768/607 558/769/608 546/753/598
f 546/754/599 558/770/609 559/771/353 547/755/337
f 547/755/337 559/771/353 560/772/610 548/756/600
f 548/757/600 560/773/610 561/774/367 549/758/351
f 549/758/601 561/774/611 562/775/612 550/759/602
f 550/759/602 562/775/612 563/776/613 551/760/603
f 551/760/347 563/776/363 564/777/614 552/761/604
f 552/762/604 564/778/614 553/763/361 541/747/345
f 553/779/361 565/780/377 566/781/615 554/782/605
f 554/765/605 566/783/615 567/784/616 555/766/606
f 555/766/357 567/784/373 568/785/373 556/767/357
f 556/767/356 568/785/372 569/786/617 557/768/607
f 557/768/607 569/786/617 570/787/618 558/769/608
f 558/770/609 570/788/619 571/789/369 559/771/353
f 559/771/353 571/789/369 572/790/620 560/772/610
f 560/773/610 572/791/620 573/792/383 561/774/367
f 561/774/611 573/792/621 574/793/622 562/775/612
f 562/775/612 574/793/622 575/794/623 563/776/613
f 563/776/363 575/794/379 576/795/624 564/777/614
f 564/796/614 576/797/624 565/780/377 553/779/361
f 565/780/377 1/1/1 2/4/4 566/781/615
f 566/783/615 2/5/4 3/8/6 567/784/616
f 567/784/373 3/8/7 4/10/7 568/785/373
f 568/785/372 4/10/9 5/12/12 569/786/617
f 569/786/617 5/12/12 6/14/14 570/787/618
f 570/798/619 6/15/15 7/18/18 571/799/369
f 571/799/369 7/18/18 8/20/20 572/800/620
f 572/791/620 8/21/20 9/24/22 573/792/383
f 573/792/621 9/24/23 10/26/26 574/793/622
f 574/793/622 10/26/26 11/28/28 575/794/623
f 575/794/379 11/28/29 12/30/32 576/795/624
f 576/797/624 12/31/32 1/1/1 565/780/377
f 578/801/625 579/802/625 580/803/625 581/804/625 582/805/625 583/806/625 584/807/625 585/808/625 586/809/625 587/810/625 588/811/625 589/812/625 590/813/625 591/814/625 592/815/625 593/816/625 594/817/625 595/818/625 596/819/625 597/820/625 598/821/625 599/822/625 600/823/625 601/824/625 602/825/625 603/826/625 604/827/625 605/828/625 606/829/625 607/830/625 608/831/625 577/832/625
f 635/833/626 667/834/626 668/835/627 636/836/627
f 608/837/628 640/838/628 610/839/193 577/840/193
f 595/841/249 627/842/249 628/843/629 596/844/629
f 582/845/630 614/846/630 615/847/337 583/848/337
f 596/844/629 628/843/629 629/849/297 597/850/297
f 583/848/337 615/847/337 616/851/631 584/852/631
f 597/850/297 629/849/297 630/853/632 598/854/632
f 584/855/631 616/856/631 617/857/18 585/858/18
f 598/854/632 630/853/632 631/859/345 599/860/345
f 585/858/18 617/857/18 618/861/633 586/862/633
f 599/860/345 631/859/345 632/863/634 600/864/634
f 586/862/633 618/861/633 619/865/57 587/866/57
f 600/867/634 632/868/634 633/869/1 601/870/1
f 587/866/57 619/865/57 620/871/635 588/872/635
f 601/870/1 633/869/1 634/873/636 602/874/636
f 588/872/635 620/871/635 621/875/105 589/876/105
f 602/874/636 634/873/636 635/833/49 603/877/49
f 589/876/105 621/875/105 622/878/637 590/879/637
f 603/877/49 635/833/49 636/836/638 604/880/638
f 590/879/637 622/878/637 623/881/153 591/882/153
f 577/840/193 610/839/193 609/883/639 578/884/639
f 604/880/638 636/836/638 637/885/97 605/886/97
f 591/882/153 623/881/153 624/887/640 592/888/640
f 578/884/639 609/883/639 611/889/241 579/890/241
f 605/886/97 637/885/97 638/891/641 606/892/641
f 592/893/640 624/894/640 625/895/201 593/896/201
f 579/890/241 611/889/241 612/897/642 580/898/642
f 606/892/641 638/891/641 639/899/145 607/900/145
f 593/896/201 625/895/201 626/901/643 594/902/643
f 580/898/642 612/897/642 613/903/289 581/904/289
f 607/900/145 639/899/145 640/905/628 608/906/628
f 594/902/643 626/901/643 627/842/249 595/841/249
f 581/904/289 613/903/289 614/846/630 582/845/630
f 643/907/241 675/908/644 676/909/645 644/910/642
f 622/878/646 654/911/646 655/912/647 623/881/647
f 610/839/648 642/913/648 641/914/649 609/883/649
f 636/836/627 668/835/627 669/915/650 637/885/650
f 623/916/647 655/917/647 656/918/651 624/919/651
f 609/883/649 641/914/649 643/907/652 611/889/652
f 637/885/650 669/915/650 670/920/653 638/891/653
f 624/919/651 656/918/651 657/921/654 625/922/654
f 611/889/652 643/907/652 644/910/655 612/897/655
f 638/891/653 670/920/653 671/923/656 639/899/656
f 625/895/654 657/924/654 658/925/657 626/901/657
f 612/897/655 644/910/655 645/926/658 613/903/658
f 639/927/656 671/928/656 672/929/659 640/930/659
f 626/901/657 658/925/657 659/931/660 627/842/660
f 613/903/658 645/926/658 646/932/661 614/846/661
f 640/930/659 672/929/659 642/933/648 610/934/648
f 627/842/660 659/931/660 660/935/662 628/843/662
f 614/846/661 646/932/661 647/936/663 615/847/663
f 628/843/662 660/935/662 661/937/664 629/849/664
f 615/938/663 647/939/663 648/940/665 616/941/665
f 629/849/664 661/937/664 662/942/666 630/853/666
f 616/941/665 648/940/665 649/943/667 617/944/667
f 630/853/666 662/942/666 663/945/668 631/859/668
f 617/857/667 649/946/667 650/947/669 618/861/669
f 631/948/668 663/949/668 664/950/670 632/951/670
f 618/861/669 650/947/669 651/952/671 619/865/671
f 632/951/670 664/950/670 665/953/672 633/954/672
f 619/865/671 651/952/671 652/955/673 620/871/673
f 633/869/672 665/956/672 666/957/674 634/873/674
f 620/871/673 652/955/673 653/958/675 621/875/675
f 634/873/674 666/957/674 667/834/626 635/833/626
f 621/875/675 653/958/675 654/911/646 622/878/646
f 678/959/676 710/960/677 711/961/678 679/962/679
f 670/920/641 702/963/680 703/964/681 671/923/145
f 657/924/201 689/965/682 690/966/683 658/925/643
f 644/910/642 676/909/645 677/967/684 645/926/289
f 671/923/145 703/964/681 704/968/685 672/969/628
f 658/925/643 690/966/683 691/970/686 659/931/249
f 645/926/289 677/967/684 678/959/676 646/932/630
f 672/971/628 704/972/685 674/973/687 642/913/193
f 659/931/249 691/970/686 692/974/688 660/935/629
f 646/932/630 678/959/676 679/962/679 647/936/337
f 660/935/629 692/974/688 693/975/689 661/937/297
f 647/936/337 679/962/679 680/976/690 648/977/631
f 661/937/297 693/975/689 694/978/691 662/942/632
f 648/979/631 680/980/690 681/981/692 649/946/18
f 662/942/632 694/978/691 695/982/693 663/945/345
f 649/946/18 681/981/692 682/983/694 650/947/633
f 663/945/345 695/982/693 696/984/695 664/985/634
f 650/947/633 682/983/694 683/986/696 651/952/57
f 664/987/634 696/988/695 697/989/697 665/956/1
f 651/952/57 683/986/696 684/990/698 652/955/635
f 665/956/1 697/989/697 698/991/699 666/957/636
f 652/955/635 684/990/698 685/992/700 653/958/105
f 666/957/636 698/991/699 699/993/701 667/834/49
f 653/958/105 685/992/700 686/994/702 654/911/637
f 667/834/49 699/993/701 700/995/703 668/835/638
f 654/911/637 686/994/702 687/996/704 655/912/153
f 642/913/193 674/973/687 673/997/705 641/914/639
f 668/835/638 700/995/703 701/998/706 669/915/97
f 655/912/153 687/996/704 688/999/707 656/1000/640
f 641/914/639 673/997/705 675/908/644 643/907/241
f 669/915/97 701/998/706 702/963/680 670/920/641
f 656/1001/640 688/1002/707 689/965/682 657/924/201
f 705/1003/708 706/1004/708 736/1005/708 735/1006/708 734/1007/708 733/1008/708 732/1009/708 731/1010/708 730/1011/708 729/1012/708 728/1013/708 727/1014/708 726/1015/708 725/1016/708 724/1017/708 723/1018/708 722/1019/708 721/1020/708 720/1021/708 719/1022/708 718/1023/708 717/1024/708 716/1025/708 715/1026/708 714/1027/708 713/1028/708 712/1029/708 711/1030/708 710/1031/708 709/1032/708 708/1033/708 707/1034/708
f 692/974/688 724/1035/709 725/1036/710 693/975/689
f 679/962/679 711/961/678 712/1037/711 680/976/690
f 693/975/689 725/1036/710 726/1038/712 694/978/691
f 680/980/690 712/1039/711 713/1040/713 681/981/692
f 694/978/691 726/1038/712 727/1041/714 695/982/693
f 681/981/692 713/1040/713 714/1042/715 682/983/694
f 695/982/693 727/1041/714 728/1043/716 696/984/695
f 682/983/694 714/1042/715 715/1044/717 683/986/696
f 696/988/695 728/1045/716 729/1046/718 697/989/697
f 683/986/696 715/1044/717 716/1047/719 684/990/698
f 697/989/697 729/1046/718 730/1048/720 698/991/699
f 684/990/698 716/1047/719 717/1049/721 685/992/700
f 698/991/699 730/1048/720 731/1050/722 699/993/701
f 685/992/700 717/1049/721 718/1051/723 686/994/702
f 699/993/701 731/1050/722 732/1052/724 700/995/703
f 686/994/702 718/1051/723 719/1053/725 687/996/704
f 674/973/687 706/1054/726 705/1055/727 673/997/705
f 700/995/703 732/1052/724 733/1056/728 701/998/706
f 687/996/704 719/1053/725 720/1057/729 688/999/707
f 673/997/705 705/1055/727 707/1058/730 675/908/644
f 701/998/706 733/1056/728 734/1059/731 702/963/680
f 688/1002/707 720/1060/729 721/1061/732 689/965/682
f 675/908/644 707/1058/730 708/1062/733 676/909/645
f 702/963/680 734/1059/731 735/1063/734 703/964/681
f 689/965/682 721/1061/732 722/1064/735 690/966/683
f 676/909/645 708/1062/733 709/1065/736 677/967/684
f 703/964/681 735/1063/734 736/1066/737 704/968/685
f 690/966/683 722/1064/735 723/1067/738 691/970/686
f 677/967/684 709/1065/736 710/960/677 678/959/676
f 704/972/685 736/1043/737 706/1054/726 674/973/687
f 691/970/686 723/1067/738 724/1035/709 692/974/688
o Parachut
v -0.004917 5.902929 -0.339021
v 0.004917 5.902929 -0.339021
v 0.070963 5.902929 -0.331548
v 0.125195 5.902929 -0.315097
v 0.134281 5.902929 -0.311333
v 0.184262 5.902929 -0.284618
v 0.192439 5.902929 -0.279154
v 0.236247 5.902929 -0.243201
v 0.243201 5.902929 -0.236247
v 0.279154 5.902929 -0.192439
v 0.284618 5.902929 -0.184262
v 0.311333 5.902929 -0.134281
v 0.315097 5.902929 -0.125195
v 0.331548 5.902929 -0.070963
v 0.333466 5.902929 -0.061317
v 0.339021 5.902929 -0.004917
v 0.339021 5.902929 0.004917
v 0.333466 5.902929 0.061317
v 0.331548 5.902929 0.070963
v 0.315097 5.902929 0.125195
v 0.311333 5.902929 0.134281
v 0.284618 5.902929 0.184262
v 0.279154 5.902929 0.192439
v 0.243201 5.902929 0.236247
v 0.236247 5.902929 0.243201
v 0.192439 5.902929 0.279154
v 0.184262 5.902929 0.284618
v 0.134281 5.902929 0.311333
v 0.125195 5.902929 0.315097
v 0.070963 5.902929 0.331548
v 0.061317 5.902929 0.333466
v 0.004917 5.902929 0.339021
v -0.004917 5.902929 0.339021
v -0.061317 5.902929 0.333466
v -0.070963 5.902929 0.331548
v -0.125195 5.902929 0.315097
v -0.134281 5.902929 0.311333
v -0.184262 5.902929 0.284618
v -0.192439 5.902929 0.279154
v -0.236247 5.902929 0.243201
v -0.243201 5.902929 0.236247
v -0.279154 5.902929 0.192439
v -0.284618 5.902929 0.184262
v -0.311333 5.902929 0.134281
v -0.315097 5.902929 0.125195
v -0.331548 5.902929 0.070963
v -0.333466 5.902929 0.061317
v -0.339021 5.902929 0.004917
v -0.339021 5.902929 -0.004917
v -0.333466 5.902929 -0.061317
v -0.331548 5.902929 -0.070963
v -0.315097 5.902929 -0.125195
v -0.311333 5.902929 -0.134281
v -0.284618 5.902929 -0.184262
v -0.279154 5.902929 -0.192439
v -0.243201 5.902929 -0.236247
v -0.236247 5.902929 -0.243201
v -0.192439 5.902929 -0.279154
v -0.184262 5.902929 -0.284618
v -0.134281 5.902929 -0.311333
v -0.125195 5.902929 -0.315097
v -0.070963 5.902929 -0.331548
v -0.061317 5.902929 -0.333466
v 0.059348 5.902929 -0.333660
v 0.070403 5.902929 -0.331659
v -0.002098 6.086620 -0.108212
v -0.004005 6.104197 -0.040662
v -0.031991 6.087810 -0.102220
v -0.011861 6.104197 -0.039099
v -0.051627 6.087810 -0.094086
v -0.019260 6.104197 -0.036034
v -0.069299 6.087810 -0.082279
v -0.025920 6.104197 -0.031584
v -0.084327 6.087810 -0.067250
v -0.031584 6.104197 -0.025920
v -0.096135 6.087810 -0.049578
v -0.036034 6.104197 -0.019261
v -0.104268 6.087810 -0.029943
v -0.039099 6.104197 -0.011861
v -0.108414 6.087810 -0.009098
v -0.040662 6.104197 -0.004005
v -0.108414 6.087810 0.012156
v -0.040662 6.104197 0.004005
v -0.104268 6.087810 0.033001
v -0.039099 6.104197 0.011861
v -0.096135 6.087810 0.052636
v -0.036034 6.104197 0.019260
v -0.084327 6.087810 0.070308
v -0.031584 6.104197 0.025920
v -0.069299 6.087810 0.085337
v -0.025920 6.104197 0.031584
v -0.051627 6.087810 0.097144
v -0.019261 6.104197 0.036034
v -0.031991 6.087810 0.105278
v -0.011861 6.104197 0.039099
v -0.011146 6.087810 0.109424
v -0.004005 6.104197 0.040662
v 0.010107 6.087810 0.109424
v 0.004005 6.104197 0.040662
v 0.030952 6.087810 0.105278
v 0.011861 6.104197 0.039099
v 0.050588 6.087810 0.097144
v 0.019260 6.104197 0.036034
v 0.068260 6.087810 0.085337
v 0.025920 6.104197 0.031584
v 0.083288 6.087810 0.070308
v 0.031584 6.104197 0.025920
v 0.095096 6.087810 0.052636
v 0.036034 6.104197 0.019261
v 0.103229 6.087810 0.033001
v 0.039099 6.104197 0.011861
v 0.107376 6.087810 0.012156
v 0.040662 6.104197 0.004005
v 0.107376 6.087810 -0.009098
v 0.040662 6.104197 -0.004005
v 0.103229 6.087810 -0.029943
v 0.039099 6.104197 -0.011861
v 0.095096 6.087810 -0.049578
v 0.036034 6.104197 -0.019260
v 0.083288 6.087810 -0.067250
v 0.031584 6.104197 -0.025920
v 0.068260 6.087810 -0.082279
v 0.025920 6.104197 -0.031584
v 0.050588 6.087810 -0.094086
v 0.019261 6.104197 -0.036034
v 0.030952 6.087810 -0.102220
v 0.011861 6.104197 -0.039099
v 0.004005 6.104197 -0.040662
v 0.028538 6.087874 -0.102746
v 0.008707 6.086570 -0.108284
vn -0.0309 0.8898 -0.4553
vn -0.0813 0.7825 -0.6173
vn -0.1389 0.7826 -0.6068
vn -0.1187 0.8929 -0.4344
vn 0.1634 0.7818 -0.6018
vn 0.1389 0.8923 -0.4296
vn 0.2108 0.7823 -0.5861
vn 0.2128 0.8924 -0.3979
vn 0.2653 0.7823 -0.5635
vn 0.2863 0.8924 -0.3487
vn 0.3702 0.7822 -0.5011
vn 0.3212 0.7823 -0.5338
vn 0.3488 0.8925 -0.2861
vn 0.4610 0.7821 -0.4193
vn 0.4192 0.7822 -0.4610
vn 0.3979 0.8925 -0.2125
vn 0.5342 0.7818 -0.3215
vn 0.5013 0.7819 -0.3705
vn 0.4316 0.8926 -0.1307
vn 0.5870 0.7815 -0.2113
vn 0.5642 0.7817 -0.2657
vn 0.4486 0.8926 -0.0439
vn 0.6174 0.7812 -0.0928
vn 0.6056 0.7814 -0.1507
vn 0.4485 0.8927 0.0444
vn 0.6241 0.7808 0.0295
vn 0.6239 0.7810 -0.0297
vn 0.4310 0.8928 0.1310
vn 0.6068 0.7804 0.1508
vn 0.6181 0.7806 0.0927
vn 0.3971 0.8928 0.2125
vn 0.5662 0.7800 0.2665
vn 0.5887 0.7802 0.2117
vn 0.3479 0.8929 0.2858
vn 0.5038 0.7796 0.3722
vn 0.5365 0.7797 0.3227
vn 0.2854 0.8930 0.3481
vn 0.4218 0.7792 0.4636
vn 0.4636 0.7793 0.4215
vn 0.2120 0.8930 0.3970
vn 0.3235 0.7788 0.5374
vn 0.3727 0.7790 0.5043
vn 0.1305 0.8931 0.4306
vn 0.2125 0.7785 0.5905
vn 0.2673 0.7787 0.5676
vn 0.0440 0.8931 0.4477
vn 0.0933 0.7783 0.6209
vn 0.1515 0.7784 0.6092
vn -0.0442 0.8931 0.4477
vn -0.0297 0.7781 0.6274
vn 0.0298 0.7782 0.6273
vn -0.1306 0.8931 0.4305
vn -0.1516 0.7781 0.6096
vn -0.0932 0.7781 0.6212
vn -0.2120 0.8931 0.3967
vn -0.2676 0.7781 0.5683
vn -0.2127 0.7781 0.5911
vn -0.2853 0.8931 0.3478
vn -0.3733 0.7782 0.5051
vn -0.3239 0.7781 0.5382
vn -0.3477 0.8931 0.2855
vn -0.4645 0.7783 0.4224
vn -0.4226 0.7782 0.4645
vn -0.3968 0.8930 0.2123
vn -0.5378 0.7786 0.3235
vn -0.5049 0.7784 0.3730
vn -0.4307 0.8930 0.1309
vn -0.5902 0.7789 0.2122
vn -0.5676 0.7787 0.2672
vn -0.4480 0.8929 0.0444
vn -0.6198 0.7792 0.0930
vn -0.6085 0.7790 0.1512
vn -0.4482 0.8929 -0.0439
vn -0.6256 0.7796 -0.0297
vn -0.6258 0.7794 0.0296
vn -0.4311 0.8928 -0.1305
vn -0.6072 0.7800 -0.1511
vn -0.6190 0.7798 -0.0930
vn -0.3975 0.8927 -0.2122
vn -0.5656 0.7804 -0.2664
vn -0.5885 0.7802 -0.2118
vn -0.3486 0.8927 -0.2858
vn -0.5024 0.7808 -0.3714
vn -0.5354 0.7807 -0.3223
vn -0.2862 0.8926 -0.3484
vn -0.4199 0.7812 -0.4619
vn -0.4619 0.7811 -0.4202
vn -0.2128 0.8925 -0.3977
vn -0.3216 0.7816 -0.5345
vn -0.3708 0.7814 -0.5019
vn -0.0302 0.7823 -0.6222
vn 0.0350 0.8868 -0.4608
vn 0.0295 0.7819 -0.6228
vn -0.0052 0.9910 -0.1340
vn -0.0297 0.9916 -0.1262
vn -0.0602 0.9918 -0.1130
vn -0.0808 0.9918 -0.0987
vn -0.0981 0.9919 -0.0807
vn -0.1114 0.9920 -0.0598
vn -0.1204 0.9920 -0.0367
vn -0.1247 0.9921 -0.0125
vn -0.1242 0.9922 0.0121
vn -0.1190 0.9922 0.0359
vn -0.1094 0.9923 0.0583
vn -0.0956 0.9923 0.0783
vn -0.0783 0.9924 0.0953
vn -0.0581 0.9924 0.1087
vn -0.0358 0.9924 0.1179
vn -0.0120 0.9924 0.1227
vn 0.0122 0.9924 0.1228
vn 0.0360 0.9923 0.1183
vn 0.0586 0.9923 0.1093
vn 0.0791 0.9922 0.0961
vn 0.0967 0.9922 0.0792
vn 0.1108 0.9921 0.0590
vn 0.1207 0.9920 0.0364
vn 0.1261 0.9919 0.0122
vn 0.1266 0.9919 -0.0127
vn 0.1222 0.9918 -0.0372
vn 0.1129 0.9918 -0.0605
vn 0.0993 0.9917 -0.0816
vn 0.0816 0.9917 -0.0996
vn 0.0607 0.9917 -0.1137
vn 0.0392 0.9917 -0.1226
vn 0.0128 0.9913 -0.1309
vn 0.0899 0.7820 -0.6168
vn -0.2656 0.7817 -0.5642
vn -0.2110 0.7819 -0.5867
vn 0.1314 0.7827 -0.6084
vn 0.0826 0.8990 -0.4300
vn -0.0000 -1.0000 -0.0000
vt 0.249362 0.291563
vt 0.206654 0.485731
vt 0.199836 0.484375
vt 0.238139 0.289105
vt 0.300164 0.484375
vt 0.261857 0.289089
vt 0.338502 0.472745
vt 0.269262 0.286040
vt 0.344924 0.470085
vt 0.261864 0.289104
vt 0.275923 0.281590
vt 0.386037 0.447337
vt 0.380256 0.451199
vt 0.269265 0.286038
vt 0.281588 0.275925
vt 0.421921 0.417006
vt 0.417006 0.421921
vt 0.275925 0.281588
vt 0.286039 0.269265
vt 0.451199 0.380256
vt 0.447337 0.386037
vt 0.281590 0.275923
vt 0.289104 0.261864
vt 0.472745 0.338502
vt 0.470085 0.344924
vt 0.286040 0.269262
vt 0.290668 0.254007
vt 0.485731 0.293346
vt 0.484375 0.300164
vt 0.289105 0.261861
vt 0.290668 0.245996
vt 0.489658 0.246524
vt 0.489658 0.253476
vt 0.290668 0.254004
vt 0.289105 0.238139
vt 0.484375 0.199836
vt 0.485731 0.206654
vt 0.290668 0.245993
vt 0.286040 0.230738
vt 0.470085 0.155076
vt 0.472745 0.161498
vt 0.289104 0.238136
vt 0.281590 0.224077
vt 0.447337 0.113963
vt 0.451199 0.119744
vt 0.286038 0.230735
vt 0.275925 0.218412
vt 0.417006 0.078079
vt 0.421921 0.082994
vt 0.281588 0.224075
vt 0.269265 0.213962
vt 0.380256 0.048801
vt 0.386037 0.052663
vt 0.275923 0.218410
vt 0.261864 0.210896
vt 0.338502 0.027255
vt 0.344924 0.029915
vt 0.269262 0.213960
vt 0.254007 0.209332
vt 0.293346 0.014269
vt 0.300164 0.015625
vt 0.261861 0.210895
vt 0.245996 0.209332
vt 0.246524 0.010342
vt 0.253476 0.010342
vt 0.254004 0.209332
vt 0.238139 0.210895
vt 0.199836 0.015625
vt 0.206654 0.014269
vt 0.245993 0.209332
vt 0.230738 0.213960
vt 0.155076 0.029915
vt 0.161498 0.027255
vt 0.238136 0.210896
vt 0.224077 0.218410
vt 0.113963 0.052663
vt 0.119744 0.048801
vt 0.230735 0.213962
vt 0.218412 0.224075
vt 0.078079 0.082994
vt 0.082994 0.078079
vt 0.224075 0.218412
vt 0.213962 0.230735
vt 0.048801 0.119744
vt 0.052663 0.113963
vt 0.218410 0.224077
vt 0.210896 0.238136
vt 0.027255 0.161498
vt 0.029915 0.155076
vt 0.213960 0.230738
vt 0.209332 0.245993
vt 0.014269 0.206654
vt 0.015625 0.199836
vt 0.210895 0.238139
vt 0.209332 0.254004
vt 0.010342 0.253476
vt 0.010342 0.246524
vt 0.209332 0.245996
vt 0.210895 0.261861
vt 0.015625 0.300164
vt 0.014269 0.293346
vt 0.209332 0.254007
vt 0.213960 0.269262
vt 0.029915 0.344924
vt 0.027255 0.338502
vt 0.210896 0.261864
vt 0.218410 0.275923
vt 0.052663 0.386037
vt 0.048801 0.380256
vt 0.213962 0.269265
vt 0.224075 0.281588
vt 0.082994 0.421921
vt 0.078079 0.417006
vt 0.218412 0.275925
vt 0.230735 0.286039
vt 0.119744 0.451199
vt 0.113963 0.447337
vt 0.224077 0.281590
vt 0.246524 0.489658
vt 0.249405 0.291346
vt 0.253476 0.291373
vt 0.253476 0.489658
vt 0.249396 0.291439
vt 0.247169 0.278744
vt 0.241616 0.277640
vt 0.236385 0.275473
vt 0.231677 0.272327
vt 0.227673 0.268323
vt 0.224527 0.263616
vt 0.222361 0.258384
vt 0.221256 0.252831
vt 0.221256 0.247169
vt 0.222361 0.241616
vt 0.224527 0.236385
vt 0.227673 0.231677
vt 0.231677 0.227673
vt 0.236385 0.224527
vt 0.241616 0.222361
vt 0.247169 0.221256
vt 0.252831 0.221256
vt 0.258384 0.222361
vt 0.263615 0.224527
vt 0.268323 0.227673
vt 0.272327 0.231677
vt 0.275473 0.236385
vt 0.277640 0.241616
vt 0.278744 0.247169
vt 0.278744 0.252831
vt 0.277640 0.258384
vt 0.275473 0.263615
vt 0.272327 0.268323
vt 0.268323 0.272327
vt 0.263615 0.275473
vt 0.258384 0.277639
vt 0.252831 0.278744
vt 0.291954 0.485868
vt 0.269255 0.286024
vt 0.275913 0.281576
vt 0.281576 0.275913
vt 0.286024 0.269255
vt 0.289089 0.261857
vt 0.290651 0.254004
vt 0.290651 0.245996
vt 0.289089 0.238143
vt 0.286024 0.230745
vt 0.281576 0.224087
vt 0.275913 0.218424
vt 0.269255 0.213976
vt 0.261857 0.210911
vt 0.254004 0.209349
vt 0.245996 0.209349
vt 0.238143 0.210911
vt 0.230745 0.213976
vt 0.224087 0.218424
vt 0.218424 0.224087
vt 0.213976 0.230745
vt 0.210911 0.238143
vt 0.209349 0.245996
vt 0.209349 0.254004
vt 0.210911 0.261857
vt 0.213976 0.269255
vt 0.218424 0.275913
vt 0.224087 0.281576
vt 0.230745 0.286024
vt 0.155076 0.470085
vt 0.161498 0.472745
vt 0.238143 0.289089
vt 0.238136 0.289104
vt 0.230738 0.286040
vt 0.261861 0.289105
vt 0.299769 0.484453
vt 0.260948 0.289287
vt 0.746524 0.489658
vt 0.753476 0.489658
vt 0.791954 0.485868
vt 0.799769 0.484453
vt 0.800164 0.484375
vt 0.838502 0.472745
vt 0.844924 0.470085
vt 0.880256 0.451199
vt 0.886037 0.447337
vt 0.917006 0.421921
vt 0.921921 0.417006
vt 0.947337 0.386037
vt 0.951199 0.380256
vt 0.970084 0.344924
vt 0.972745 0.338502
vt 0.984375 0.300164
vt 0.985731 0.293346
vt 0.989658 0.253476
vt 0.989658 0.246524
vt 0.985731 0.206654
vt 0.984374 0.199836
vt 0.972745 0.161498
vt 0.970084 0.155076
vt 0.951199 0.119744
vt 0.947337 0.113963
vt 0.921921 0.082994
vt 0.917006 0.078079
vt 0.886037 0.052663
vt 0.880256 0.048801
vt 0.844924 0.029915
vt 0.838502 0.027255
vt 0.800164 0.015625
vt 0.793346 0.014269
vt 0.753476 0.010342
vt 0.746524 0.010342
vt 0.706654 0.014269
vt 0.699836 0.015625
vt 0.661498 0.027255
vt 0.655075 0.029915
vt 0.619744 0.048801
vt 0.613963 0.052663
vt 0.582994 0.078079
vt 0.578078 0.082994
vt 0.552663 0.113963
vt 0.548801 0.119744
vt 0.529915 0.155076
vt 0.527255 0.161498
vt 0.515625 0.199836
vt 0.514269 0.206654
vt 0.510342 0.246524
vt 0.510342 0.253476
vt 0.514269 0.293346
vt 0.515625 0.300164
vt 0.527255 0.338502
vt 0.529915 0.344924
vt 0.548801 0.380256
vt 0.552663 0.386037
vt 0.578079 0.417006
vt 0.582994 0.421921
vt 0.613963 0.447337
vt 0.619744 0.451199
vt 0.655075 0.470085
vt 0.661498 0.472745
vt 0.699836 0.484375
vt 0.706654 0.485731
s 1
f 803/1068/739 800/1069/740 799/1070/741 805/1071/742
f 740/1072/743 863/1073/744 741/1074/745
f 861/1075/746 742/1076/747 741/1074/745 863/1077/744
f 859/1078/748 744/1079/749 743/1080/750 861/1081/746
f 857/1082/751 746/1083/752 745/1084/753 859/1085/748
f 855/1086/754 748/1087/755 747/1088/756 857/1089/751
f 853/1090/757 750/1091/758 749/1092/759 855/1093/754
f 851/1094/760 752/1095/761 751/1096/762 853/1097/757
f 849/1098/763 754/1099/764 753/1100/765 851/1101/760
f 847/1102/766 756/1103/767 755/1104/768 849/1105/763
f 845/1106/769 758/1107/770 757/1108/771 847/1109/766
f 843/1110/772 760/1111/773 759/1112/774 845/1113/769
f 841/1114/775 762/1115/776 761/1116/777 843/1117/772
f 839/1118/778 764/1119/779 763/1120/780 841/1121/775
f 837/1122/781 766/1123/782 765/1124/783 839/1125/778
f 835/1126/784 768/1127/785 767/1128/786 837/1129/781
f 833/1130/787 770/1131/788 769/1132/789 835/1133/784
f 831/1134/790 772/1135/791 771/1136/792 833/1137/787
f 829/1138/793 774/1139/794 773/1140/795 831/1141/790
f 827/1142/796 776/1143/797 775/1144/798 829/1145/793
f 825/1146/799 778/1147/800 777/1148/801 827/1149/796
f 823/1150/802 780/1151/803 779/1152/804 825/1153/799
f 821/1154/805 782/1155/806 781/1156/807 823/1157/802
f 819/1158/808 784/1159/809 783/1160/810 821/1161/805
f 817/1162/811 786/1163/812 785/1164/813 819/1165/808
f 815/1166/814 788/1167/815 787/1168/816 817/1169/811
f 813/1170/817 790/1171/818 789/1172/819 815/1173/814
f 811/1174/820 792/1175/821 791/1176/822 813/1177/817
f 809/1178/823 794/1179/824 793/1180/825 811/1181/820
f 807/1182/826 796/1183/827 795/1184/828 809/1185/823
f 738/1186/829 803/1187/739 867/1188/830 739/1189/831
f 800/1069/740 803/1190/739 738/1186/829
f 804/1191/832 806/1192/833 808/1193/834 810/1194/835 812/1195/836 814/1196/837 816/1197/838 818/1198/839 820/1199/840 822/1200/841 824/1201/842 826/1202/843 828/1203/844 830/1204/845 832/1205/846 834/1206/847 836/1207/848 838/1208/849 840/1209/850 842/1210/851 844/1211/852 846/1212/853 848/1213/854 850/1214/855 852/1215/856 854/1216/857 856/1217/858 858/1218/859 860/1219/860 862/1220/861 864/1221/862 865/1222/863
f 739/1189/831 867/1188/830 801/1223/864
f 742/1076/747 861/1224/746 743/1080/750
f 744/1079/749 859/1225/748 745/1084/753
f 746/1083/752 857/1226/751 747/1088/756
f 748/1087/755 855/1227/754 749/1092/759
f 750/1091/758 853/1228/757 751/1096/762
f 752/1095/761 851/1229/760 753/1100/765
f 754/1099/764 849/1230/763 755/1104/768
f 756/1103/767 847/1231/766 757/1108/771
f 758/1107/770 845/1232/769 759/1112/774
f 760/1111/773 843/1233/772 761/1116/777
f 762/1115/776 841/1234/775 763/1120/780
f 764/1119/779 839/1235/778 765/1124/783
f 766/1123/782 837/1236/781 767/1128/786
f 768/1127/785 835/1237/784 769/1132/789
f 770/1131/788 833/1238/787 771/1136/792
f 772/1135/791 831/1239/790 773/1140/795
f 774/1139/794 829/1240/793 775/1144/798
f 776/1143/797 827/1241/796 777/1148/801
f 778/1147/800 825/1242/799 779/1152/804
f 780/1151/803 823/1243/802 781/1156/807
f 782/1155/806 821/1244/805 783/1160/810
f 784/1159/809 819/1245/808 785/1164/813
f 786/1163/812 817/1246/811 787/1168/816
f 788/1167/815 815/1247/814 789/1172/819
f 790/1171/818 813/1248/817 791/1176/822
f 792/1175/821 811/1249/820 793/1180/825
f 794/1179/824 809/1250/823 795/1184/828
f 796/1183/827 807/1251/826 797/1252/865
f 798/1253/866 805/1254/742 799/1070/741
f 805/1255/742 798/1253/866 797/1252/865 807/1256/826
f 863/1257/744 740/1072/743 802/1258/867 866/1259/868
f 865/1222/863 866/1259/868 867/1188/830
f 867/1188/830 803/1187/739 804/1191/832 865/1222/863
f 803/1068/739 805/1071/742 806/1192/833 804/1191/832
f 805/1255/742 807/1256/826 808/1193/834 806/1192/833
f 807/1182/826 809/1185/823 810/1194/835 808/1193/834
f 809/1178/823 811/1181/820 812/1195/836 810/1194/835
f 811/1174/820 813/1177/817 814/1196/837 812/1195/836
f 813/1170/817 815/1173/814 816/1197/838 814/1196/837
f 815/1166/814 817/1169/811 818/1198/839 816/1197/838
f 817/1162/811 819/1165/808 820/1199/840 818/1198/839
f 819/1158/808 821/1161/805 822/1200/841 820/1199/840
f 821/1154/805 823/1157/802 824/1201/842 822/1200/841
f 823/1150/802 825/1153/799 826/1202/843 824/1201/842
f 825/1146/799 827/1149/796 828/1203/844 826/1202/843
f 827/1142/796 829/1145/793 830/1204/845 828/1203/844
f 829/1138/793 831/1141/790 832/1205/846 830/1204/845
f 831/1134/790 833/1137/787 834/1206/847 832/1205/846
f 833/1130/787 835/1133/784 836/1207/848 834/1206/847
f 835/1126/784 837/1129/781 838/1208/849 836/1207/848
f 837/1122/781 839/1125/778 840/1209/850 838/1208/849
f 839/1118/778 841/1121/775 842/1210/851 840/1209/850
f 841/1114/775 843/1117/772 844/1211/852 842/1210/851
f 843/1110/772 845/1113/769 846/1212/853 844/1211/852
f 845/1106/769 847/1109/766 848/1213/854 846/1212/853
f 847/1102/766 849/1105/763 850/1214/855 848/1213/854
f 849/1098/763 851/1101/760 852/1215/856 850/1214/855
f 851/1094/760 853/1097/757 854/1216/857 852/1215/856
f 853/1090/757 855/1093/754 856/1217/858 854/1216/857
f 855/1086/754 857/1089/751 858/1218/859 856/1217/858
f 857/1082/751 859/1085/748 860/1219/860 858/1218/859
f 859/1078/748 861/1081/746 862/1220/861 860/1219/860
f 861/1075/746 863/1077/744 864/1221/862 862/1220/861
f 863/1257/744 866/1259/868 865/1222/863 864/1221/862
f 801/1223/864 867/1188/830 866/1259/868 802/1258/867
f 738/1260/869 739/1261/869 801/1262/869 802/1263/869 740/1264/869 741/1265/869 742/1266/869 743/1267/869 744/1268/869 745/1269/869 746/1270/869 747/1271/869 748/1272/869 749/1273/869 750/1274/869 751/1275/869 752/1276/869 753/1277/869 754/1278/869 755/1279/869 756/1280/869 757/1281/869 758/1282/869 759/1283/869 760/1284/869 761/1285/869 762/1286/869 763/1287/869 764/1288/869 765/1289/869 766/1290/869 767/1291/869 768/1292/869 769/1293/869 770/1294/869 771/1295/869 772/1296/869 773/1297/869 774/1298/869 775/1299/869 776/1300/869 777/1301/869 778/1302/869 779/1303/869 780/1304/869 781/1305/869 782/1306/869 783/1307/869 784/1308/869 785/1309/869 786/1310/869 787/1311/869 788/1312/869 789/1313/869 790/1314/869 791/1315/869 792/1316/869 793/1317/869 794/1318/869 795/1319/869 796/1320/869 797/1321/869 798/1322/869 799/1323/869 800/1324/869
o Mk_1_Crew_Capsule
v 0.173648 4.334340 -0.984808
v 0.059275 5.904047 -0.336164
v 0.362438 4.334340 -0.932008
v 0.123718 5.904047 -0.318141
v 0.537300 4.334340 -0.843391
v 0.183407 5.904047 -0.287892
v 0.691513 4.334340 -0.722364
v 0.236048 5.904047 -0.246579
v 0.819152 4.334340 -0.573576
v 0.279617 5.904047 -0.195790
v 0.915311 4.334340 -0.402747
v 0.312441 5.904047 -0.137478
v 0.976296 4.334340 -0.216440
v 0.333258 5.904047 -0.073882
v 0.999762 4.334340 -0.021815
v 0.341269 5.904047 -0.007447
v 0.984808 4.334340 0.173648
v 0.336164 5.904047 0.059275
v 0.932008 4.334340 0.362438
v 0.318141 5.904047 0.123718
v 0.843391 4.334340 0.537300
v 0.287892 5.904047 0.183407
v 0.722364 4.334340 0.691513
v 0.246579 5.904047 0.236048
v 0.573576 4.334340 0.819152
v 0.195790 5.904047 0.279617
v 0.402747 4.334340 0.915311
v 0.137478 5.904047 0.312441
v 0.216440 4.334340 0.976296
v 0.073882 5.904047 0.333258
v 0.021815 4.334340 0.999762
v 0.007447 5.904047 0.341269
v -0.173648 4.334340 0.984808
v -0.059275 5.904047 0.336164
v -0.362438 4.334340 0.932008
v -0.123718 5.904047 0.318141
v -0.537300 4.334340 0.843391
v -0.183407 5.904047 0.287892
v -0.691513 4.334340 0.722364
v -0.236048 5.904047 0.246579
v -0.819152 4.334340 0.573576
v -0.279617 5.904047 0.195790
v -0.915311 4.334340 0.402747
v -0.312441 5.904047 0.137478
v -0.976296 4.334340 0.216440
v -0.333258 5.904047 0.073882
v -0.999762 4.334340 0.021815
v -0.341269 5.904047 0.007446
v -0.984808 4.334340 -0.173648
v -0.336164 5.904047 -0.059275
v -0.932008 4.334340 -0.362438
v -0.318141 5.904047 -0.123718
v -0.843391 4.334340 -0.537300
v -0.287892 5.904047 -0.183407
v -0.722364 4.334340 -0.691513
v -0.246579 5.904047 -0.236048
v -0.573576 4.334340 -0.819152
v -0.195790 5.904047 -0.279617
v -0.402747 4.334340 -0.915311
v -0.137478 5.904047 -0.312441
v -0.216440 4.334340 -0.976296
v -0.073882 5.904047 -0.333259
v -0.021815 4.334340 -0.999762
v -0.007446 5.904047 -0.341269
v 0.268043 4.334340 -0.958408
v 0.091496 5.904047 -0.327152
v 0.116824 5.119756 -0.661781
v 0.243078 5.119194 -0.625074
v 0.449869 4.334340 -0.887700
v 0.153563 5.904047 -0.303016
v 0.360353 5.119194 -0.565641
v 0.614406 4.334340 -0.782878
v 0.209728 5.904047 -0.267235
v 0.463780 5.119194 -0.484471
v 0.755333 4.334340 -0.647970
v 0.257833 5.904047 -0.221185
v 0.549385 5.119194 -0.384683
v 0.867232 4.334340 -0.488162
v 0.296029 5.904047 -0.166634
v 0.613876 5.119194 -0.270112
v 0.945804 4.334340 -0.309593
v 0.322850 5.904047 -0.105680
v 0.654777 5.119194 -0.145161
v 0.988029 4.334340 -0.119127
v 0.337264 5.904047 -0.040664
v 0.670515 5.119194 -0.014631
v 0.992285 4.334340 0.075917
v 0.338716 5.904047 0.025914
v 0.660486 5.119194 0.116461
v 0.958408 4.334340 0.268043
v 0.327152 5.904047 0.091496
v 0.625074 5.119194 0.243078
v 0.887700 4.334340 0.449869
v 0.303016 5.904047 0.153563
v 0.565641 5.119194 0.360353
v 0.782878 4.334340 0.614406
v 0.267235 5.904047 0.209728
v 0.484471 5.119194 0.463780
v 0.647970 4.334340 0.755333
v 0.221185 5.904047 0.257833
v 0.384683 5.119194 0.549385
v 0.488162 4.334340 0.867232
v 0.166634 5.904047 0.296029
v 0.270112 5.119194 0.613876
v 0.309593 4.334340 0.945804
v 0.105680 5.904047 0.322850
v 0.145161 5.119194 0.654777
v 0.119127 4.334340 0.988029
v 0.040664 5.904047 0.337264
v 0.014631 5.119194 0.670515
v -0.075917 4.334340 0.992285
v -0.025914 5.904047 0.338716
v -0.116461 5.119194 0.660486
v -0.268043 4.334340 0.958408
v -0.091496 5.904047 0.327152
v -0.243078 5.119194 0.625074
v -0.449869 4.334340 0.887700
v -0.153563 5.904047 0.303016
v -0.360353 5.119194 0.565641
v -0.614406 4.334340 0.782878
v -0.209728 5.904047 0.267235
v -0.463780 5.119194 0.484471
v -0.755333 4.334340 0.647970
v -0.257833 5.904047 0.221185
v -0.549385 5.119194 0.384683
v -0.867232 4.334340 0.488162
v -0.296029 5.904047 0.166634
v -0.613876 5.119194 0.270112
v -0.945804 4.334340 0.309593
v -0.322850 5.904047 0.105680
v -0.988029 4.334340 0.119127
v -0.337264 5.904047 0.040664
v -0.992285 4.334340 -0.075917
v -0.338716 5.904047 -0.025914
v -0.958408 4.334340 -0.268043
v -0.327152 5.904047 -0.091496
v -0.625074 5.119194 -0.243078
v -0.887700 4.334340 -0.449869
v -0.303016 5.904047 -0.153563
v -0.565641 5.119194 -0.360353
v -0.782878 4.334340 -0.614406
v -0.267235 5.904047 -0.209728
v -0.484471 5.119194 -0.463780
v -0.647970 4.334340 -0.755333
v -0.221185 5.904047 -0.257833
v -0.384683 5.119194 -0.549385
v -0.488162 4.334340 -0.867232
v -0.166634 5.904047 -0.296029
v -0.270112 5.119194 -0.613876
v -0.309593 4.334340 -0.945804
v -0.105680 5.904047 -0.322850
v -0.145161 5.119194 -0.654777
v -0.119127 4.334340 -0.988029
v -0.040664 5.904047 -0.337264
v -0.014631 5.119194 -0.670515
v 0.075917 4.334340 -0.992285
v 0.025914 5.904047 -0.338716
v 0.050915 5.119194 -0.665501
v -0.079896 5.119194 -0.662646
v -0.207636 5.119194 -0.634327
v -0.327398 5.119194 -0.581631
v -0.434577 5.119194 -0.506583
v -0.525056 5.119194 -0.412067
v -0.595358 5.119194 -0.301716
v -0.634327 5.119194 0.207636
v -0.581631 5.119194 0.327398
v -0.506583 5.119194 0.434577
v -0.412067 5.119194 0.525056
v -0.301716 5.119194 0.595358
v -0.179770 5.119194 0.642780
v -0.050915 5.119194 0.665501
v 0.079896 5.119194 0.662646
v 0.207636 5.119194 0.634327
v 0.327398 5.119194 0.581631
v 0.434577 5.119194 0.506583
v 0.525056 5.119194 0.412067
v 0.595358 5.119194 0.301716
v 0.642780 5.119194 0.179770
v 0.665501 5.119194 0.050915
v 0.662646 5.119194 -0.079896
v 0.634327 5.119194 -0.207636
v 0.581631 5.119194 -0.327398
v 0.506583 5.119194 -0.434577
v 0.412067 5.119194 -0.525056
v 0.301716 5.119194 -0.595358
v 0.180057 5.119640 -0.643809
v 0.315241 4.334340 -0.945208
v 0.075386 5.904047 -0.331658
v 0.087868 5.511621 -0.498325
v 0.302758 4.726767 -0.778541
v 0.493584 4.334340 -0.865546
v 0.138640 5.904047 -0.310578
v 0.448827 4.726767 -0.704516
v 0.652960 4.334340 -0.752621
v 0.196567 5.904047 -0.277563
v 0.577647 4.726767 -0.603418
v 0.787242 4.334340 -0.610773
v 0.246940 5.904047 -0.233882
v 0.684268 4.726767 -0.479130
v 0.891272 4.334340 -0.445454
v 0.287823 5.904047 -0.181212
v 0.764594 4.726767 -0.336429
v 0.961050 4.334340 -0.263016
v 0.317646 5.904047 -0.121579
v 0.815537 4.726767 -0.180800
v 0.993895 4.334340 -0.070471
v 0.335261 5.904047 -0.057273
v 0.835139 4.726767 -0.018223
v 0.988546 4.334340 0.124782
v 0.339992 5.904047 0.009234
v 0.822647 4.726767 0.145055
v 0.945208 4.334340 0.315241
v 0.331658 5.904047 0.075386
v 0.778541 4.726767 0.302758
v 0.865546 4.334340 0.493584
v 0.310578 5.904047 0.138640
v 0.704516 4.726767 0.448827
v 0.752621 4.334340 0.652960
v 0.277563 5.904047 0.196567
v 0.603418 4.726767 0.577647
v 0.610773 4.334340 0.787242
v 0.233882 5.904047 0.246940
v 0.479130 4.726767 0.684268
v 0.445454 4.334340 0.891272
v 0.181212 5.904047 0.287823
v 0.336429 4.726767 0.764594
v 0.263016 4.334340 0.961050
v 0.121579 5.904047 0.317646
v 0.180800 4.726767 0.815537
v 0.070471 4.334340 0.993895
v 0.057273 5.904047 0.335261
v 0.018223 4.726767 0.835139
v -0.124782 4.334340 0.988546
v -0.009234 5.904047 0.339992
v -0.145055 4.726767 0.822647
v -0.315241 4.334340 0.945208
v -0.075386 5.904047 0.331658
v -0.302758 4.726767 0.778541
v -0.493584 4.334340 0.865546
v -0.138640 5.904047 0.310578
v -0.448827 4.726767 0.704516
v -0.652960 4.334340 0.752621
v -0.196567 5.904047 0.277563
v -0.577647 4.726767 0.603418
v -0.787242 4.334340 0.610773
v -0.246940 5.904047 0.233882
v -0.684268 4.726767 0.479130
v -0.891272 4.334340 0.445454
v -0.287823 5.904047 0.181212
v -0.764594 4.726767 0.336429
v -0.961050 4.334340 0.263016
v -0.317646 5.904047 0.121579
v -0.821713 4.698174 0.179711
v -0.993895 4.334340 0.070471
v -0.335261 5.904047 0.057273
v -0.841315 4.698174 0.017134
v -0.988546 4.334340 -0.124782
v -0.339992 5.904047 -0.009234
v -0.828823 4.698174 -0.146144
v -0.945208 4.334340 -0.315241
v -0.331658 5.904047 -0.075386
v -0.784717 4.698174 -0.303847
v -0.865546 4.334340 -0.493584
v -0.310578 5.904047 -0.138640
v -0.704516 4.726767 -0.448827
v -0.752621 4.334340 -0.652960
v -0.277563 5.904047 -0.196567
v -0.603418 4.726767 -0.577647
v -0.610773 4.334340 -0.787242
v -0.233882 5.904047 -0.246940
v -0.479130 4.726767 -0.684268
v -0.445454 4.334340 -0.891272
v -0.181212 5.904047 -0.287823
v -0.336429 4.726767 -0.764594
v -0.263016 4.334340 -0.961050
v -0.121579 5.904047 -0.317646
v -0.180800 4.726767 -0.815537
v -0.070471 4.334340 -0.993895
v -0.057273 5.904047 -0.335261
v -0.018223 4.726767 -0.835139
v 0.124782 4.334340 -0.988546
v 0.009234 5.904047 -0.339992
v 0.220846 4.334340 -0.971608
v 0.107607 5.904047 -0.322647
v 0.145055 4.726767 -0.822647
v 0.183398 5.511621 -0.471608
v 0.406153 4.334340 -0.909854
v 0.168485 5.904047 -0.295454
v 0.271880 5.511621 -0.426767
v 0.575853 4.334340 -0.813134
v 0.222888 5.904047 -0.256907
v 0.349914 5.511621 -0.365525
v 0.723423 4.334340 -0.685167
v 0.268725 5.904047 -0.208487
v 0.414501 5.511621 -0.290237
v 0.843192 4.334340 -0.530869
v 0.304235 5.904047 -0.152056
v 0.463159 5.511621 -0.203795
v 0.930558 4.334340 -0.356170
v 0.328054 5.904047 -0.089781
v 0.494018 5.511621 -0.109521
v 0.982162 4.334340 -0.167783
v 0.339266 5.904047 -0.024055
v 0.505892 5.511621 -0.011039
v 0.996023 4.334340 0.027051
v 0.337440 5.904047 0.042594
v 0.498325 5.511621 0.087868
v 0.971608 4.334340 0.220846
v 0.322647 5.904047 0.107607
v 0.471608 5.511621 0.183398
v 0.909854 4.334340 0.406153
v 0.295454 5.904047 0.168485
v 0.426766 5.511621 0.271880
v 0.813134 4.334340 0.575853
v 0.256907 5.904047 0.222888
v 0.365525 5.511621 0.349914
v 0.685167 4.334340 0.723423
v 0.208487 5.904047 0.268725
v 0.290237 5.511621 0.414501
v 0.530869 4.334340 0.843192
v 0.152056 5.904047 0.304235
v 0.203795 5.511621 0.463159
v 0.356170 4.334340 0.930558
v 0.089781 5.904047 0.328054
v 0.109521 5.511621 0.494018
v 0.167783 4.334340 0.982162
v 0.024055 5.904047 0.339266
v 0.011039 5.511621 0.505892
v -0.027051 4.334340 0.996023
v -0.042594 5.904047 0.337440
v -0.087868 5.511621 0.498325
v -0.220846 4.334340 0.971608
v -0.107607 5.904047 0.322647
v -0.183398 5.511621 0.471608
v -0.406153 4.334340 0.909854
v -0.168485 5.904047 0.295454
v -0.271880 5.511621 0.426766
v -0.575853 4.334340 0.813134
v -0.222888 5.904047 0.256907
v -0.349914 5.511621 0.365525
v -0.723423 4.334340 0.685167
v -0.268725 5.904047 0.208487
v -0.414501 5.511621 0.290237
v -0.843192 4.334340 0.530869
v -0.304235 5.904047 0.152056
v -0.463159 5.511621 0.203795
v -0.930558 4.334340 0.356170
v -0.328054 5.904047 0.089781
v -0.476373 5.534721 0.112632
v -0.982162 4.334340 0.167783
v -0.339266 5.904047 0.024055
v -0.488247 5.534721 0.014150
v -0.996023 4.334340 -0.027051
v -0.337440 5.904047 -0.042594
v -0.480680 5.534721 -0.084757
v -0.971608 4.334340 -0.220846
v -0.322647 5.904047 -0.107607
v -0.453963 5.534721 -0.180287
v -0.909854 4.334340 -0.406153
v -0.295454 5.904047 -0.168485
v -0.426766 5.511621 -0.271880
v -0.813134 4.334340 -0.575853
v -0.256907 5.904047 -0.222888
v -0.365525 5.511621 -0.349914
v -0.685167 4.334340 -0.723423
v -0.208487 5.904047 -0.268725
v -0.290237 5.511621 -0.414501
v -0.530869 4.334340 -0.843192
v -0.152056 5.904047 -0.304235
v -0.203795 5.511621 -0.463159
v -0.356170 4.334340 -0.930558
v -0.089781 5.904047 -0.328054
v -0.109521 5.511621 -0.494018
v -0.167783 4.334340 -0.982162
v -0.024055 5.904047 -0.339266
v -0.011039 5.511621 -0.505892
v 0.027051 4.334340 -0.996023
v 0.042594 5.904047 -0.337440
v 0.083731 5.119259 -0.663144
v 0.018142 5.119194 -0.668008
v 0.063416 4.726767 -0.828893
v 0.038415 5.511621 -0.502108
v -0.047263 5.119194 -0.666581
v -0.112528 5.119194 -0.658712
v -0.099511 4.726767 -0.825338
v -0.060280 5.511621 -0.499955
v -0.176399 5.119194 -0.644552
v -0.238874 5.119194 -0.624102
v -0.258615 4.726767 -0.790065
v -0.156658 5.511621 -0.478588
v -0.298755 5.119194 -0.597754
v -0.356040 5.119194 -0.565508
v -0.407780 4.726767 -0.724431
v -0.247016 5.511621 -0.438830
v -0.409630 5.119194 -0.527984
v -0.459524 5.119194 -0.485182
v -0.541274 4.726767 -0.630958
v -0.327881 5.511621 -0.382208
v -0.504764 5.119194 -0.437924
v -0.545349 5.119194 -0.386210
v -0.653967 4.726767 -0.513237
v -0.396146 5.511621 -0.310897
v -0.580500 5.119194 -0.331035
v -0.610216 5.119194 -0.272397
v -0.741529 4.726767 -0.375792
v -0.449187 5.511621 -0.227639
v -0.806770 4.698174 -0.224995
v -0.467322 5.534721 -0.132522
v -0.835069 4.698174 -0.064505
v -0.484464 5.534721 -0.035304
v -0.831514 4.698174 0.098422
v -0.482310 5.534721 0.063391
v -0.624102 5.119194 0.238874
v -0.790065 4.726767 0.258615
v -0.478588 5.511621 0.156658
v -0.597754 5.119194 0.298755
v -0.565508 5.119194 0.356041
v -0.724431 4.726767 0.407780
v -0.438830 5.511621 0.247016
v -0.527984 5.119194 0.409630
v -0.485182 5.119194 0.459524
v -0.630958 4.726767 0.541274
v -0.382208 5.511621 0.327881
v -0.437924 5.119194 0.504764
v -0.386210 5.119194 0.545349
v -0.513237 4.726767 0.653967
v -0.310897 5.511621 0.396146
v -0.331035 5.119194 0.580500
v -0.272397 5.119194 0.610216
v -0.375792 4.726767 0.741529
v -0.227639 5.511621 0.449187
v -0.211424 5.119194 0.633927
v -0.148116 5.119194 0.651633
v -0.223906 4.726767 0.800594
v -0.135633 5.511621 0.484966
v -0.083688 5.119194 0.662993
v -0.018142 5.119194 0.668008
v -0.063416 4.726767 0.828893
v -0.038415 5.511621 0.502108
v 0.047263 5.119194 0.666581
v 0.112528 5.119194 0.658712
v 0.099511 4.726767 0.825338
v 0.060280 5.511621 0.499955
v 0.176399 5.119194 0.644552
v 0.238874 5.119194 0.624102
v 0.258615 4.726767 0.790065
v 0.156658 5.511621 0.478588
v 0.298755 5.119194 0.597754
v 0.356041 5.119194 0.565508
v 0.407780 4.726767 0.724431
v 0.247016 5.511621 0.438830
v 0.409630 5.119194 0.527984
v 0.459524 5.119194 0.485182
v 0.541274 4.726767 0.630958
v 0.327881 5.511621 0.382208
v 0.504764 5.119194 0.437924
v 0.545349 5.119194 0.386210
v 0.653967 4.726767 0.513237
v 0.396146 5.511621 0.310897
v 0.580500 5.119194 0.331035
v 0.610216 5.119194 0.272397
v 0.741529 4.726767 0.375792
v 0.449187 5.511621 0.227639
v 0.633927 5.119194 0.211424
v 0.651633 5.119194 0.148116
v 0.800594 4.726767 0.223906
v 0.484966 5.511621 0.135633
v 0.662993 5.119194 0.083688
v 0.668008 5.119194 0.018142
v 0.828893 4.726767 0.063416
v 0.502108 5.511621 0.038415
v 0.666581 5.119194 -0.047263
v 0.658712 5.119194 -0.112528
v 0.825338 4.726767 -0.099511
v 0.499955 5.511621 -0.060280
v 0.644552 5.119194 -0.176399
v 0.624102 5.119194 -0.238874
v 0.790065 4.726767 -0.258615
v 0.478588 5.511621 -0.156658
v 0.597754 5.119194 -0.298755
v 0.565508 5.119194 -0.356041
v 0.724431 4.726767 -0.407780
v 0.438830 5.511621 -0.247016
v 0.527984 5.119194 -0.409630
v 0.485182 5.119194 -0.459524
v 0.630958 4.726767 -0.541274
v 0.382208 5.511621 -0.327881
v 0.437924 5.119194 -0.504764
v 0.386210 5.119194 -0.545349
v 0.513237 4.726767 -0.653967
v 0.310897 5.511621 -0.396146
v 0.331035 5.119194 -0.580500
v 0.272397 5.119194 -0.610216
v 0.375792 4.726767 -0.741529
v 0.227639 5.511621 -0.449187
v 0.211427 5.119199 -0.633939
v 0.148657 5.120033 -0.653568
v 0.223906 4.726767 -0.800594
v 0.135633 5.511621 -0.484966
v 0.111751 5.511621 -0.491646
v 0.184481 4.726767 -0.811620
v 0.263332 4.726767 -0.789568
v 0.205519 5.511621 -0.460397
v 0.339275 4.726767 -0.760035
v 0.412309 4.726767 -0.723023
v 0.291389 5.511621 -0.411456
v 0.481032 4.726767 -0.679242
v 0.545442 4.726767 -0.628692
v 0.366061 5.511621 -0.346703
v 0.604302 4.726767 -0.572346
v 0.657613 4.726767 -0.510202
v 0.426666 5.511621 -0.268626
v 0.704350 4.726767 -0.443455
v 0.744513 4.726767 -0.372105
v 0.470874 5.511621 -0.180226
v 0.777330 4.726767 -0.297522
v 0.802801 4.726767 -0.219707
v 0.496986 5.511621 -0.084901
v 0.820437 4.726767 -0.140156
v 0.830238 4.726767 -0.058867
v 0.504000 5.511621 0.013688
v 0.832016 4.726767 0.022597
v 0.825770 4.726767 0.104235
v 0.491646 5.511621 0.111751
v 0.811620 4.726767 0.184481
v 0.789568 4.726767 0.263332
v 0.460397 5.511621 0.205519
v 0.760035 4.726767 0.339275
v 0.723023 4.726767 0.412309
v 0.411456 5.511621 0.291389
v 0.679242 4.726767 0.481032
v 0.628692 4.726767 0.545442
v 0.346703 5.511621 0.366061
v 0.572346 4.726767 0.604302
v 0.510202 4.726767 0.657613
v 0.268626 5.511621 0.426666
v 0.443455 4.726767 0.704350
v 0.372105 4.726767 0.744512
v 0.180226 5.511621 0.470874
v 0.297522 4.726767 0.777330
v 0.219707 4.726767 0.802801
v 0.084901 5.511621 0.496986
v 0.140156 4.726767 0.820437
v 0.058867 4.726767 0.830238
v -0.013688 5.511621 0.504000
v -0.022597 4.726767 0.832016
v -0.104235 4.726767 0.825770
v -0.111751 5.511621 0.491646
v -0.184481 4.726767 0.811620
v -0.263332 4.726767 0.789568
v -0.205519 5.511621 0.460397
v -0.339275 4.726767 0.760035
v -0.412309 4.726767 0.723023
v -0.291389 5.511621 0.411456
v -0.481032 4.726767 0.679242
v -0.545442 4.726767 0.628692
v -0.366061 5.511621 0.346703
v -0.604302 4.726767 0.572346
v -0.657613 4.726767 0.510202
v -0.426666 5.511621 0.268626
v -0.704350 4.726767 0.443455
v -0.744512 4.726767 0.372105
v -0.470874 5.511621 0.180226
v -0.777330 4.726767 0.297522
v -0.479342 5.534721 0.088012
v -0.826613 4.698174 0.139067
v -0.836414 4.698174 0.057778
v -0.486355 5.534721 -0.010577
v -0.838192 4.698174 -0.023686
v -0.831946 4.698174 -0.105324
v -0.474001 5.534721 -0.108639
v -0.817797 4.698174 -0.185570
v -0.460397 5.511621 -0.205519
v -0.760035 4.726767 -0.339275
v -0.723023 4.726767 -0.412309
v -0.411456 5.511621 -0.291389
v -0.679242 4.726767 -0.481032
v -0.628692 4.726767 -0.545442
v -0.346703 5.511621 -0.366061
v -0.572346 4.726767 -0.604302
v -0.510202 4.726767 -0.657613
v -0.268626 5.511621 -0.426666
v -0.443455 4.726767 -0.704350
v -0.372105 4.726767 -0.744513
v -0.180226 5.511621 -0.470874
v -0.297522 4.726767 -0.777330
v -0.219707 4.726767 -0.802801
v -0.084900 5.511621 -0.496986
v -0.140156 4.726767 -0.820437
v -0.058867 4.726767 -0.830238
v 0.013688 5.511621 -0.504000
v 0.022597 4.726767 -0.832016
v 0.104235 4.726767 -0.825770
v 0.063141 5.511621 -0.500217
v -0.035659 5.511621 -0.502923
v -0.133090 5.511621 -0.486303
v -0.225405 5.511621 -0.450994
v -0.309059 5.511621 -0.398354
v -0.380835 5.511621 -0.330406
v -0.437977 5.511621 -0.249760
v -0.482572 5.534721 -0.060030
v -0.485279 5.534721 0.038770
v -0.450994 5.511621 0.225405
v -0.398354 5.511621 0.309059
v -0.330406 5.511621 0.380835
v -0.249760 5.511621 0.437977
v -0.159516 5.511621 0.478287
v -0.063141 5.511621 0.500217
v 0.035659 5.511621 0.502923
v 0.133090 5.511621 0.486303
v 0.225405 5.511621 0.450994
v 0.309059 5.511621 0.398354
v 0.380835 5.511621 0.330406
v 0.437977 5.511621 0.249760
v 0.478287 5.511621 0.159516
v 0.500217 5.511621 0.063141
v 0.502923 5.511621 -0.035659
v 0.486303 5.511621 -0.133090
v 0.450994 5.511621 -0.225405
v 0.398354 5.511621 -0.309059
v 0.330406 5.511621 -0.380835
v 0.249760 5.511621 -0.437977
v 0.159516 5.511621 -0.478287
v -0.462471 5.498223 0.110385
v -0.474345 5.498223 0.011903
v -0.466778 5.498223 -0.087004
v -0.453420 5.498223 -0.134769
v -0.470562 5.498223 -0.037551
v -0.468408 5.498223 0.061144
v -0.613005 5.105796 0.177263
v -0.783990 4.713369 0.181664
v -0.803592 4.713369 0.019087
v -0.791100 4.713369 -0.144191
v -0.602381 5.105796 -0.210560
v -0.769047 4.713369 -0.223042
v -0.797346 4.713369 -0.062552
v -0.793791 4.713369 0.100376
v -0.771254 4.713369 0.220572
v -0.465440 5.498223 0.085765
v -0.788891 4.713369 0.141020
v -0.798692 4.713369 0.059731
v -0.472454 5.498223 -0.012824
v -0.800469 4.713369 -0.021732
v -0.794223 4.713369 -0.103371
v -0.460099 5.498223 -0.110886
v -0.780074 4.713369 -0.183616
v -0.758021 4.713369 -0.262468
v -0.446740 5.498223 -0.158651
v -0.468670 5.498223 -0.062277
v -0.471377 5.498223 0.036523
v -0.454757 5.498223 0.133954
v 0.130939 4.923261 -0.742214
v 0.272918 4.922980 -0.701808
v 0.404590 4.922980 -0.635079
v 0.520714 4.922980 -0.543944
v 0.616827 4.922980 -0.431907
v 0.689235 4.922980 -0.303271
v 0.735157 4.922980 -0.162980
v 0.752827 4.922980 -0.016427
v 0.741566 4.922980 0.130758
v 0.701808 4.922980 0.272918
v 0.635079 4.922980 0.404590
v 0.543944 4.922980 0.520714
v 0.431907 4.922980 0.616827
v 0.303271 4.922980 0.689235
v 0.162980 4.922980 0.735157
v 0.016427 4.922980 0.752827
v -0.130758 4.922980 0.741566
v -0.272918 4.922980 0.701808
v -0.404590 4.922980 0.635079
v -0.520714 4.922980 0.543944
v -0.616827 4.922980 0.431907
v -0.689235 4.922980 0.303271
v -0.701808 4.922980 -0.272918
v -0.635079 4.922980 -0.404590
v -0.543944 4.922980 -0.520714
v -0.431907 4.922980 -0.616827
v -0.303271 4.922980 -0.689235
v -0.162980 4.922980 -0.735157
v -0.016427 4.922980 -0.752827
v 0.057166 4.922980 -0.747197
v -0.089704 4.922980 -0.743992
v -0.233126 4.922980 -0.712196
v -0.367589 4.922980 -0.653031
v -0.487925 4.922980 -0.568770
v -0.589512 4.922980 -0.462652
v -0.668443 4.922980 -0.338754
v -0.712196 4.922980 0.233126
v -0.653031 4.922980 0.367589
v -0.568770 4.922980 0.487925
v -0.462652 4.922980 0.589512
v -0.338754 4.922980 0.668443
v -0.201838 4.922980 0.721687
v -0.057166 4.922980 0.747197
v 0.089704 4.922980 0.743992
v 0.233126 4.922980 0.712196
v 0.367589 4.922980 0.653031
v 0.487926 4.922980 0.568770
v 0.589512 4.922980 0.462652
v 0.668443 4.922980 0.338754
v 0.721687 4.922980 0.201838
v 0.747197 4.922980 0.057166
v 0.743992 4.922980 -0.089704
v 0.712196 4.922980 -0.233126
v 0.653031 4.922980 -0.367589
v 0.568770 4.922980 -0.487926
v 0.462652 4.922980 -0.589512
v 0.338754 4.922980 -0.668443
v 0.201982 4.923203 -0.722201
v 0.166569 4.923400 -0.732594
v 0.237380 4.922983 -0.711753
v 0.305836 4.922980 -0.685126
v 0.371672 4.922980 -0.651761
v 0.433621 4.922980 -0.612295
v 0.491683 4.922980 -0.566728
v 0.544742 4.922980 -0.515935
v 0.592798 4.922980 -0.459916
v 0.634929 4.922980 -0.399748
v 0.671133 4.922980 -0.335430
v 0.700716 4.922980 -0.268198
v 0.723677 4.922980 -0.198053
v 0.739574 4.922980 -0.126342
v 0.748409 4.922980 -0.053065
v 0.750012 4.922980 0.020369
v 0.744382 4.922980 0.093962
v 0.731627 4.922980 0.166298
v 0.711747 4.922980 0.237378
v 0.685126 4.922980 0.305836
v 0.651761 4.922980 0.371672
v 0.612295 4.922980 0.433621
v 0.566728 4.922980 0.491683
v 0.515935 4.922980 0.544742
v 0.459916 4.922980 0.592798
v 0.399748 4.922980 0.634929
v 0.335430 4.922980 0.671133
v 0.268198 4.922980 0.700716
v 0.198053 4.922980 0.723677
v 0.126342 4.922980 0.739574
v 0.053065 4.922980 0.748409
v -0.020369 4.922980 0.750012
v -0.093962 4.922980 0.744382
v -0.166298 4.922980 0.731627
v -0.237378 4.922980 0.711747
v -0.305836 4.922980 0.685126
v -0.371672 4.922980 0.651761
v -0.433621 4.922980 0.612295
v -0.491683 4.922980 0.566728
v -0.544742 4.922980 0.515935
v -0.592798 4.922980 0.459916
v -0.634929 4.922980 0.399748
v -0.671133 4.922980 0.335430
v -0.700716 4.922980 0.268198
v -0.685126 4.922980 -0.305836
v -0.651761 4.922980 -0.371672
v -0.612295 4.922980 -0.433621
v -0.566728 4.922980 -0.491683
v -0.515935 4.922980 -0.544742
v -0.459916 4.922980 -0.592798
v -0.399748 4.922980 -0.634929
v -0.335430 4.922980 -0.671133
v -0.268198 4.922980 -0.700716
v -0.198053 4.922980 -0.723677
v -0.126342 4.922980 -0.739574
v -0.053065 4.922980 -0.748409
v 0.020369 4.922980 -0.750012
v 0.093983 4.923013 -0.744457
v -0.692130 4.909583 0.198917
v -0.680201 4.909583 -0.236514
v 0.213238 5.315407 -0.548341
v 0.316117 5.315407 -0.496204
v 0.406847 5.315407 -0.424998
v 0.481943 5.315407 -0.337460
v 0.538518 5.315407 -0.236953
v 0.574398 5.315407 -0.127341
v 0.588204 5.315407 -0.012835
v 0.579405 5.315407 0.102165
v 0.548341 5.315407 0.213238
v 0.496204 5.315407 0.316117
v 0.424998 5.315407 0.406847
v 0.337460 5.315407 0.481943
v 0.236953 5.315407 0.538518
v 0.127341 5.315407 0.574398
v 0.012835 5.315407 0.588204
v -0.102165 5.315407 0.579405
v -0.213238 5.315407 0.548341
v -0.316117 5.315407 0.496204
v -0.406847 5.315407 0.424998
v -0.481943 5.315407 0.337460
v -0.538518 5.315407 0.236953
v -0.548341 5.315407 -0.213238
v -0.496204 5.315407 -0.316117
v -0.424998 5.315407 -0.406847
v -0.337460 5.315407 -0.481943
v -0.236953 5.315407 -0.538518
v -0.127341 5.315407 -0.574398
v -0.012835 5.315407 -0.588204
v 0.044665 5.315407 -0.583804
v -0.070088 5.315407 -0.581301
v -0.182147 5.315407 -0.556458
v -0.287207 5.315407 -0.510230
v -0.381229 5.315407 -0.444395
v -0.460601 5.315407 -0.361482
v -0.522272 5.315407 -0.264677
v -0.556458 5.315407 0.182147
v -0.510230 5.315407 0.287207
v -0.444395 5.315407 0.381229
v -0.361482 5.315407 0.460601
v -0.264677 5.315407 0.522272
v -0.157701 5.315407 0.563873
v -0.044665 5.315407 0.583804
v 0.070088 5.315407 0.581301
v 0.182147 5.315407 0.556458
v 0.287207 5.315407 0.510230
v 0.381229 5.315407 0.444395
v 0.460601 5.315407 0.361482
v 0.522272 5.315407 0.264677
v 0.563873 5.315407 0.157701
v 0.583804 5.315407 0.044665
v 0.581301 5.315407 -0.070088
v 0.556458 5.315407 -0.182147
v 0.510230 5.315407 -0.287207
v 0.444395 5.315407 -0.381229
v 0.361482 5.315407 -0.460601
v 0.264678 5.315407 -0.522273
v 0.157845 5.315630 -0.564388
v 0.102346 5.315688 -0.580053
v 0.130204 5.315827 -0.572607
v 0.238958 5.315407 -0.535307
v 0.338800 5.315407 -0.478403
v 0.425621 5.315407 -0.403114
v 0.496087 5.315407 -0.312333
v 0.547488 5.315407 -0.209550
v 0.577849 5.315407 -0.098714
v 0.586004 5.315407 0.015915
v 0.571639 5.315407 0.129933
v 0.535307 5.315407 0.238958
v 0.478403 5.315407 0.338799
v 0.403114 5.315407 0.425621
v 0.312333 5.315407 0.496087
v 0.209550 5.315407 0.547488
v 0.098714 5.315407 0.577849
v -0.015915 5.315407 0.586004
v -0.129933 5.315407 0.571639
v -0.238958 5.315407 0.535307
v -0.338799 5.315407 0.478403
v -0.425621 5.315407 0.403114
v -0.496087 5.315407 0.312333
v -0.547488 5.315407 0.209550
v -0.535307 5.315407 -0.238958
v -0.478403 5.315407 -0.338800
v -0.403114 5.315407 -0.425621
v -0.312333 5.315407 -0.496087
v -0.209550 5.315407 -0.547488
v -0.098714 5.315407 -0.577849
v 0.015915 5.315407 -0.586004
v 0.073436 5.315440 -0.581680
v -0.041461 5.315407 -0.584752
v -0.154744 5.315407 -0.565428
v -0.262080 5.315407 -0.524374
v -0.359345 5.315407 -0.463169
v -0.442800 5.315407 -0.384165
v -0.509238 5.315407 -0.290397
v -0.524374 5.315407 0.262080
v -0.463169 5.315407 0.359345
v -0.384165 5.315407 0.442800
v -0.290397 5.315407 0.509238
v -0.185470 5.315407 0.556107
v -0.073415 5.315407 0.581605
v 0.041461 5.315407 0.584752
v 0.154744 5.315407 0.565428
v 0.262080 5.315407 0.524374
v 0.359345 5.315407 0.463169
v 0.442800 5.315407 0.384165
v 0.509238 5.315407 0.290397
v 0.556107 5.315407 0.185470
v 0.581605 5.315407 0.073415
v 0.584752 5.315407 -0.041461
v 0.565428 5.315407 -0.154744
v 0.524374 5.315407 -0.262080
v 0.463169 5.315407 -0.359345
v 0.384165 5.315407 -0.442800
v 0.290397 5.315407 -0.509238
v 0.185471 5.315410 -0.556113
v -0.524560 5.302010 -0.184606
v -0.533881 5.302010 0.155608
v -0.795744 4.698174 -0.264421
v -0.460642 5.534721 -0.156404
v -0.477481 5.523171 0.134645
v -0.805889 4.712471 0.219163
v -0.515280 5.290301 0.128960
v -0.595660 5.094087 0.146780
v -0.529086 5.290301 0.014454
v -0.611398 5.094087 0.016250
v -0.520288 5.290301 -0.100545
v -0.601369 5.094087 -0.114842
v -0.592516 5.094087 -0.146496
v -0.583663 5.094087 -0.178150
v -0.504756 5.290301 -0.156082
v -0.603876 5.094087 -0.082069
v -0.608891 5.094087 -0.016523
v -0.606383 5.094087 -0.049296
v -0.524687 5.290301 -0.043045
v -0.607463 5.094087 0.048883
v -0.599594 5.094087 0.114148
v -0.603529 5.094087 0.081515
v -0.522183 5.290301 0.071707
v -0.585435 5.094087 0.178018
v -0.676040 4.897874 0.164600
v -0.756419 4.701660 0.182420
v -0.693710 4.897874 0.018046
v -0.776021 4.701660 0.019842
v -0.682449 4.897874 -0.129139
v -0.763529 4.701660 -0.143435
v -0.574810 5.094087 -0.209804
v -0.662570 4.897874 -0.200219
v -0.741477 4.701660 -0.222287
v -0.688079 4.897874 -0.055546
v -0.769775 4.701660 -0.061796
v -0.684875 4.897874 0.091323
v -0.766220 4.701660 0.101131
v -0.743684 4.701660 0.221327
v -0.664559 4.897874 0.199673
v -0.437869 5.486514 0.086520
v -0.440838 5.486514 0.061899
v -0.434900 5.486514 0.111141
v -0.518732 5.290301 0.100334
v -0.761320 4.701660 0.141775
v -0.680457 4.897874 0.127962
v -0.771121 4.701660 0.060487
v -0.689292 4.897874 0.054685
v -0.444883 5.486514 -0.012069
v -0.442991 5.486514 -0.036795
v -0.446775 5.486514 0.012658
v -0.526887 5.290301 -0.014296
v -0.772898 4.701660 -0.020977
v -0.690894 4.897874 -0.018750
v -0.766652 4.701660 -0.102616
v -0.685264 4.897874 -0.092342
v -0.432528 5.486514 -0.110131
v -0.425849 5.486514 -0.134014
v -0.439208 5.486514 -0.086249
v -0.512522 5.290301 -0.128314
v -0.752503 4.701660 -0.182861
v -0.672509 4.897874 -0.164679
v -0.730450 4.701660 -0.261713
v -0.652630 4.897874 -0.235759
v -0.419169 5.486514 -0.157896
v -0.496990 5.290301 -0.183850
v -0.441099 5.486514 -0.061522
v -0.522488 5.290301 -0.071795
v -0.443806 5.486514 0.037279
v -0.525635 5.290301 0.043081
v -0.427186 5.486514 0.134709
v -0.506310 5.290301 0.156364
vn 0.2511 0.3857 -0.8878
vn 0.2485 0.3853 -0.8887
vn 0.3342 0.3869 -0.8594
vn 0.4171 0.3853 -0.8231
vn 0.4955 0.3869 -0.7777
vn 0.5697 0.3853 -0.7259
vn 0.6377 0.3869 -0.6661
vn 0.7004 0.3853 -0.6008
vn 0.7554 0.3869 -0.5289
vn 0.8041 0.3853 -0.4526
vn 0.8440 0.3869 -0.3714
vn 0.8770 0.3853 -0.2871
vn 0.9003 0.3869 -0.1996
vn 0.9161 0.3853 -0.1105
vn 0.9219 0.3869 -0.0201
vn 0.9201 0.3853 0.0704
vn 0.9081 0.3869 0.1601
vn 0.8887 0.3853 0.2485
vn 0.8594 0.3869 0.3342
vn 0.8231 0.3853 0.4171
vn 0.7777 0.3869 0.4955
vn 0.7259 0.3853 0.5697
vn 0.6661 0.3869 0.6377
vn 0.6008 0.3853 0.7004
vn 0.5289 0.3869 0.7554
vn 0.4526 0.3853 0.8041
vn 0.3714 0.3869 0.8440
vn 0.2871 0.3853 0.8770
vn 0.1996 0.3869 0.9003
vn 0.1105 0.3853 0.9161
vn 0.0201 0.3869 0.9219
vn -0.0704 0.3853 0.9201
vn -0.1601 0.3869 0.9081
vn -0.2485 0.3853 0.8887
vn -0.3342 0.3869 0.8594
vn -0.4171 0.3853 0.8231
vn -0.4955 0.3869 0.7777
vn -0.5697 0.3853 0.7259
vn -0.6377 0.3869 0.6661
vn -0.7004 0.3853 0.6008
vn -0.7554 0.3869 0.5289
vn -0.8041 0.3853 0.4526
vn -0.8440 0.3869 0.3714
vn -0.7473 0.2238 -0.6257
vn -0.6949 0.1948 -0.6923
vn -0.6959 0.1954 -0.6910
vn -0.7481 0.2243 -0.6245
vn -0.9227 0.3692 0.1112
vn -0.9288 0.3700 0.0197
vn -0.9288 0.3700 0.0208
vn -0.9272 0.3677 -0.0709
vn -0.9152 0.3693 -0.1614
vn -0.8231 0.3853 -0.4171
vn -0.7777 0.3869 -0.4955
vn -0.7259 0.3853 -0.5697
vn -0.6661 0.3869 -0.6377
vn -0.6008 0.3853 -0.7004
vn -0.5289 0.3869 -0.7554
vn -0.4526 0.3853 -0.8041
vn -0.3714 0.3869 -0.8440
vn -0.2871 0.3853 -0.8770
vn -0.1996 0.3869 -0.9003
vn -0.0000 1.0000 -0.0000
vn -0.1105 0.3853 -0.9161
vn -0.0201 0.3869 -0.9219
vn 0.0671 0.3857 -0.9202
vn 0.0704 0.3853 -0.9201
vn 0.1601 0.3869 -0.9081
vn 0.1553 0.3884 -0.9083
vn -0.0000 -1.0000 -0.0000
vn 0.0604 0.3841 -0.9213
vn 0.0541 0.3849 -0.9214
vn 0.1378 0.3868 -0.9118
vn 0.1469 0.3841 -0.9115
vn 0.0685 0.3853 -0.9202
vn 0.0692 0.3852 -0.9202
vn 0.0700 0.3854 -0.9201
vn -0.8311 0.3830 -0.4032
vn -0.8507 0.3913 -0.3510
vn -0.8627 0.3818 -0.3315
vn -0.3701 0.9269 -0.0628
vn -0.3722 0.9277 -0.0285
vn -0.3697 0.9266 -0.0682
vn -0.8956 0.3677 -0.2505
vn -0.9336 -0.3512 -0.0714
vn -0.3753 0.9258 0.0452
vn -0.2919 0.9556 -0.0412
vn -0.2468 0.9652 -0.0859
vn -0.9262 -0.3431 -0.1565
vn -0.9243 -0.3416 -0.1703
vn -0.8770 0.3853 0.2871
vn -0.8889 0.3836 0.2504
vn -0.8828 0.3846 0.2696
vn 0.2563 0.3848 -0.8867
vn 0.2613 0.3854 -0.8850
vn 0.3344 0.3869 -0.8594
vn 0.3343 0.3869 -0.8594
vn 0.2509 0.3816 -0.8896
vn 0.2518 0.3854 -0.8877
vn 0.2723 0.3852 -0.8817
vn 0.2633 0.3829 -0.8855
vn 0.2490 0.3872 -0.8877
vn 0.2533 0.3866 -0.8868
vn 0.2506 0.3892 -0.8864
vn 0.2657 0.3877 -0.8826
vn 0.1433 0.3897 -0.9097
vn 0.2492 0.3835 -0.8893
vn 0.2520 0.3841 -0.8882
vn 0.1572 0.3855 -0.9092
vn 0.2503 0.3850 -0.8883
vn -0.8795 0.3863 0.2780
vn -0.8813 0.3870 0.2712
vn -0.3739 0.9274 0.0067
vn -0.3741 0.9274 0.0099
vn -0.9119 0.3733 0.1703
vn -0.9138 0.3728 0.1612
vn -0.9108 0.3980 0.1098
vn -0.8991 0.3981 0.1822
vn -0.8979 0.3980 0.1882
vn -0.9166 0.3994 0.0198
vn -0.9166 0.3994 0.0202
vn -0.3671 0.9245 -0.1027
vn -0.9149 0.3975 -0.0700
vn -0.6654 0.1792 -0.7246
vn -0.9030 0.3992 -0.1592
vn -0.8920 -0.4519 0.0094
vn -0.9264 -0.3597 0.1117
vn -0.8845 -0.4665 -0.0078
vn -0.9338 -0.3571 0.0232
vn -0.9340 -0.3568 0.0174
vn -0.8837 0.3975 -0.2471
vn -0.8358 0.3898 -0.3866
vn -0.8466 0.3936 -0.3582
vn -0.8916 0.3763 -0.2518
vn -0.8955 0.3712 -0.2456
vn -0.8355 0.3890 -0.3881
vn -0.8380 0.3831 -0.3887
vn -0.8667 0.3956 -0.3039
vn -0.8621 0.3913 -0.3219
vn -0.8395 0.3804 -0.3881
vn 0.0690 0.3854 -0.9202
vn 0.0701 0.3853 -0.9201
vn 0.0681 0.3848 -0.9205
vn 0.0584 0.3860 -0.9207
vn -0.7316 0.2032 0.6507
vn -0.7265 0.2083 0.6548
vn -0.9089 -0.3305 -0.2542
vn -0.8071 0.2592 -0.5304
vn -0.7890 0.2481 -0.5620
vn -0.7897 0.2485 -0.5609
vn 0.2579 0.3860 -0.8857
vn 0.3916 0.9189 -0.0472
vn 0.3900 0.9203 0.0298
vn -0.3900 -0.9203 -0.0298
vn -0.0710 -0.1031 0.9921
vn 0.3885 0.9191 0.0654
vn 0.3882 0.9187 0.0721
vn -0.3885 -0.9191 -0.0654
vn -0.3882 -0.9187 -0.0721
vn -0.3915 -0.9166 0.0815
vn -0.3916 -0.9189 0.0472
vn -0.3914 -0.9155 0.0931
vn 0.3911 0.9203 -0.0075
vn 0.3911 0.9203 -0.0097
vn -0.3861 -0.9161 -0.1080
vn -0.0165 -0.1031 -0.9945
vn 0.3915 0.9166 -0.0815
vn 0.3907 0.9116 -0.1279
vn 0.3914 0.9155 -0.0931
vn 0.3861 0.9161 0.1080
vn -0.3911 -0.9203 0.0075
vn -0.3911 -0.9203 0.0097
vn -0.3907 -0.9116 0.1279
vn -0.7581 0.2108 0.6171
vn -0.7580 0.2108 0.6172
vn -0.8030 0.2352 0.5476
vn -0.8030 0.2352 0.5477
vn -0.8258 0.2467 0.5071
vn -0.1464 0.9725 -0.1809
vn -0.8203 -0.5583 -0.1241
vn -0.8840 0.3923 0.2541
vn -0.8843 0.3915 0.2543
vn -0.9009 0.3784 0.2126
vn -0.9004 0.3795 0.2129
vn -0.8887 0.3853 -0.2485
vn -0.9201 0.3853 -0.0704
vn -0.9081 0.3869 -0.1601
vn -0.9161 0.3853 0.1105
vn -0.9219 0.3869 0.0201
vn -0.9003 0.3869 0.1996
vt 0.590648 0.473362
vt 0.582077 0.382680
vt 0.585573 0.382426
vt 0.595831 0.472986
vt 0.610399 0.470773
vt 0.595401 0.380933
vt 0.598677 0.380435
vt 0.615255 0.470035
vt 0.628285 0.466822
vt 0.607467 0.378268
vt 0.610397 0.377545
vt 0.632629 0.465751
vt 0.643620 0.461661
vt 0.617811 0.374786
vt 0.620283 0.373867
vt 0.647284 0.460298
vt 0.044978 0.621329
vt 0.050189 0.559920
vt 0.053528 0.561033
vt 0.049928 0.622980
vt 0.065599 0.625098
vt 0.064100 0.562462
vt 0.067623 0.562939
vt 0.070823 0.625805
vt 0.086713 0.625008
vt 0.078343 0.562401
vt 0.081916 0.562222
vt 0.092010 0.624742
vt 0.107509 0.621060
vt 0.092372 0.559738
vt 0.095857 0.558910
vt 0.112676 0.619833
vt 0.127188 0.613408
vt 0.105647 0.554576
vt 0.108910 0.553131
vt 0.132025 0.611266
vt 0.144993 0.602345
vt 0.117657 0.547113
vt 0.120573 0.545107
vt 0.149315 0.599371
vt 0.160240 0.588296
vt 0.127943 0.537636
vt 0.130399 0.535145
vt 0.163881 0.584604
vt 0.490355 0.090523
vt 0.513950 0.002779
vt 0.516484 0.003706
vt 0.494112 0.091896
vt 0.507361 0.095133
vt 0.525423 0.005889
vt 0.528402 0.006617
vt 0.511778 0.096212
vt 0.526500 0.098442
vt 0.538333 0.008121
vt 0.541644 0.008622
vt 0.531407 0.099185
vt 0.547035 0.100321
vt 0.552186 0.009389
vt 0.555700 0.009645
vt 0.552244 0.100700
vt 0.568177 0.100700
vt 0.566448 0.009645
vt 0.570031 0.009645
vt 0.573488 0.100700
vt 0.589114 0.099564
vt 0.580572 0.008878
vt 0.584086 0.008622
vt 0.594322 0.099185
vt 0.609041 0.096955
vt 0.594015 0.007118
vt 0.597324 0.006617
vt 0.613947 0.096212
vt 0.627193 0.092975
vt 0.606260 0.004433
vt 0.609238 0.003706
vt 0.631608 0.091896
vt 0.642872 0.087776
vt 0.616836 0.000926
vt 0.619369 0.000000
vt 0.646626 0.086403
vt 0.808287 0.465327
vt 0.826279 0.376314
vt 0.829241 0.377130
vt 0.812677 0.466536
vt 0.809072 0.558151
vt 0.815763 0.513177
vt 0.821849 0.513996
vt 0.815953 0.559106
vt 0.847467 0.465064
vt 0.852954 0.380237
vt 0.856461 0.380523
vt 0.852667 0.465489
vt 0.868599 0.465489
vt 0.867209 0.380523
vt 0.870792 0.380523
vt 0.873910 0.465489
vt 0.909917 0.467369
vt 0.894837 0.377692
vt 0.898159 0.377130
vt 0.914841 0.466536
vt 0.928167 0.462909
vt 0.907149 0.374683
vt 0.910145 0.373867
vt 0.932609 0.461699
vt 0.491334 0.464388
vt 0.515081 0.376626
vt 0.517674 0.377545
vt 0.495178 0.465751
vt 0.508635 0.468964
vt 0.526752 0.379713
vt 0.529778 0.380435
vt 0.513120 0.470035
vt 0.527982 0.472248
vt 0.539803 0.381928
vt 0.543145 0.382426
vt 0.532936 0.472986
vt 0.009410 0.530079
vt 0.007951 0.527059
vt 0.006492 0.524040
vt 0.005033 0.521020
vt 0.003574 0.518000
vt 0.002780 0.514757
vt 0.001985 0.511513
vt 0.001191 0.508270
vt 0.000397 0.505026
vt 0.000297 0.501684
vt 0.000198 0.498341
vt 0.000099 0.494998
vt 0.000000 0.491655
vt 0.000600 0.488342
vt 0.001200 0.485029
vt 0.001800 0.481715
vt 0.002399 0.478402
vt 0.003675 0.475245
vt 0.004951 0.472088
vt 0.006227 0.468931
vt 0.007503 0.465774
vt 0.009405 0.462895
vt 0.011308 0.460016
vt 0.013211 0.457137
vt 0.015113 0.454259
vt 0.017570 0.451768
vt 0.020026 0.449278
vt 0.022483 0.446787
vt 0.024939 0.444297
vt 0.027855 0.442291
vt 0.030771 0.440285
vt 0.033687 0.438279
vt 0.036603 0.436273
vt 0.039866 0.434828
vt 0.043130 0.433383
vt 0.046393 0.431938
vt 0.049656 0.430493
vt 0.053141 0.429666
vt 0.056626 0.428838
vt 0.060112 0.428010
vt 0.063597 0.427182
vt 0.067170 0.427003
vt 0.070743 0.426823
vt 0.074316 0.426644
vt 0.077889 0.426465
vt 0.081413 0.426941
vt 0.084937 0.427418
vt 0.088461 0.427894
vt 0.091985 0.428371
vt 0.095324 0.429484
vt 0.098663 0.430598
vt 0.102002 0.431711
vt 0.105341 0.432825
vt 0.108367 0.434533
vt 0.111394 0.436241
vt 0.114420 0.437949
vt 0.117446 0.439658
vt 0.120042 0.441894
vt 0.122639 0.444131
vt 0.125236 0.446368
vt 0.127833 0.448605
vt 0.129900 0.451285
vt 0.131968 0.453965
vt 0.134035 0.456645
vt 0.136103 0.459325
vt 0.137562 0.462344
vt 0.139021 0.465364
vt 0.140480 0.468384
vt 0.141939 0.471403
vt 0.142733 0.474647
vt 0.143528 0.477890
vt 0.144322 0.481134
vt 0.145116 0.484377
vt 0.145215 0.487720
vt 0.145315 0.491063
vt 0.145414 0.494406
vt 0.145513 0.497748
vt 0.144913 0.501062
vt 0.144313 0.504375
vt 0.143713 0.507689
vt 0.143113 0.511002
vt 0.141838 0.514159
vt 0.140562 0.517316
vt 0.139286 0.520473
vt 0.138010 0.523630
vt 0.136108 0.526508
vt 0.134205 0.529387
vt 0.132302 0.532266
vt 0.125486 0.540126
vt 0.123030 0.542616
vt 0.114742 0.549119
vt 0.111826 0.551125
vt 0.102383 0.556021
vt 0.099120 0.557466
vt 0.088886 0.560566
vt 0.085401 0.561394
vt 0.074770 0.562580
vt 0.071197 0.562760
vt 0.060576 0.561986
vt 0.057052 0.561510
vt 0.046850 0.558806
vt 0.043511 0.557692
vt 0.040171 0.556579
vt 0.037145 0.554871
vt 0.034119 0.553162
vt 0.031093 0.551454
vt 0.028067 0.549746
vt 0.025470 0.547509
vt 0.022874 0.545272
vt 0.020277 0.543035
vt 0.017680 0.540798
vt 0.015613 0.538119
vt 0.013545 0.535439
vt 0.011478 0.532759
vt 0.548633 0.474114
vt 0.553734 0.383187
vt 0.557263 0.383441
vt 0.553865 0.474490
vt 0.569792 0.474490
vt 0.568008 0.383441
vt 0.571589 0.383441
vt 0.575102 0.474490
vt 0.179085 0.426193
vt 0.169490 0.424079
vt 0.159895 0.421965
vt 0.150301 0.419851
vt 0.140706 0.417738
vt 0.131668 0.413659
vt 0.122630 0.409580
vt 0.113592 0.405502
vt 0.104554 0.401423
vt 0.096420 0.395536
vt 0.088286 0.389649
vt 0.080152 0.383763
vt 0.072018 0.377876
vt 0.065101 0.370408
vt 0.058183 0.362939
vt 0.051266 0.355471
vt 0.044349 0.348002
vt 0.038914 0.339239
vt 0.033479 0.330476
vt 0.028044 0.321712
vt 0.022609 0.312949
vt 0.018865 0.303228
vt 0.015121 0.293507
vt 0.011378 0.283785
vt 0.007634 0.274064
vt 0.005726 0.263758
vt 0.003817 0.253453
vt 0.001909 0.243147
vt 0.000000 0.232841
vt 0.000000 0.222347
vt 0.000000 0.211853
vt 0.000000 0.201359
vt 0.000000 0.190865
vt 0.001908 0.180586
vt 0.003817 0.170306
vt 0.005725 0.160027
vt 0.007634 0.149748
vt 0.011378 0.140079
vt 0.015121 0.130409
vt 0.018865 0.120740
vt 0.022608 0.111071
vt 0.028043 0.102383
vt 0.033478 0.093695
vt 0.038913 0.085008
vt 0.044348 0.076320
vt 0.051265 0.068947
vt 0.058183 0.061575
vt 0.065100 0.054203
vt 0.072018 0.046830
vt 0.080151 0.041056
vt 0.088285 0.035283
vt 0.096419 0.029509
vt 0.104553 0.023735
vt 0.113591 0.019782
vt 0.122629 0.015829
vt 0.131667 0.011876
vt 0.140705 0.007923
vt 0.150300 0.005942
vt 0.159894 0.003961
vt 0.169489 0.001981
vt 0.179084 -0.000000
vt 0.188866 0.000068
vt 0.198649 0.000136
vt 0.208432 0.000204
vt 0.218214 0.000272
vt 0.227809 0.002386
vt 0.237404 0.004500
vt 0.246998 0.006614
vt 0.256593 0.008727
vt 0.265631 0.012806
vt 0.274669 0.016885
vt 0.283707 0.020963
vt 0.292745 0.025042
vt 0.300879 0.030929
vt 0.309013 0.036816
vt 0.317147 0.042702
vt 0.325281 0.048589
vt 0.332198 0.056057
vt 0.339116 0.063526
vt 0.346033 0.070994
vt 0.352950 0.078463
vt 0.358385 0.087226
vt 0.363820 0.095989
vt 0.369255 0.104753
vt 0.374690 0.113516
vt 0.378434 0.123237
vt 0.382177 0.132958
vt 0.385921 0.142680
vt 0.389665 0.152401
vt 0.391573 0.162707
vt 0.393482 0.173012
vt 0.395390 0.183318
vt 0.397299 0.193624
vt 0.397299 0.204118
vt 0.397299 0.214612
vt 0.397299 0.225106
vt 0.397299 0.235600
vt 0.395390 0.245879
vt 0.393482 0.256159
vt 0.391573 0.266438
vt 0.389665 0.276717
vt 0.385921 0.286386
vt 0.382178 0.296056
vt 0.378434 0.305725
vt 0.374690 0.315394
vt 0.369256 0.324082
vt 0.363821 0.332770
vt 0.358386 0.341457
vt 0.352951 0.350145
vt 0.346033 0.357518
vt 0.339116 0.364890
vt 0.332199 0.372262
vt 0.325281 0.379635
vt 0.317147 0.385409
vt 0.309013 0.391182
vt 0.300880 0.396956
vt 0.292746 0.402730
vt 0.283708 0.406683
vt 0.274670 0.410636
vt 0.265632 0.414589
vt 0.256594 0.418542
vt 0.246999 0.420523
vt 0.237404 0.422504
vt 0.227810 0.424484
vt 0.218215 0.426465
vt 0.208432 0.426397
vt 0.198650 0.426329
vt 0.188867 0.426261
vt 0.572473 0.611064
vt 0.571584 0.565539
vt 0.578678 0.565530
vt 0.580402 0.611060
vt 0.556667 0.611065
vt 0.557503 0.565540
vt 0.564540 0.565540
vt 0.564568 0.611065
vt 0.559174 0.474490
vt 0.560845 0.383441
vt 0.564426 0.383441
vt 0.564483 0.474490
vt 0.540981 0.610505
vt 0.543531 0.565041
vt 0.550466 0.565540
vt 0.548767 0.611065
vt 0.525409 0.609386
vt 0.529662 0.564044
vt 0.536596 0.564543
vt 0.533195 0.609945
vt 0.538168 0.473362
vt 0.546675 0.382680
vt 0.550204 0.382933
vt 0.543400 0.473738
vt 0.510250 0.607728
vt 0.516161 0.562568
vt 0.522727 0.563546
vt 0.517622 0.608826
vt 0.495506 0.605532
vt 0.503029 0.560612
vt 0.509595 0.561590
vt 0.502878 0.606630
vt 0.518074 0.470773
vt 0.533119 0.380933
vt 0.536461 0.381431
vt 0.523028 0.471510
vt 0.481459 0.602841
vt 0.490517 0.558215
vt 0.496463 0.559635
vt 0.488134 0.604435
vt 0.468109 0.599653
vt 0.478627 0.555376
vt 0.484572 0.556795
vt 0.474784 0.601247
vt 0.499664 0.466822
vt 0.520700 0.378268
vt 0.523726 0.378990
vt 0.504149 0.467893
vt 0.455713 0.596031
vt 0.467586 0.552150
vt 0.472682 0.553956
vt 0.461434 0.598059
vt 0.444271 0.591973
vt 0.457395 0.548536
vt 0.462491 0.550343
vt 0.449992 0.594002
vt 0.483644 0.461661
vt 0.509894 0.374786
vt 0.512487 0.375706
vt 0.487489 0.463024
vt 0.959694 0.595248
vt 0.949185 0.551135
vt 0.955073 0.549532
vt 0.966304 0.593448
vt 0.946474 0.598847
vt 0.937411 0.554340
vt 0.943298 0.552738
vt 0.953084 0.597047
vt 0.919283 0.465327
vt 0.901156 0.376314
vt 0.904152 0.375498
vt 0.923725 0.464118
vt 0.932536 0.601886
vt 0.924996 0.557047
vt 0.931523 0.555943
vt 0.939864 0.600646
vt 0.917879 0.604365
vt 0.911942 0.559255
vt 0.918469 0.558151
vt 0.925208 0.603126
vt 0.900068 0.469035
vt 0.888193 0.378816
vt 0.891515 0.378254
vt 0.904992 0.468202
vt 0.369261 0.512890
vt 0.368861 0.504133
vt 0.375217 0.503936
vt 0.375617 0.512693
vt 0.879128 0.465064
vt 0.874311 0.380237
vt 0.877831 0.379950
vt 0.884345 0.464640
vt 0.863288 0.465489
vt 0.869363 0.471417
vt 0.864052 0.471417
vt 0.857977 0.465489
vt 0.860044 0.380523
vt 0.863626 0.380523
vt 0.371261 0.451845
vt 0.372461 0.443172
vt 0.378817 0.442975
vt 0.377617 0.451647
vt 0.874674 0.471417
vt 0.837068 0.464215
vt 0.845939 0.379664
vt 0.849446 0.379950
vt 0.842268 0.464640
vt 0.370061 0.460517
vt 0.376417 0.460320
vt 0.795106 0.601886
vt 0.802592 0.557047
vt 0.802381 0.603126
vt 0.817565 0.467369
vt 0.832538 0.377692
vt 0.835836 0.378254
vt 0.822454 0.468202
vt 0.781299 0.598847
vt 0.790295 0.554340
vt 0.796113 0.555943
vt 0.787831 0.600646
vt 0.768235 0.595248
vt 0.778660 0.551135
vt 0.784477 0.552738
vt 0.774767 0.597047
vt 0.799508 0.462909
vt 0.820357 0.374683
vt 0.823318 0.375498
vt 0.803898 0.464118
vt 0.681925 0.218051
vt 0.668907 0.174626
vt 0.673883 0.172806
vt 0.687512 0.216008
vt 0.670750 0.222138
vt 0.658955 0.178266
vt 0.663931 0.176446
vt 0.676338 0.220095
vt 0.635363 0.090523
vt 0.611771 0.002779
vt 0.614304 0.001853
vt 0.639117 0.089150
vt 0.658593 0.225788
vt 0.648126 0.181517
vt 0.653978 0.180087
vt 0.665163 0.224182
vt 0.645452 0.228999
vt 0.636422 0.184377
vt 0.642274 0.182947
vt 0.652023 0.227393
vt 0.618363 0.095133
vt 0.600303 0.005889
vt 0.603281 0.005161
vt 0.622778 0.094054
vt 0.631581 0.231710
vt 0.624068 0.186792
vt 0.630570 0.185807
vt 0.638882 0.230604
vt 0.616979 0.233922
vt 0.611062 0.188762
vt 0.617565 0.187777
vt 0.624280 0.232816
vt 0.599229 0.098442
vt 0.587395 0.008121
vt 0.590705 0.007620
vt 0.604135 0.097698
vt 0.601927 0.235592
vt 0.597656 0.190249
vt 0.604559 0.189747
vt 0.609678 0.235028
vt 0.586424 0.236720
vt 0.583848 0.191254
vt 0.590752 0.190751
vt 0.594176 0.236156
vt 0.578696 0.100321
vt 0.573544 0.009389
vt 0.577058 0.009134
vt 0.583905 0.099942
vt 0.570770 0.237283
vt 0.569906 0.191756
vt 0.576945 0.191756
vt 0.578673 0.237283
vt 0.554963 0.237283
vt 0.555827 0.191756
vt 0.562866 0.191756
vt 0.562867 0.237283
vt 0.557555 0.100700
vt 0.559282 0.009645
vt 0.562865 0.009645
vt 0.562866 0.100700
vt 0.539308 0.236720
vt 0.541883 0.191254
vt 0.548788 0.191756
vt 0.547060 0.237283
vt 0.523804 0.235592
vt 0.528075 0.190249
vt 0.534979 0.190751
vt 0.531556 0.236156
vt 0.536616 0.099564
vt 0.545158 0.008878
vt 0.548672 0.009134
vt 0.541825 0.099942
vt 0.508750 0.233922
vt 0.514666 0.188762
vt 0.521170 0.189747
vt 0.516052 0.235028
vt 0.494145 0.231710
vt 0.501658 0.186792
vt 0.508162 0.187777
vt 0.501447 0.232816
vt 0.516685 0.096955
vt 0.531712 0.007118
vt 0.535023 0.007620
vt 0.521593 0.097698
vt 0.480270 0.228999
vt 0.489300 0.184377
vt 0.495154 0.185807
vt 0.486842 0.230604
vt 0.467125 0.225788
vt 0.477592 0.181517
vt 0.483446 0.182947
vt 0.473697 0.227393
vt 0.498528 0.092975
vt 0.519464 0.004433
vt 0.522443 0.005161
vt 0.502945 0.094054
vt 0.454962 0.222138
vt 0.466760 0.178266
vt 0.471739 0.180087
vt 0.460552 0.224182
vt 0.443782 0.218051
vt 0.456802 0.174626
vt 0.461781 0.176446
vt 0.449372 0.220095
vt 0.482842 0.087776
vt 0.508882 0.000926
vt 0.511416 0.001853
vt 0.486599 0.089150
vt 0.208685 0.664286
vt 0.192537 0.638956
vt 0.197363 0.634063
vt 0.214104 0.658792
vt 0.197847 0.675273
vt 0.182884 0.648742
vt 0.187710 0.643849
vt 0.203266 0.669779
vt 0.152957 0.595679
vt 0.156598 0.591987
vt 0.185996 0.685192
vt 0.172328 0.657576
vt 0.178057 0.653635
vt 0.192428 0.680767
vt 0.173131 0.694043
vt 0.160870 0.665459
vt 0.166599 0.661518
vt 0.179563 0.689618
vt 0.136348 0.608292
vt 0.140670 0.605318
vt 0.159500 0.701656
vt 0.148729 0.672240
vt 0.155141 0.669401
vt 0.166699 0.698469
vt 0.145103 0.708030
vt 0.135906 0.677917
vt 0.142318 0.675078
vt 0.152301 0.704843
vt 0.117513 0.617691
vt 0.122351 0.615550
vt 0.130216 0.713043
vt 0.122647 0.682382
vt 0.129495 0.680756
vt 0.137904 0.711217
vt 0.114840 0.716696
vt 0.108952 0.685636
vt 0.115800 0.684009
vt 0.122528 0.714870
vt 0.097177 0.623515
vt 0.102343 0.622288
vt 0.099269 0.718917
vt 0.095084 0.687614
vt 0.102104 0.687262
vt 0.107152 0.718522
vt 0.083505 0.719708
vt 0.081043 0.688318
vt 0.088064 0.687966
vt 0.091387 0.719313
vt 0.076120 0.625539
vt 0.081417 0.625273
vt 0.067849 0.719053
vt 0.067099 0.687735
vt 0.074023 0.688671
vt 0.075622 0.720103
vt 0.052302 0.716951
vt 0.053252 0.685863
vt 0.060175 0.686799
vt 0.060075 0.718002
vt 0.055152 0.623686
vt 0.060376 0.624392
vt 0.037162 0.713443
vt 0.039768 0.682739
vt 0.046328 0.684927
vt 0.044528 0.715900
vt 0.022430 0.708530
vt 0.026646 0.678362
vt 0.033207 0.680551
vt 0.029796 0.710987
vt 0.035078 0.618027
vt 0.040028 0.619678
vt 0.682333 0.591973
vt 0.669429 0.548536
vt 0.674285 0.546729
vt 0.687786 0.589945
vt 0.671429 0.596031
vt 0.659717 0.552150
vt 0.664573 0.550343
vt 0.676881 0.594002
vt 0.636293 0.464388
vt 0.612868 0.376626
vt 0.615340 0.375706
vt 0.639956 0.463024
vt 0.659513 0.599653
vt 0.649104 0.555376
vt 0.654861 0.553956
vt 0.665977 0.598059
vt 0.646586 0.602841
vt 0.637591 0.558215
vt 0.643347 0.556796
vt 0.653050 0.601247
vt 0.619599 0.468964
vt 0.601607 0.379713
vt 0.604537 0.378990
vt 0.623942 0.467893
vt 0.632896 0.605532
vt 0.625397 0.560612
vt 0.631834 0.559635
vt 0.640123 0.604435
vt 0.618443 0.607728
vt 0.612525 0.562568
vt 0.618961 0.561590
vt 0.625670 0.606630
vt 0.600687 0.472248
vt 0.588849 0.381928
vt 0.592125 0.381431
vt 0.605543 0.471510
vt 0.603505 0.609386
vt 0.599220 0.564044
vt 0.606088 0.563546
vt 0.611217 0.608826
vt 0.588129 0.610498
vt 0.585578 0.565027
vt 0.592402 0.564535
vt 0.595819 0.609942
vt 0.580284 0.474114
vt 0.575085 0.383187
vt 0.578581 0.382933
vt 0.585466 0.473738
vt 0.582931 0.519571
vt 0.588934 0.519137
vt 0.576890 0.520010
vt 0.595879 0.746896
vt 0.590681 0.655969
vt 0.599236 0.655348
vt 0.606120 0.746153
vt 0.585638 0.747639
vt 0.582126 0.656590
vt 0.616362 0.745409
vt 0.607791 0.654727
vt 0.616346 0.654106
vt 0.626603 0.744666
vt 0.606606 0.517408
vt 0.612252 0.516550
vt 0.600959 0.518266
vt 0.636200 0.743208
vt 0.624362 0.652888
vt 0.632379 0.651670
vt 0.645797 0.741750
vt 0.655394 0.740292
vt 0.640396 0.650452
vt 0.648412 0.649234
vt 0.664991 0.738834
vt 0.628595 0.513590
vt 0.633645 0.512344
vt 0.623544 0.514835
vt 0.673574 0.736718
vt 0.655582 0.647466
vt 0.662753 0.645698
vt 0.682158 0.734601
vt 0.690742 0.732484
vt 0.669923 0.643930
vt 0.677093 0.642162
vt 0.699325 0.730368
vt 0.648005 0.508269
vt 0.652265 0.506684
vt 0.643745 0.509854
vt 0.706566 0.727674
vt 0.683141 0.639912
vt 0.689190 0.637661
vt 0.713806 0.724980
vt 0.721047 0.722286
vt 0.695238 0.635411
vt 0.701286 0.633160
vt 0.728287 0.719592
vt 0.030862 0.648195
vt 0.036618 0.650114
vt 0.025107 0.646276
vt 0.030129 0.616377
vt 0.009782 0.799033
vt 0.018214 0.738698
vt 0.026386 0.741423
vt 0.019564 0.802295
vt 0.000000 0.795770
vt 0.010043 0.735972
vt 0.015064 0.706073
vt 0.020086 0.676174
vt 0.029346 0.805558
vt 0.034557 0.744148
vt 0.042728 0.746873
vt 0.039128 0.808820
vt 0.054202 0.654774
vt 0.060275 0.655595
vt 0.048128 0.653953
vt 0.049452 0.810216
vt 0.051352 0.748039
vt 0.059975 0.749205
vt 0.059775 0.811611
vt 0.070098 0.813007
vt 0.068599 0.750371
vt 0.077222 0.751536
vt 0.080422 0.814402
vt 0.078581 0.656929
vt 0.084740 0.656620
vt 0.072423 0.657238
vt 0.090889 0.813877
vt 0.085966 0.751098
vt 0.094710 0.750659
vt 0.101357 0.813352
vt 0.111825 0.812827
vt 0.103455 0.750221
vt 0.112199 0.749782
vt 0.122293 0.812302
vt 0.103064 0.654575
vt 0.109071 0.653148
vt 0.097057 0.656002
vt 0.132503 0.809877
vt 0.120727 0.747756
vt 0.129256 0.745730
vt 0.142713 0.807452
vt 0.152923 0.805026
vt 0.137785 0.743704
vt 0.146314 0.741678
vt 0.163133 0.802601
vt 0.126710 0.647804
vt 0.132334 0.645314
vt 0.121085 0.650294
vt 0.172693 0.798368
vt 0.154299 0.738143
vt 0.162285 0.734607
vt 0.182252 0.794136
vt 0.191812 0.789903
vt 0.170271 0.731072
vt 0.178256 0.727536
vt 0.201372 0.785671
vt 0.148609 0.636876
vt 0.153635 0.633418
vt 0.143583 0.640334
vt 0.209914 0.779794
vt 0.185392 0.722627
vt 0.192528 0.717717
vt 0.218457 0.773917
vt 0.226999 0.768040
vt 0.199663 0.712808
vt 0.206799 0.707899
vt 0.235541 0.762163
vt 0.167920 0.622210
vt 0.172154 0.617918
vt 0.163686 0.626503
vt 0.242738 0.754867
vt 0.212811 0.701804
vt 0.218822 0.695710
vt 0.249934 0.747571
vt 0.257130 0.740276
vt 0.224834 0.689616
vt 0.230845 0.683521
vt 0.264327 0.732980
vt 0.469822 0.131201
vt 0.474190 0.132798
vt 0.465455 0.129605
vt 0.479086 0.086403
vt 0.506348 0.000000
vt 0.404722 0.348326
vt 0.430762 0.261476
vt 0.436963 0.263743
vt 0.412146 0.351040
vt 0.397299 0.345612
vt 0.424561 0.259209
vt 0.438192 0.216008
vt 0.451824 0.172806
vt 0.419569 0.353754
vt 0.443165 0.266010
vt 0.449366 0.268277
vt 0.426993 0.356468
vt 0.488060 0.137246
vt 0.493196 0.138500
vt 0.482925 0.135991
vt 0.435721 0.358600
vt 0.456657 0.270058
vt 0.463948 0.271839
vt 0.444449 0.360732
vt 0.453178 0.362865
vt 0.471239 0.273621
vt 0.478530 0.275402
vt 0.461906 0.364997
vt 0.509172 0.141874
vt 0.514877 0.142738
vt 0.503466 0.141009
vt 0.471604 0.366466
vt 0.486631 0.276629
vt 0.494732 0.277856
vt 0.481302 0.367934
vt 0.491000 0.369403
vt 0.502833 0.279083
vt 0.510934 0.280309
vt 0.500697 0.370872
vt 0.532345 0.144906
vt 0.538402 0.145347
vt 0.526289 0.144466
vt 0.510992 0.371621
vt 0.519533 0.280935
vt 0.528133 0.281560
vt 0.521287 0.372369
vt 0.531581 0.373118
vt 0.536732 0.282186
vt 0.545332 0.282811
vt 0.541876 0.373867
vt 0.556691 0.146228
vt 0.562866 0.146228
vt 0.550516 0.146228
vt 0.552372 0.373867
vt 0.554099 0.282811
vt 0.562867 0.282811
vt 0.562867 0.373867
vt 0.573363 0.373867
vt 0.571634 0.282811
vt 0.580402 0.282811
vt 0.583859 0.373867
vt 0.581272 0.145787
vt 0.587329 0.145347
vt 0.575216 0.146228
vt 0.594152 0.373118
vt 0.589000 0.282186
vt 0.597599 0.281560
vt 0.604446 0.372369
vt 0.614740 0.371621
vt 0.606198 0.280935
vt 0.614796 0.280309
vt 0.625033 0.370872
vt 0.605145 0.143602
vt 0.610850 0.142738
vt 0.599441 0.144466
vt 0.634729 0.369403
vt 0.622896 0.279083
vt 0.630995 0.277856
vt 0.644425 0.367934
vt 0.654121 0.366466
vt 0.639094 0.276629
vt 0.647193 0.275402
vt 0.663817 0.364997
vt 0.627392 0.139755
vt 0.632526 0.138500
vt 0.622259 0.141009
vt 0.672542 0.362865
vt 0.654482 0.273621
vt 0.661771 0.271839
vt 0.681267 0.360732
vt 0.689993 0.358600
vt 0.669060 0.270058
vt 0.676348 0.268277
vt 0.698718 0.356468
vt 0.647159 0.134395
vt 0.651524 0.132798
vt 0.642793 0.135991
vt 0.706138 0.353754
vt 0.682546 0.266010
vt 0.688744 0.263743
vt 0.713558 0.351040
vt 0.720978 0.348326
vt 0.694942 0.261476
vt 0.701141 0.259209
vt 0.728398 0.345612
vt 0.789084 0.507022
vt 0.794188 0.508428
vt 0.783980 0.505616
vt 0.795119 0.461699
vt 0.817396 0.373867
vt 0.736962 0.727587
vt 0.757811 0.639361
vt 0.765057 0.641357
vt 0.745637 0.729977
vt 0.728287 0.725197
vt 0.750564 0.637365
vt 0.761703 0.593448
vt 0.772842 0.549532
vt 0.754311 0.732367
vt 0.772303 0.643354
vt 0.779550 0.645350
vt 0.762986 0.734756
vt 0.810079 0.512208
vt 0.804395 0.511240
vt 0.772647 0.736403
vt 0.787620 0.646725
vt 0.795690 0.648100
vt 0.782307 0.738049
vt 0.368061 0.486619
vt 0.367661 0.477862
vt 0.374018 0.477665
vt 0.374417 0.486422
vt 0.368461 0.495376
vt 0.374817 0.495179
vt 0.831869 0.463791
vt 0.842431 0.379377
vt 0.811904 0.742180
vt 0.820557 0.657684
vt 0.829141 0.658385
vt 0.822180 0.743019
vt 0.801629 0.741341
vt 0.811974 0.656983
vt 0.832455 0.743858
vt 0.837724 0.659086
vt 0.846307 0.659787
vt 0.842731 0.744698
vt 0.371245 0.521395
vt 0.377602 0.521197
vt 0.373230 0.529900
vt 0.379586 0.529702
vt 0.853226 0.744698
vt 0.855075 0.659787
vt 0.863842 0.659787
vt 0.863721 0.744698
vt 0.827744 0.468886
vt 0.874216 0.744698
vt 0.872609 0.659787
vt 0.881376 0.659787
vt 0.884712 0.744698
vt 0.837832 0.470144
vt 0.832633 0.469719
vt 0.843032 0.470568
vt 0.858742 0.471417
vt 0.853431 0.471417
vt 0.895023 0.743858
vt 0.889990 0.659086
vt 0.898603 0.658385
vt 0.905335 0.743019
vt 0.906005 0.514145
vt 0.911731 0.513177
vt 0.900279 0.515114
vt 0.894781 0.463791
vt 0.884871 0.379377
vt 0.935691 0.739695
vt 0.923816 0.649475
vt 0.931946 0.648100
vt 0.945423 0.738049
vt 0.925959 0.741341
vt 0.915831 0.656983
vt 0.910551 0.605605
vt 0.905415 0.560359
vt 0.955155 0.736403
vt 0.940076 0.646725
vt 0.948205 0.645350
vt 0.964887 0.734756
vt 0.928347 0.509834
vt 0.933511 0.508428
vt 0.923182 0.511240
vt 0.973665 0.732367
vt 0.955538 0.643354
vt 0.962871 0.641357
vt 0.982444 0.729977
vt 0.991222 0.727587
vt 0.970204 0.639361
vt 0.977536 0.637365
vt 1.000000 0.725197
vt 0.470520 0.505099
vt 0.474990 0.506684
vt 0.466050 0.503514
vt 0.479800 0.460298
vt 0.507300 0.373867
vt 0.404897 0.722286
vt 0.431146 0.635411
vt 0.437493 0.637661
vt 0.412494 0.724980
vt 0.397299 0.719592
vt 0.424799 0.633160
vt 0.438549 0.589945
vt 0.452299 0.546729
vt 0.420092 0.727674
vt 0.443839 0.639912
vt 0.450186 0.642162
vt 0.427690 0.730368
vt 0.489145 0.511099
vt 0.494361 0.512344
vt 0.483930 0.509854
vt 0.436555 0.732484
vt 0.457591 0.643930
vt 0.464996 0.645698
vt 0.445419 0.734601
vt 0.454283 0.736717
vt 0.472400 0.647466
vt 0.479805 0.649234
vt 0.463148 0.738834
vt 0.510551 0.515693
vt 0.516311 0.516550
vt 0.504791 0.514835
vt 0.472938 0.740292
vt 0.487983 0.650452
vt 0.496161 0.651670
vt 0.482728 0.741750
vt 0.492518 0.743208
vt 0.504340 0.652888
vt 0.512518 0.654106
vt 0.502309 0.744666
vt 0.533915 0.518703
vt 0.539998 0.519141
vt 0.527832 0.518266
vt 0.512649 0.745409
vt 0.521155 0.654727
vt 0.529793 0.655348
vt 0.522989 0.746153
vt 0.533329 0.746896
vt 0.538430 0.655969
vt 0.547067 0.656590
vt 0.543669 0.747639
vt 0.558338 0.520015
vt 0.564511 0.520015
vt 0.552165 0.520015
vt 0.554161 0.747639
vt 0.555832 0.656590
vt 0.564596 0.656590
vt 0.564653 0.747639
vt 0.575145 0.747639
vt 0.573361 0.656590
vt 0.570688 0.520015
vt 0.546082 0.519578
vt 0.522071 0.517408
vt 0.499576 0.513590
vt 0.479460 0.508269
vt 0.938676 0.507022
vt 0.943841 0.505616
vt 0.917456 0.512208
vt 0.380973 0.593437
vt 0.373955 0.595485
vt 0.373955 0.554251
vt 0.379367 0.546910
vt 0.879892 0.470993
vt 0.885110 0.470568
vt 0.848231 0.470993
vt 0.368861 0.469190
vt 0.375217 0.468992
vt 0.810057 0.604216
vt 0.804162 0.649326
vt 0.799291 0.509834
vt 0.655889 0.131201
vt 0.660255 0.129605
vt 0.637660 0.137246
vt 0.616554 0.141874
vt 0.593385 0.144906
vt 0.569041 0.146228
vt 0.544459 0.145787
vt 0.520583 0.143602
vt 0.498331 0.139755
vt 0.478557 0.134395
vt 0.176388 0.613626
vt 0.180622 0.609333
vt 0.158660 0.629960
vt 0.137959 0.642824
vt 0.115078 0.651721
vt 0.090899 0.656311
vt 0.066349 0.656416
vt 0.042373 0.652034
vt 0.656525 0.505099
vt 0.660784 0.503514
vt 0.638695 0.511099
vt 0.617898 0.515693
vt 0.594934 0.518703
vt 0.384031 0.451647
vt 0.382831 0.460320
vt 0.381232 0.495179
vt 0.381631 0.503936
vt 0.394125 0.631360
vt 0.393883 0.636665
vt 0.387469 0.636665
vt 0.387711 0.631360
vt 0.373955 0.636718
vt 0.373955 0.677952
vt 0.367661 0.677543
vt 0.367661 0.636310
vt 0.382031 0.512693
vt 0.367661 0.595076
vt 0.367661 0.553843
vt 0.393641 0.641969
vt 0.387227 0.641969
vt 0.391703 0.599737
vt 0.392429 0.604990
vt 0.386015 0.604990
vt 0.385288 0.599737
vt 0.393156 0.610244
vt 0.386742 0.610244
vt 0.380432 0.477665
vt 0.380832 0.486422
vt 0.391237 0.652273
vt 0.390035 0.657425
vt 0.383621 0.657425
vt 0.384823 0.652273
vt 0.390936 0.589736
vt 0.390936 0.548980
vt 0.397299 0.548733
vt 0.397299 0.589489
vt 0.373955 0.719185
vt 0.367661 0.718777
vt 0.381570 0.434720
vt 0.387984 0.434720
vt 0.385231 0.442975
vt 0.381570 0.538207
vt 0.386000 0.529702
vt 0.387984 0.538207
vt 0.394610 0.620751
vt 0.394368 0.626055
vt 0.387953 0.626055
vt 0.388196 0.620751
vt 0.390936 0.508224
vt 0.397299 0.507977
vt 0.384016 0.521197
vt 0.390936 0.467468
vt 0.397299 0.467221
vt 0.390035 0.594736
vt 0.383621 0.594737
vt 0.381631 0.468992
vt 0.392439 0.647121
vt 0.386025 0.647121
vt 0.393883 0.615497
vt 0.387469 0.615497
vt 0.390936 0.426712
vt 0.397299 0.426465
vt 0.380947 0.634319
vt 0.903188 0.606087
vt 0.898901 0.560773
vt 0.907475 0.651402
vt 0.377198 0.546910
vt 0.375214 0.538405
vt 0.915647 0.742180
vt 0.907217 0.657684
vt 0.889563 0.464215
vt 0.890327 0.470144
vt 0.881351 0.379664
vt 0.374723 0.434819
vt 0.376985 0.426465
vt 0.395706 0.589736
vt 0.396502 0.594455
vt 0.397299 0.599174
vt 0.791968 0.739695
vt 0.803832 0.652542
vt 0.839134 0.378815
vt 0.827161 0.465996
vt 0.346964 0.563698
vt 0.343462 0.518307
vt 0.350365 0.517605
vt 0.354714 0.562910
vt 0.331312 0.564645
vt 0.329521 0.519150
vt 0.336559 0.519008
vt 0.339213 0.564486
vt 0.315509 0.564962
vt 0.315446 0.519433
vt 0.322484 0.519291
vt 0.323410 0.564804
vt 0.299859 0.564645
vt 0.301508 0.519150
vt 0.308409 0.519574
vt 0.307608 0.565121
vt 0.284362 0.563692
vt 0.287705 0.518301
vt 0.294606 0.518726
vt 0.292110 0.564169
vt 0.269315 0.562123
vt 0.274303 0.516904
vt 0.280803 0.517877
vt 0.276613 0.563216
vt 0.291048 0.472910
vt 0.294391 0.427520
vt 0.299598 0.427840
vt 0.297102 0.473283
vt 0.284994 0.472538
vt 0.289184 0.427200
vt 0.315384 0.473903
vt 0.315322 0.428373
vt 0.320631 0.428267
vt 0.321558 0.473779
vt 0.309210 0.474027
vt 0.310012 0.428480
vt 0.339960 0.472915
vt 0.336459 0.427524
vt 0.341667 0.426994
vt 0.346016 0.472300
vt 0.333905 0.473531
vt 0.331251 0.428053
vt 0.357268 0.516904
vt 0.362465 0.562123
vt 0.346875 0.426465
vt 0.352072 0.471684
vt 0.327731 0.473655
vt 0.325941 0.428160
vt 0.303156 0.473655
vt 0.304805 0.428160
vt 0.279292 0.471684
vt 0.284280 0.426465
vt 0.359063 0.608216
vt 0.367661 0.607342
vt 0.341867 0.609964
vt 0.350465 0.609090
vt 0.324337 0.610316
vt 0.333102 0.610140
vt 0.306806 0.610668
vt 0.315571 0.610492
vt 0.289614 0.609611
vt 0.298210 0.610140
vt 0.272423 0.608555
vt 0.281019 0.609083
vt 0.264327 0.607342
s 1
usemtl Material.007
f 1490/1325/870 1151/1326/871 871/1327/872 1153/1328/872
f 1489/1329/873 1155/1330/873 873/1331/874 1156/1332/874
f 1488/1333/875 1158/1334/875 875/1335/876 1159/1336/876
f 1487/1337/877 1161/1338/877 877/1339/878 1162/1340/878
f 1486/1341/879 1164/1342/879 879/1343/880 1165/1344/880
f 1485/1345/881 1167/1346/881 881/1347/882 1168/1348/882
f 1484/1349/883 1170/1350/883 883/1351/884 1171/1352/884
f 1483/1353/885 1173/1354/885 885/1355/886 1174/1356/886
f 1482/1357/887 1176/1358/887 887/1359/888 1177/1360/888
f 1481/1361/889 1179/1362/889 889/1363/890 1180/1364/890
f 1480/1365/891 1182/1366/891 891/1367/892 1183/1368/892
f 1479/1369/893 1185/1370/893 893/1371/894 1186/1372/894
f 1478/1373/895 1188/1374/895 895/1375/896 1189/1376/896
f 1477/1377/897 1191/1378/897 897/1379/898 1192/1380/898
f 1476/1381/899 1194/1382/899 899/1383/900 1195/1384/900
f 1475/1385/901 1197/1386/901 901/1387/902 1198/1388/902
f 1474/1389/903 1200/1390/903 903/1391/904 1201/1392/904
f 1473/1393/905 1203/1394/905 905/1395/906 1204/1396/906
f 1472/1397/907 1206/1398/907 907/1399/908 1207/1400/908
f 1471/1401/909 1209/1402/909 909/1403/910 1210/1404/910
f 1470/1405/911 1212/1406/911 911/1407/912 1213/1408/912
f 1032/1409/913 1671/1410/914 1752/1411/915 1497/1412/916
f 1469/1413/917 1218/1414/917 915/1415/918 1219/1416/919
f 1468/1417/920 1221/1418/920 917/1419/921 1222/1420/921
f 1467/1421/922 1227/1422/922 921/1423/923 1228/1424/923
f 1466/1425/924 1230/1426/924 923/1427/925 1231/1428/925
f 1465/1429/926 1233/1430/926 925/1431/927 1234/1432/927
f 1464/1433/928 1236/1434/928 927/1435/929 1237/1436/929
f 1463/1437/930 1239/1438/930 929/1439/931 1240/1440/931
f 871/1441/932 1151/1442/932 933/1443/932 1055/1444/932 869/1445/932 1245/1446/932 1024/1447/932 1149/1448/932 931/1449/932 1242/1450/932 1021/1451/932 1146/1452/932 929/1453/932 1239/1454/932 1018/1455/932 1143/1456/932 927/1457/932 1236/1458/932 1015/1459/932 1140/1460/932 925/1461/932 1233/1462/932 1012/1463/932 1137/1464/932 923/1465/932 1230/1466/932 1009/1467/932 1134/1468/932 921/1469/932 1227/1470/932 1006/1471/932 1131/1472/932 919/1473/932 1224/1474/932 1003/1475/932 1128/1476/932 917/1477/932 1221/1478/932 1001/1479/932 1125/1480/932 915/1481/932 1218/1482/932 999/1483/932 1122/1484/932 913/1485/932 1215/1486/932 997/1487/932 1119/1488/932 911/1489/932 1212/1490/932 994/1491/932 1116/1492/932 909/1493/932 1209/1494/932 991/1495/932 1113/1496/932 907/1497/932 1206/1498/932 988/1499/932 1110/1500/932 905/1501/932 1203/1502/932 985/1503/932 1107/1504/932 903/1505/932 1200/1506/932 982/1507/932 1104/1508/932 901/1509/932 1197/1510/932 979/1511/932 1101/1512/932 899/1513/932 1194/1514/932 976/1515/932 1098/1516/932 897/1517/932 1191/1518/932 973/1519/932 1095/1520/932 895/1521/932 1188/1522/932 970/1523/932 1092/1524/932 893/1525/932 1185/1526/932 967/1527/932 1089/1528/932 891/1367/932 1182/1366/932 964/1529/932 1086/1530/932 889/1363/932 1179/1362/932 961/1531/932 1083/1532/932 887/1359/932 1176/1358/932 958/1533/932 1080/1534/932 885/1355/932 1173/1354/932 955/1535/932 1077/1536/932 883/1351/932 1170/1350/932 952/1537/932 1074/1538/932 881/1347/932 1167/1346/932 949/1539/932 1071/1540/932 879/1343/932 1164/1342/932 946/1541/932 1068/1542/932 877/1543/932 1161/1544/932 943/1545/932 1065/1546/932 875/1547/932 1158/1548/932 940/1549/932 1062/1550/932 873/1551/932 1155/1552/932 937/1553/932 1059/1554/932
f 1462/1555/933 1242/1556/933 931/1557/934 1243/1558/934
f 1461/1559/935 1245/1560/936 869/1561/937 1056/1562/938
f 868/1563/939 1150/1564/939 932/1565/939 1054/1566/939 870/1567/939 1154/1568/939 936/1569/939 1058/1570/939 872/1571/939 1157/1572/939 939/1573/939 1061/1574/939 874/1575/939 1160/1576/939 942/1577/939 1064/1578/939 876/1579/939 1163/1580/939 945/1581/939 1067/1582/939 878/1583/939 1166/1584/939 948/1585/939 1070/1586/939 880/1587/939 1169/1588/939 951/1589/939 1073/1590/939 882/1591/939 1172/1592/939 954/1593/939 1076/1594/939 884/1595/939 1175/1596/939 957/1597/939 1079/1598/939 886/1599/939 1178/1600/939 960/1601/939 1082/1602/939 888/1603/939 1181/1604/939 963/1605/939 1085/1606/939 890/1607/939 1184/1608/939 966/1609/939 1088/1610/939 892/1611/939 1187/1612/939 969/1613/939 1091/1614/939 894/1615/939 1190/1616/939 972/1617/939 1094/1618/939 896/1619/939 1193/1620/939 975/1621/939 1097/1622/939 898/1623/939 1196/1624/939 978/1625/939 1100/1626/939 900/1627/939 1199/1628/939 981/1629/939 1103/1630/939 902/1631/939 1202/1632/939 984/1633/939 1106/1634/939 904/1635/939 1205/1636/939 987/1637/939 1109/1638/939 906/1639/939 1208/1640/939 990/1641/939 1112/1642/939 908/1643/939 1211/1644/939 993/1645/939 1115/1646/939 910/1647/939 1214/1648/939 996/1649/939 1118/1650/939 912/1651/939 1217/1652/939 998/1653/939 1121/1654/939 914/1655/939 1220/1656/939 1000/1657/939 1124/1658/939 916/1659/939 1223/1660/939 1002/1661/939 1127/1662/939 918/1663/939 1226/1664/939 1005/1665/939 1130/1666/939 920/1667/939 1229/1668/939 1008/1669/939 1133/1670/939 922/1671/939 1232/1672/939 1011/1673/939 1136/1674/939 924/1675/939 1235/1676/939 1014/1677/939 1139/1678/939 926/1679/939 1238/1680/939 1017/1681/939 1142/1682/939 928/1683/939 1241/1684/939 1020/1685/939 1145/1686/939 930/1687/939 1244/1688/939 1023/1689/939 1148/1690/939
f 1633/1691/940 1246/1692/941 934/1693/942 1519/1694/943
f 1632/1695/936 1247/1696/936 1025/1697/944 1548/1698/945
f 1458/1699/936 1149/1700/936 1024/1701/936 1249/1702/946
f 1631/1703/933 1250/1704/933 1022/1705/934 1547/1706/934
f 1630/1707/933 1251/1708/933 1026/1709/933 1549/1710/933
f 1455/1711/933 1146/1712/933 1021/1713/933 1253/1714/933
f 1629/1715/930 1254/1716/930 1019/1717/931 1546/1718/931
f 1628/1719/930 1255/1720/930 1027/1721/930 1550/1722/930
f 1452/1723/930 1143/1724/930 1018/1725/930 1257/1726/930
f 1627/1727/928 1258/1728/928 1016/1729/929 1545/1730/929
f 1626/1731/928 1259/1732/928 1028/1733/928 1551/1734/928
f 1449/1735/928 1140/1736/928 1015/1737/928 1261/1738/928
f 1625/1739/926 1262/1740/926 1013/1741/927 1544/1742/927
f 1624/1743/926 1263/1744/926 1029/1745/926 1552/1746/926
f 1446/1747/926 1137/1748/926 1012/1749/926 1265/1750/926
f 1623/1751/924 1266/1752/924 1010/1753/925 1543/1754/925
f 1622/1755/924 1267/1756/924 1030/1757/924 1553/1758/924
f 1443/1759/924 1134/1760/924 1009/1761/924 1269/1762/924
f 1621/1763/922 1270/1764/922 1007/1765/923 1542/1766/923
f 1620/1767/947 1271/1768/922 1031/1769/922 1554/1770/922
f 1440/1771/948 1131/1772/949 1006/1773/922 1273/1774/922
f 1126/1775/950 1437/1776/951 1511/1777/951 1500/1778/952
f 1438/1779/953 1128/1780/953 1003/1781/953 1275/1782/953
f 1277/1783/954 1468/1417/954 1516/1784/954 1495/1785/954
f 1435/1786/920 1125/1787/920 1001/1788/920 1277/1783/920
f 1433/1789/955 1120/1790/956 1498/1791/957 1507/1792/955
f 1468/1417/954 1222/1420/958 1493/1793/959 1516/1784/954
f 1432/1794/917 1122/1795/917 999/1796/917 1279/1797/917
f 1278/1798/955 1433/1789/955 1507/1792/955 1504/1799/955
f 1619/1800/960 1280/1801/960 1032/1409/960 1555/1802/960
f 1430/1803/960 1119/1804/960 997/1805/961 1282/1806/962
f 1618/1807/911 1283/1808/911 995/1809/912 1540/1810/912
f 1617/1811/911 1284/1812/911 1033/1813/911 1556/1814/911
f 1427/1815/911 1116/1816/911 994/1817/911 1286/1818/911
f 1616/1819/909 1287/1820/909 992/1821/910 1539/1822/910
f 1615/1823/909 1288/1824/909 1034/1825/909 1557/1826/909
f 1424/1827/909 1113/1828/909 991/1829/909 1290/1830/909
f 1614/1831/907 1291/1832/907 989/1833/908 1538/1834/908
f 1613/1835/907 1292/1836/907 1035/1837/907 1558/1838/907
f 1421/1839/907 1110/1840/907 988/1841/907 1294/1842/907
f 1612/1843/905 1295/1844/905 986/1845/906 1537/1846/906
f 1611/1847/905 1296/1848/905 1036/1849/905 1559/1850/905
f 1418/1851/905 1107/1852/905 985/1853/905 1298/1854/905
f 1610/1855/903 1299/1856/903 983/1857/904 1536/1858/904
f 1609/1859/903 1300/1860/903 1037/1861/903 1560/1862/903
f 1415/1863/903 1104/1864/903 982/1865/903 1302/1866/903
f 1608/1867/901 1303/1868/901 980/1869/902 1535/1870/902
f 1607/1871/901 1304/1872/901 1038/1873/901 1561/1874/901
f 1412/1875/901 1101/1876/901 979/1877/901 1306/1878/901
f 1606/1879/899 1307/1880/899 977/1881/900 1534/1882/900
f 1605/1883/899 1308/1884/899 1039/1885/899 1562/1886/899
f 1409/1887/899 1098/1888/899 976/1889/899 1310/1890/899
f 1604/1891/897 1311/1892/897 974/1893/898 1533/1894/898
f 1603/1895/897 1312/1896/897 1040/1897/897 1563/1898/897
f 1406/1899/897 1095/1900/897 973/1901/897 1314/1902/897
f 1602/1903/895 1315/1904/895 971/1905/896 1532/1906/896
f 1601/1907/895 1316/1908/895 1041/1909/895 1564/1910/895
f 1403/1911/895 1092/1912/895 970/1913/895 1318/1914/895
f 1600/1915/893 1319/1916/893 968/1917/894 1531/1918/894
f 1599/1919/893 1320/1920/893 1042/1921/893 1565/1922/893
f 1400/1923/893 1089/1924/893 967/1925/893 1322/1926/893
f 1598/1927/891 1323/1928/891 965/1929/892 1530/1930/892
f 1597/1931/891 1324/1932/891 1043/1933/891 1566/1934/891
f 1397/1935/891 1086/1530/891 964/1529/891 1326/1936/891
f 1596/1937/889 1327/1938/889 962/1939/890 1529/1940/890
f 1595/1941/889 1328/1942/889 1044/1943/889 1567/1944/889
f 1394/1945/889 1083/1532/889 961/1531/889 1330/1946/889
f 1594/1947/887 1331/1948/887 959/1949/888 1528/1950/888
f 1593/1951/887 1332/1952/887 1045/1953/887 1568/1954/887
f 1391/1955/887 1080/1534/887 958/1533/887 1334/1956/887
f 1592/1957/885 1335/1958/885 956/1959/886 1527/1960/886
f 1591/1961/885 1336/1962/885 1046/1963/885 1569/1964/885
f 1388/1965/885 1077/1536/885 955/1535/885 1338/1966/885
f 1590/1967/883 1339/1968/883 953/1969/884 1526/1970/884
f 1589/1971/883 1340/1972/883 1047/1973/883 1570/1974/883
f 1385/1975/883 1074/1538/883 952/1537/883 1342/1976/883
f 1588/1977/881 1343/1978/881 950/1979/882 1525/1980/882
f 1587/1981/881 1344/1982/881 1048/1983/881 1571/1984/881
f 1382/1985/881 1071/1540/881 949/1539/881 1346/1986/881
f 1586/1987/879 1347/1988/879 947/1989/880 1524/1990/880
f 1585/1991/879 1348/1992/879 1049/1993/879 1572/1994/879
f 1379/1995/879 1068/1542/879 946/1541/879 1350/1996/879
f 1584/1997/877 1351/1998/877 944/1999/878 1523/2000/878
f 1583/2001/877 1352/2002/877 1050/2003/877 1573/2004/877
f 1376/2005/877 1065/2006/877 943/2007/877 1354/2008/877
f 1582/2009/875 1355/2010/875 941/2011/876 1522/2012/876
f 1581/2013/875 1356/2014/875 1051/2015/875 1574/2016/875
f 1373/2017/875 1062/2018/875 940/2019/875 1358/2020/875
f 1580/2021/873 1359/2022/873 938/2023/874 1521/2024/874
f 1579/2025/873 1360/2026/873 1052/2027/873 1575/2028/873
f 1370/2029/873 1059/2030/873 937/2031/873 1362/2032/873
f 1578/2033/963 1363/2034/964 935/2035/965 1520/2036/966
f 1577/2037/967 1364/2038/968 1053/2039/969 1576/2040/970
f 1367/2041/971 1055/2042/871 933/2043/871 1366/2044/972
f 1694/2045/973 1367/2041/971 1366/2044/972 1692/2046/974
f 1693/2047/975 1056/1562/938 1367/2041/971 1694/2045/973
f 1056/1562/938 869/1561/937 1055/2042/871 1367/2041/971
f 1150/2048/871 1368/2049/976 1365/2050/977 932/2051/871
f 868/2052/937 1152/2053/978 1368/2049/976 1150/2048/871
f 1519/1694/943 934/1693/942 1364/2038/968 1577/2037/967
f 1054/2054/871 1369/2055/979 1057/2056/872 870/2057/872
f 932/2051/871 1365/2050/977 1369/2055/979 1054/2054/871
f 1576/2040/970 1053/2039/969 1363/2034/964 1578/2033/963
f 1695/2058/873 1370/2029/873 1362/2032/873 1691/2059/873
f 1636/2060/966 1153/1328/872 1370/2029/873 1695/2058/873
f 1153/1328/872 871/1327/872 1059/2030/873 1370/2029/873
f 1154/2061/873 1371/2062/873 1361/2063/873 936/2064/873
f 870/2057/872 1057/2056/872 1371/2062/873 1154/2061/873
f 1520/2036/966 935/2035/965 1360/2026/873 1579/2025/873
f 1058/2065/873 1372/2066/873 1060/2067/874 872/2068/874
f 936/2064/873 1361/2063/873 1372/2066/873 1058/2065/873
f 1575/2028/873 1052/2027/873 1359/2022/873 1580/2021/873
f 1696/2069/875 1373/2017/875 1358/2020/875 1690/2070/875
f 1637/2071/874 1156/1332/874 1373/2017/875 1696/2069/875
f 1156/1332/874 873/1331/874 1062/2018/875 1373/2017/875
f 1157/2072/875 1374/2073/875 1357/2074/875 939/2075/875
f 872/2068/874 1060/2067/874 1374/2073/875 1157/2072/875
f 1521/2024/874 938/2023/874 1356/2014/875 1581/2013/875
f 1061/2076/875 1375/2077/875 1063/2078/876 874/2079/876
f 939/2075/875 1357/2074/875 1375/2077/875 1061/2076/875
f 1574/2016/875 1051/2015/875 1355/2010/875 1582/2009/875
f 1697/2080/877 1376/2005/877 1354/2008/877 1689/2081/877
f 1638/2082/876 1159/1336/876 1376/2005/877 1697/2080/877
f 1159/1336/876 875/1335/876 1065/2006/877 1376/2005/877
f 1160/2083/877 1377/2084/877 1353/2085/877 942/2086/877
f 874/2079/876 1063/2078/876 1377/2084/877 1160/2083/877
f 1522/2012/876 941/2011/876 1352/2002/877 1583/2001/877
f 1064/2087/877 1378/2088/877 1066/2089/878 876/2090/878
f 942/2086/877 1353/2085/877 1378/2088/877 1064/2087/877
f 1573/2004/877 1050/2003/877 1351/1998/877 1584/1997/877
f 1698/2091/879 1379/1995/879 1350/1996/879 1688/2092/879
f 1639/2093/878 1162/2094/878 1379/1995/879 1698/2091/879
f 1162/2094/878 877/1543/878 1068/1542/879 1379/1995/879
f 1163/2095/879 1380/2096/879 1349/2097/879 945/2098/879
f 876/2099/878 1066/2100/878 1380/2096/879 1163/2095/879
f 1523/2101/878 944/2102/878 1348/1992/879 1585/1991/879
f 1067/2103/879 1381/2104/879 1069/2105/880 878/2106/880
f 945/2098/879 1349/2097/879 1381/2104/879 1067/2103/879
f 1572/1994/879 1049/1993/879 1347/1988/879 1586/1987/879
f 1699/2107/881 1382/1985/881 1346/1986/881 1687/2108/881
f 1640/2109/880 1165/1344/880 1382/1985/881 1699/2107/881
f 1165/1344/880 879/1343/880 1071/1540/881 1382/1985/881
f 1166/2110/881 1383/2111/881 1345/2112/881 948/2113/881
f 878/2106/880 1069/2105/880 1383/2111/881 1166/2110/881
f 1524/1990/880 947/1989/880 1344/1982/881 1587/1981/881
f 1070/2114/881 1384/2115/881 1072/2116/882 880/2117/882
f 948/2113/881 1345/2112/881 1384/2115/881 1070/2114/881
f 1571/1984/881 1048/1983/881 1343/1978/881 1588/1977/881
f 1700/2118/883 1385/1975/883 1342/1976/883 1686/2119/883
f 1641/2120/882 1168/1348/882 1385/1975/883 1700/2118/883
f 1168/1348/882 881/1347/882 1074/1538/883 1385/1975/883
f 1169/2121/883 1386/2122/883 1341/2123/883 951/2124/883
f 880/2117/882 1072/2116/882 1386/2122/883 1169/2121/883
f 1525/1980/882 950/1979/882 1340/1972/883 1589/1971/883
f 1073/2125/883 1387/2126/883 1075/2127/884 882/2128/884
f 951/2124/883 1341/2123/883 1387/2126/883 1073/2125/883
f 1570/1974/883 1047/1973/883 1339/1968/883 1590/1967/883
f 1701/2129/885 1388/1965/885 1338/1966/885 1685/2130/885
f 1642/2131/884 1171/1352/884 1388/1965/885 1701/2129/885
f 1171/1352/884 883/1351/884 1077/1536/885 1388/1965/885
f 1172/2132/885 1389/2133/885 1337/2134/885 954/2135/885
f 882/2128/884 1075/2127/884 1389/2133/885 1172/2132/885
f 1526/1970/884 953/1969/884 1336/1962/885 1591/1961/885
f 1076/2136/885 1390/2137/885 1078/2138/886 884/2139/886
f 954/2135/885 1337/2134/885 1390/2137/885 1076/2136/885
f 1569/1964/885 1046/1963/885 1335/1958/885 1592/1957/885
f 1702/2140/887 1391/1955/887 1334/1956/887 1684/2141/887
f 1643/2142/886 1174/1356/886 1391/1955/887 1702/2140/887
f 1174/1356/886 885/1355/886 1080/1534/887 1391/1955/887
f 1175/2143/887 1392/2144/887 1333/2145/887 957/2146/887
f 884/2139/886 1078/2138/886 1392/2144/887 1175/2143/887
f 1527/1960/886 956/1959/886 1332/1952/887 1593/1951/887
f 1079/2147/887 1393/2148/887 1081/2149/888 886/2150/888
f 957/2146/887 1333/2145/887 1393/2148/887 1079/2147/887
f 1568/1954/887 1045/1953/887 1331/1948/887 1594/1947/887
f 1703/2151/889 1394/1945/889 1330/1946/889 1683/2152/889
f 1644/2153/888 1177/1360/888 1394/1945/889 1703/2151/889
f 1177/1360/888 887/1359/888 1083/1532/889 1394/1945/889
f 1178/2154/889 1395/2155/889 1329/2156/889 960/2157/889
f 886/2150/888 1081/2149/888 1395/2155/889 1178/2154/889
f 1528/1950/888 959/1949/888 1328/1942/889 1595/1941/889
f 1082/2158/889 1396/2159/889 1084/2160/890 888/2161/890
f 960/2157/889 1329/2156/889 1396/2159/889 1082/2158/889
f 1567/1944/889 1044/1943/889 1327/1938/889 1596/1937/889
f 1704/2162/891 1397/1935/891 1326/1936/891 1682/2163/891
f 1645/2164/890 1180/1364/890 1397/1935/891 1704/2162/891
f 1180/1364/890 889/1363/890 1086/1530/891 1397/1935/891
f 1181/2165/891 1398/2166/891 1325/2167/891 963/2168/891
f 888/2161/890 1084/2160/890 1398/2166/891 1181/2165/891
f 1529/1940/890 962/1939/890 1324/1932/891 1597/1931/891
f 1085/2169/891 1399/2170/891 1087/2171/892 890/2172/892
f 963/2168/891 1325/2167/891 1399/2170/891 1085/2169/891
f 1566/1934/891 1043/1933/891 1323/1928/891 1598/1927/891
f 1705/2173/893 1400/1923/893 1322/1926/893 1681/2174/893
f 1646/2175/892 1183/2176/892 1400/1923/893 1705/2173/893
f 1183/2176/892 891/2177/892 1089/1924/893 1400/1923/893
f 1184/2178/893 1401/2179/893 1321/2180/893 966/2181/893
f 890/2182/892 1087/2183/892 1401/2179/893 1184/2178/893
f 1530/2184/892 965/2185/892 1320/1920/893 1599/1919/893
f 1088/2186/893 1402/2187/893 1090/2188/894 892/2189/894
f 966/2181/893 1321/2180/893 1402/2187/893 1088/2186/893
f 1565/1922/893 1042/1921/893 1319/1916/893 1600/1915/893
f 1706/2190/895 1403/1911/895 1318/1914/895 1680/2191/895
f 1647/2192/894 1186/1372/894 1403/1911/895 1706/2190/895
f 1186/1372/894 893/1371/894 1092/1912/895 1403/1911/895
f 1187/2193/895 1404/2194/895 1317/2195/895 969/2196/895
f 892/2189/894 1090/2188/894 1404/2194/895 1187/2193/895
f 1531/1918/894 968/1917/894 1316/1908/895 1601/1907/895
f 1091/2197/895 1405/2198/895 1093/2199/896 894/2200/896
f 969/2196/895 1317/2195/895 1405/2198/895 1091/2197/895
f 1564/1910/895 1041/1909/895 1315/1904/895 1602/1903/895
f 1707/2201/897 1406/1899/897 1314/1902/897 1679/2202/897
f 1648/2203/896 1189/1376/896 1406/1899/897 1707/2201/897
f 1189/1376/896 895/1375/896 1095/1900/897 1406/1899/897
f 1190/2204/897 1407/2205/897 1313/2206/897 972/2207/897
f 894/2200/896 1093/2199/896 1407/2205/897 1190/2204/897
f 1532/1906/896 971/1905/896 1312/1896/897 1603/1895/897
f 1094/2208/897 1408/2209/897 1096/2210/898 896/2211/898
f 972/2207/897 1313/2206/897 1408/2209/897 1094/2208/897
f 1563/1898/897 1040/1897/897 1311/1892/897 1604/1891/897
f 1708/2212/899 1409/1887/899 1310/1890/899 1678/2213/899
f 1649/2214/898 1192/1380/898 1409/1887/899 1708/2212/899
f 1192/1380/898 897/1379/898 1098/1888/899 1409/1887/899
f 1193/2215/899 1410/2216/899 1309/2217/899 975/2218/899
f 896/2211/898 1096/2210/898 1410/2216/899 1193/2215/899
f 1533/1894/898 974/1893/898 1308/1884/899 1605/1883/899
f 1097/2219/899 1411/2220/899 1099/2221/900 898/2222/900
f 975/2218/899 1309/2217/899 1411/2220/899 1097/2219/899
f 1562/1886/899 1039/1885/899 1307/1880/899 1606/1879/899
f 1709/2223/901 1412/1875/901 1306/1878/901 1677/2224/901
f 1650/2225/900 1195/1384/900 1412/1875/901 1709/2223/901
f 1195/1384/900 899/1383/900 1101/1876/901 1412/1875/901
f 1196/2226/901 1413/2227/901 1305/2228/901 978/2229/901
f 898/2222/900 1099/2221/900 1413/2227/901 1196/2226/901
f 1534/1882/900 977/1881/900 1304/1872/901 1607/1871/901
f 1100/2230/901 1414/2231/901 1102/2232/902 900/2233/902
f 978/2229/901 1305/2228/901 1414/2231/901 1100/2230/901
f 1561/1874/901 1038/1873/901 1303/1868/901 1608/1867/901
f 1710/2234/903 1415/1863/903 1302/1866/903 1676/2235/903
f 1651/2236/902 1198/1388/902 1415/1863/903 1710/2234/903
f 1198/1388/902 901/1387/902 1104/1864/903 1415/1863/903
f 1199/2237/903 1416/2238/903 1301/2239/903 981/2240/903
f 900/2233/902 1102/2232/902 1416/2238/903 1199/2237/903
f 1535/1870/902 980/1869/902 1300/1860/903 1609/1859/903
f 1103/2241/903 1417/2242/903 1105/2243/904 902/2244/904
f 981/2240/903 1301/2239/903 1417/2242/903 1103/2241/903
f 1560/1862/903 1037/1861/903 1299/1856/903 1610/1855/903
f 1711/2245/905 1418/1851/905 1298/1854/905 1675/2246/905
f 1652/2247/904 1201/1392/904 1418/1851/905 1711/2245/905
f 1201/1392/904 903/1391/904 1107/1852/905 1418/1851/905
f 1202/2248/905 1419/2249/905 1297/2250/905 984/2251/905
f 902/2244/904 1105/2243/904 1419/2249/905 1202/2248/905
f 1536/1858/904 983/1857/904 1296/1848/905 1611/1847/905
f 1106/2252/905 1420/2253/905 1108/2254/906 904/2255/906
f 984/2251/905 1297/2250/905 1420/2253/905 1106/2252/905
f 1559/1850/905 1036/1849/905 1295/1844/905 1612/1843/905
f 1712/2256/907 1421/1839/907 1294/1842/907 1674/2257/907
f 1653/2258/906 1204/1396/906 1421/1839/907 1712/2256/907
f 1204/1396/906 905/1395/906 1110/1840/907 1421/1839/907
f 1205/2259/907 1422/2260/907 1293/2261/907 987/2262/907
f 904/2255/906 1108/2254/906 1422/2260/907 1205/2259/907
f 1537/1846/906 986/1845/906 1292/1836/907 1613/1835/907
f 1109/2263/907 1423/2264/907 1111/2265/908 906/2266/908
f 987/2262/907 1293/2261/907 1423/2264/907 1109/2263/907
f 1558/1838/907 1035/1837/907 1291/1832/907 1614/1831/907
f 1713/2267/909 1424/1827/909 1290/1830/909 1673/2268/909
f 1654/2269/908 1207/1400/908 1424/1827/909 1713/2267/909
f 1207/1400/908 907/1399/908 1113/1828/909 1424/1827/909
f 1208/2270/909 1425/2271/909 1289/2272/909 990/2273/909
f 906/2266/908 1111/2265/908 1425/2271/909 1208/2270/909
f 1538/1834/908 989/1833/908 1288/1824/909 1615/1823/909
f 1112/2274/909 1426/2275/909 1114/2276/910 908/2277/910
f 990/2273/909 1289/2272/909 1426/2275/909 1112/2274/909
f 1557/1826/909 1034/1825/909 1287/1820/909 1616/1819/909
f 1714/2278/911 1427/1815/911 1286/1818/911 1672/2279/911
f 1655/2280/910 1210/2281/910 1427/1815/911 1714/2278/911
f 1210/2281/910 909/2282/910 1116/1816/911 1427/1815/911
f 1211/2283/911 1428/2284/911 1285/2285/911 993/2286/911
f 908/2287/910 1114/2288/910 1428/2284/911 1211/2283/911
f 1539/2289/910 992/2290/910 1284/1812/911 1617/1811/911
f 1115/2291/911 1429/2292/911 1117/2293/912 910/2294/912
f 993/2286/911 1285/2285/911 1429/2292/911 1115/2291/911
f 1556/1814/911 1033/1813/911 1283/1808/911 1618/1807/911
f 1715/2295/960 1430/1803/960 1282/1806/962 1671/1410/960
f 1656/2296/912 1213/1408/912 1430/1803/960 1715/2295/960
f 1213/1408/912 911/1407/912 1119/1804/960 1430/1803/960
f 1214/2297/960 1431/2298/960 1281/2299/980 996/2300/981
f 910/2294/912 1117/2293/912 1431/2298/960 1214/2297/960
f 1540/1810/912 995/1809/912 1280/1801/960 1619/1800/960
f 1436/2301/951 1123/2302/982 1499/2303/983 1510/2304/951
f 1276/2305/951 1436/2301/951 1510/2304/951 1503/2306/951
f 1216/2307/984 913/2308/985 1122/1795/917 1432/1794/917
f 1217/2309/986 1433/2310/986 1278/2311/986 998/2312/986
f 912/2313/987 1120/2314/988 1433/2310/986 1217/2309/986
f 1121/2315/986 1434/2316/986 1123/2317/989 914/2318/990
f 998/2312/986 1278/2311/986 1434/2316/986 1121/2315/986
f 1439/2319/991 1126/1775/950 1500/1778/952 1513/2320/991
f 1274/2321/991 1439/2319/991 1513/2320/991 1502/2322/991
f 1219/1416/919 915/1415/918 1125/1787/920 1435/1786/920
f 1220/2323/992 1436/2324/992 1276/2325/992 1000/2326/992
f 914/2318/990 1123/2317/989 1436/2324/992 1220/2323/992
f 1752/1411/915 1671/1410/914 1282/1806/993 1518/2327/993
f 1124/2328/992 1437/2329/992 1126/2330/994 916/2331/994
f 1000/2326/992 1276/2325/992 1437/2329/992 1124/2328/992
f 1216/2307/995 1432/1794/996 1506/2332/996 1491/2333/997
f 1432/1794/996 1279/1797/996 1496/2334/996 1506/2332/996
f 1219/1416/998 1435/1786/954 1509/2335/954 1492/2336/999
f 1222/1420/921 917/1419/921 1128/1780/953 1438/1779/953
f 1223/2337/1000 1439/2338/1000 1274/2339/1000 1002/2340/1000
f 916/2331/994 1126/2330/994 1439/2338/1000 1223/2337/1000
f 1716/2341/1001 1440/1771/948 1273/1774/922 1670/2342/922
f 1657/2343/1002 1225/2344/1003 1440/1771/948 1716/2341/1001
f 1225/2344/1003 919/2345/1004 1131/1772/949 1440/1771/948
f 1226/2346/1005 1441/2347/1006 1272/2348/922 1005/2349/922
f 918/2350/1007 1129/2351/1008 1441/2347/1006 1226/2346/1005
f 1541/2352/1009 1004/2353/922 1271/1768/922 1620/1767/947
f 1130/2354/922 1442/2355/922 1132/2356/923 920/2357/923
f 1005/2349/922 1272/2348/922 1442/2355/922 1130/2354/922
f 1554/1770/922 1031/1769/922 1270/1764/922 1621/1763/922
f 1717/2358/924 1443/1759/924 1269/1762/924 1669/2359/924
f 1658/2360/923 1228/1424/923 1443/1759/924 1717/2358/924
f 1228/1424/923 921/1423/923 1134/1760/924 1443/1759/924
f 1229/2361/924 1444/2362/924 1268/2363/924 1008/2364/924
f 920/2357/923 1132/2356/923 1444/2362/924 1229/2361/924
f 1542/1766/923 1007/1765/923 1267/1756/924 1622/1755/924
f 1133/2365/924 1445/2366/924 1135/2367/925 922/2368/925
f 1008/2364/924 1268/2363/924 1445/2366/924 1133/2365/924
f 1553/1758/924 1030/1757/924 1266/1752/924 1623/1751/924
f 1718/2369/926 1446/1747/926 1265/1750/926 1668/2370/926
f 1659/2371/925 1231/2372/925 1446/1747/926 1718/2369/926
f 1231/2372/925 923/2373/925 1137/1748/926 1446/1747/926
f 1232/2374/926 1447/2375/926 1264/2376/926 1011/2377/926
f 922/2378/925 1135/2379/925 1447/2375/926 1232/2374/926
f 1543/2380/925 1010/2381/925 1263/1744/926 1624/1743/926
f 1136/2382/926 1448/2383/926 1138/2384/927 924/2385/927
f 1011/2377/926 1264/2376/926 1448/2383/926 1136/2382/926
f 1552/1746/926 1029/1745/926 1262/1740/926 1625/1739/926
f 1719/2386/928 1449/1735/928 1261/1738/928 1667/2387/928
f 1660/2388/927 1234/1432/927 1449/1735/928 1719/2386/928
f 1234/1432/927 925/1431/927 1140/1736/928 1449/1735/928
f 1235/2389/928 1450/2390/928 1260/2391/928 1014/2392/928
f 924/2385/927 1138/2384/927 1450/2390/928 1235/2389/928
f 1544/1742/927 1013/1741/927 1259/1732/928 1626/1731/928
f 1139/2393/928 1451/2394/928 1141/2395/929 926/2396/929
f 1014/2392/928 1260/2391/928 1451/2394/928 1139/2393/928
f 1551/1734/928 1028/1733/928 1258/1728/928 1627/1727/928
f 1720/2397/930 1452/1723/930 1257/1726/930 1666/2398/930
f 1661/2399/929 1237/1436/929 1452/1723/930 1720/2397/930
f 1237/1436/929 927/1435/929 1143/1724/930 1452/1723/930
f 1238/2400/930 1453/2401/930 1256/2402/930 1017/2403/930
f 926/2396/929 1141/2395/929 1453/2401/930 1238/2400/930
f 1545/1730/929 1016/1729/929 1255/1720/930 1628/1719/930
f 1142/2404/930 1454/2405/930 1144/2406/931 928/2407/931
f 1017/2403/930 1256/2402/930 1454/2405/930 1142/2404/930
f 1550/1722/930 1027/1721/930 1254/1716/930 1629/1715/930
f 1721/2408/933 1455/1711/933 1253/1714/933 1665/2409/933
f 1662/2410/931 1240/1440/931 1455/1711/933 1721/2408/933
f 1240/1440/931 929/1439/931 1146/1712/933 1455/1711/933
f 1241/2411/933 1456/2412/933 1252/2413/933 1020/2414/933
f 928/2407/931 1144/2406/931 1456/2412/933 1241/2411/933
f 1546/1718/931 1019/1717/931 1251/1708/933 1630/1707/933
f 1145/2415/933 1457/2416/933 1147/2417/934 930/2418/934
f 1020/2414/933 1252/2413/933 1457/2416/933 1145/2415/933
f 1549/1710/933 1026/1709/933 1250/1704/933 1631/1703/933
f 1722/2419/936 1458/1699/936 1249/1702/946 1664/2420/1010
f 1663/2421/934 1243/1558/934 1458/1699/936 1722/2419/936
f 1243/1558/934 931/1557/934 1149/1700/936 1458/1699/936
f 1244/2422/936 1459/2423/936 1248/2424/1011 1023/2425/936
f 930/2418/934 1147/2417/934 1459/2423/936 1244/2422/936
f 1547/1706/934 1022/1705/934 1247/1696/936 1632/1695/936
f 1148/2426/936 1460/2427/1012 1152/2053/978 868/2052/937
f 1023/2425/936 1248/2424/1011 1460/2427/1012 1148/2426/936
f 1548/1698/945 1025/1697/944 1246/1692/941 1633/1691/940
f 1723/2428/1013 1461/1559/935 1056/1562/938 1693/2047/975
f 1664/2420/1010 1249/1702/946 1461/1559/935 1723/2428/1013
f 1249/1702/946 1024/1701/936 1245/1560/936 1461/1559/935
f 1724/2429/933 1462/1555/933 1243/1558/934 1663/2421/934
f 1665/2409/933 1253/1714/933 1462/1555/933 1724/2429/933
f 1253/1714/933 1021/1713/933 1242/1556/933 1462/1555/933
f 1725/2430/930 1463/1437/930 1240/1440/931 1662/2410/931
f 1666/2398/930 1257/1726/930 1463/1437/930 1725/2430/930
f 1257/1726/930 1018/1725/930 1239/1438/930 1463/1437/930
f 1726/2431/928 1464/1433/928 1237/1436/929 1661/2399/929
f 1667/2387/928 1261/1738/928 1464/1433/928 1726/2431/928
f 1261/1738/928 1015/1737/928 1236/1434/928 1464/1433/928
f 1727/2432/926 1465/1429/926 1234/1432/927 1660/2388/927
f 1668/2370/926 1265/1750/926 1465/1429/926 1727/2432/926
f 1265/1750/926 1012/1749/926 1233/1430/926 1465/1429/926
f 1728/2433/924 1466/1425/924 1231/1428/925 1659/2434/925
f 1669/2359/924 1269/1762/924 1466/1425/924 1728/2433/924
f 1269/1762/924 1009/1761/924 1230/1426/924 1466/1425/924
f 1729/2435/922 1467/1421/922 1228/1424/923 1658/2360/923
f 1670/2342/922 1273/1774/922 1467/1421/922 1729/2435/922
f 1273/1774/922 1006/1773/922 1227/1422/922 1467/1421/922
f 1435/1786/954 1277/1783/954 1495/1785/954 1509/2335/954
f 1657/2436/1014 1751/2437/1014 1515/2438/1015 1225/2439/1015
f 1222/1420/958 1438/1779/1016 1512/2440/1016 1493/1793/959
f 1438/1779/1016 1275/1782/1016 1494/2441/1016 1512/2440/1016
f 1277/1783/920 1001/1788/920 1221/1418/920 1468/1417/920
f 1279/1797/996 1469/1413/996 1517/2442/996 1496/2334/996
f 1279/1797/917 999/1796/917 1218/1414/917 1469/1413/917
f 1434/2443/955 1278/1798/955 1504/1799/955 1508/2444/955
f 1281/2299/1017 1555/1802/1018 1634/2445/1019 1505/2446/1017
f 1555/1802/1018 1032/1409/913 1497/1412/916 1634/2445/1019
f 1730/2447/911 1470/1405/911 1213/1408/912 1656/2296/912
f 1672/2279/911 1286/1818/911 1470/1405/911 1730/2447/911
f 1286/1818/911 994/1817/911 1212/1406/911 1470/1405/911
f 1731/2448/909 1471/1401/909 1210/1404/910 1655/2449/910
f 1673/2268/909 1290/1830/909 1471/1401/909 1731/2448/909
f 1290/1830/909 991/1829/909 1209/1402/909 1471/1401/909
f 1732/2450/907 1472/1397/907 1207/1400/908 1654/2269/908
f 1674/2257/907 1294/1842/907 1472/1397/907 1732/2450/907
f 1294/1842/907 988/1841/907 1206/1398/907 1472/1397/907
f 1733/2451/905 1473/1393/905 1204/1396/906 1653/2258/906
f 1675/2246/905 1298/1854/905 1473/1393/905 1733/2451/905
f 1298/1854/905 985/1853/905 1203/1394/905 1473/1393/905
f 1734/2452/903 1474/1389/903 1201/1392/904 1652/2247/904
f 1676/2235/903 1302/1866/903 1474/1389/903 1734/2452/903
f 1302/1866/903 982/1865/903 1200/1390/903 1474/1389/903
f 1735/2453/901 1475/1385/901 1198/1388/902 1651/2236/902
f 1677/2224/901 1306/1878/901 1475/1385/901 1735/2453/901
f 1306/1878/901 979/1877/901 1197/1386/901 1475/1385/901
f 1736/2454/899 1476/1381/899 1195/1384/900 1650/2225/900
f 1678/2213/899 1310/1890/899 1476/1381/899 1736/2454/899
f 1310/1890/899 976/1889/899 1194/1382/899 1476/1381/899
f 1737/2455/897 1477/1377/897 1192/1380/898 1649/2214/898
f 1679/2202/897 1314/1902/897 1477/1377/897 1737/2455/897
f 1314/1902/897 973/1901/897 1191/1378/897 1477/1377/897
f 1738/2456/895 1478/1373/895 1189/1376/896 1648/2203/896
f 1680/2191/895 1318/1914/895 1478/1373/895 1738/2456/895
f 1318/1914/895 970/1913/895 1188/1374/895 1478/1373/895
f 1739/2457/893 1479/1369/893 1186/1372/894 1647/2192/894
f 1681/2174/893 1322/1926/893 1479/1369/893 1739/2457/893
f 1322/1926/893 967/1925/893 1185/1370/893 1479/1369/893
f 1740/2458/891 1480/1365/891 1183/1368/892 1646/2459/892
f 1682/2163/891 1326/1936/891 1480/1365/891 1740/2458/891
f 1326/1936/891 964/1529/891 1182/1366/891 1480/1365/891
f 1741/2460/889 1481/1361/889 1180/1364/890 1645/2164/890
f 1683/2152/889 1330/1946/889 1481/1361/889 1741/2460/889
f 1330/1946/889 961/1531/889 1179/1362/889 1481/1361/889
f 1742/2461/887 1482/1357/887 1177/1360/888 1644/2153/888
f 1684/2141/887 1334/1956/887 1482/1357/887 1742/2461/887
f 1334/1956/887 958/1533/887 1176/1358/887 1482/1357/887
f 1743/2462/885 1483/1353/885 1174/1356/886 1643/2142/886
f 1685/2130/885 1338/1966/885 1483/1353/885 1743/2462/885
f 1338/1966/885 955/1535/885 1173/1354/885 1483/1353/885
f 1744/2463/883 1484/1349/883 1171/1352/884 1642/2131/884
f 1686/2119/883 1342/1976/883 1484/1349/883 1744/2463/883
f 1342/1976/883 952/1537/883 1170/1350/883 1484/1349/883
f 1745/2464/881 1485/1345/881 1168/1348/882 1641/2120/882
f 1687/2108/881 1346/1986/881 1485/1345/881 1745/2464/881
f 1346/1986/881 949/1539/881 1167/1346/881 1485/1345/881
f 1746/2465/879 1486/1341/879 1165/1344/880 1640/2109/880
f 1688/2092/879 1350/1996/879 1486/1341/879 1746/2465/879
f 1350/1996/879 946/1541/879 1164/1342/879 1486/1341/879
f 1747/2466/877 1487/1337/877 1162/1340/878 1639/2467/878
f 1689/2081/877 1354/2008/877 1487/1337/877 1747/2466/877
f 1354/2008/877 943/2007/877 1161/1338/877 1487/1337/877
f 1748/2468/875 1488/1333/875 1159/1336/876 1638/2082/876
f 1690/2070/875 1358/2020/875 1488/1333/875 1748/2468/875
f 1358/2020/875 940/2019/875 1158/1334/875 1488/1333/875
f 1749/2469/873 1489/1329/873 1156/1332/874 1637/2071/874
f 1691/2059/873 1362/2032/873 1489/1329/873 1749/2469/873
f 1362/2032/873 937/2031/873 1155/1330/873 1489/1329/873
f 1750/2470/1020 1490/1325/870 1153/1328/872 1636/2060/966
f 1692/2046/974 1366/2044/972 1490/1325/870 1750/2470/1020
f 1366/2044/972 933/2043/871 1151/1326/871 1490/1325/870
f 1504/1799/1021 1507/1792/1021 1794/2471/1021 1787/2472/1021
f 1511/1777/1022 1503/2306/1022 1785/2473/1022 1804/2474/1022
f 1495/2475/1023 1516/2476/1023 1816/2477/1023 1799/2478/1023
f 1501/2479/1024 1635/2480/1024 1813/2481/1024 1781/2482/1024
f 1500/1778/1025 1511/1777/1022 1804/2474/1022 1780/2483/1026
f 1515/2438/1024 1751/2437/1024 1815/2484/1024 1814/2485/1024
f 1516/2476/1023 1493/2486/1027 1808/2487/1028 1816/2477/1023
f 1491/2488/1029 1506/2489/1030 1790/2490/1030 1792/2491/1031
f 1437/1776/951 1276/2305/951 1503/2306/951 1511/1777/951
f 1123/2302/982 1434/2443/955 1508/2444/955 1499/2303/983
f 1469/1413/996 1219/1416/998 1492/2336/999 1517/2442/996
f 1751/2437/1024 1501/2479/1024 1781/2482/1024 1815/2484/1024
f 1506/2489/1030 1496/2492/1030 1791/2493/1030 1790/2490/1030
f 1510/2304/1022 1499/2303/1032 1778/2494/1033 1802/2495/1022
f 1494/2496/1034 1515/2497/1034 1814/2498/1034 1807/2499/1034
f 1505/2500/1035 1634/2501/1035 1789/2502/1035 1788/2503/1035
f 1503/2306/1022 1510/2304/1022 1802/2495/1022 1785/2473/1022
f 1635/2480/1024 1514/2504/1024 1812/2505/1024 1813/2481/1024
f 1498/1791/1036 1505/2506/1037 1788/2507/1037 1776/2508/1038
f 1514/2509/1039 1502/2322/1039 1783/2510/1039 1812/2511/1039
f 1492/2512/1040 1509/2513/1023 1798/2514/1023 1800/2515/1041
f 1634/2501/1035 1497/2516/1035 1774/2517/1035 1789/2502/1035
f 1509/2513/1023 1495/2475/1023 1799/2478/1023 1798/2514/1023
f 1248/2424/1011 1548/1698/945 1633/1691/940 1460/2427/1012
f 1147/2417/934 1547/1706/934 1632/1695/936 1459/2423/936
f 1252/2413/933 1549/1710/933 1631/1703/933 1457/2416/933
f 1144/2406/931 1546/1718/931 1630/1707/933 1456/2412/933
f 1256/2402/930 1550/1722/930 1629/1715/930 1454/2405/930
f 1141/2395/929 1545/1730/929 1628/1719/930 1453/2401/930
f 1260/2391/928 1551/1734/928 1627/1727/928 1451/2394/928
f 1138/2384/927 1544/1742/927 1626/1731/928 1450/2390/928
f 1264/2376/926 1552/1746/926 1625/1739/926 1448/2383/926
f 1135/2379/925 1543/2380/925 1624/1743/926 1447/2375/926
f 1268/2363/924 1553/1758/924 1623/1751/924 1445/2366/924
f 1132/2356/923 1542/1766/923 1622/1755/924 1444/2362/924
f 1272/2348/922 1554/1770/922 1621/1763/922 1442/2355/922
f 1129/2351/1008 1541/2352/1009 1620/1767/947 1441/2347/1006
f 1117/2293/912 1540/1810/912 1619/1800/960 1431/2298/960
f 1285/2285/911 1556/1814/911 1618/1807/911 1429/2292/911
f 1114/2288/910 1539/2289/910 1617/1811/911 1428/2284/911
f 1289/2272/909 1557/1826/909 1616/1819/909 1426/2275/909
f 1111/2265/908 1538/1834/908 1615/1823/909 1425/2271/909
f 1293/2261/907 1558/1838/907 1614/1831/907 1423/2264/907
f 1108/2254/906 1537/1846/906 1613/1835/907 1422/2260/907
f 1297/2250/905 1559/1850/905 1612/1843/905 1420/2253/905
f 1105/2243/904 1536/1858/904 1611/1847/905 1419/2249/905
f 1301/2239/903 1560/1862/903 1610/1855/903 1417/2242/903
f 1102/2232/902 1535/1870/902 1609/1859/903 1416/2238/903
f 1305/2228/901 1561/1874/901 1608/1867/901 1414/2231/901
f 1099/2221/900 1534/1882/900 1607/1871/901 1413/2227/901
f 1309/2217/899 1562/1886/899 1606/1879/899 1411/2220/899
f 1096/2210/898 1533/1894/898 1605/1883/899 1410/2216/899
f 1313/2206/897 1563/1898/897 1604/1891/897 1408/2209/897
f 1093/2199/896 1532/1906/896 1603/1895/897 1407/2205/897
f 1317/2195/895 1564/1910/895 1602/1903/895 1405/2198/895
f 1090/2188/894 1531/1918/894 1601/1907/895 1404/2194/895
f 1321/2180/893 1565/1922/893 1600/1915/893 1402/2187/893
f 1087/2183/892 1530/2184/892 1599/1919/893 1401/2179/893
f 1325/2167/891 1566/1934/891 1598/1927/891 1399/2170/891
f 1084/2160/890 1529/1940/890 1597/1931/891 1398/2166/891
f 1329/2156/889 1567/1944/889 1596/1937/889 1396/2159/889
f 1081/2149/888 1528/1950/888 1595/1941/889 1395/2155/889
f 1333/2145/887 1568/1954/887 1594/1947/887 1393/2148/887
f 1078/2138/886 1527/1960/886 1593/1951/887 1392/2144/887
f 1337/2134/885 1569/1964/885 1592/1957/885 1390/2137/885
f 1075/2127/884 1526/1970/884 1591/1961/885 1389/2133/885
f 1341/2123/883 1570/1974/883 1590/1967/883 1387/2126/883
f 1072/2116/882 1525/1980/882 1589/1971/883 1386/2122/883
f 1345/2112/881 1571/1984/881 1588/1977/881 1384/2115/881
f 1069/2105/880 1524/1990/880 1587/1981/881 1383/2111/881
f 1349/2097/879 1572/1994/879 1586/1987/879 1381/2104/879
f 1066/2100/878 1523/2101/878 1585/1991/879 1380/2096/879
f 1353/2085/877 1573/2004/877 1584/1997/877 1378/2088/877
f 1063/2078/876 1522/2012/876 1583/2001/877 1377/2084/877
f 1357/2074/875 1574/2016/875 1582/2009/875 1375/2077/875
f 1060/2067/874 1521/2024/874 1581/2013/875 1374/2073/875
f 1361/2063/873 1575/2028/873 1580/2021/873 1372/2066/873
f 1057/2056/872 1520/2036/966 1579/2025/873 1371/2062/873
f 1365/2050/977 1576/2040/970 1578/2033/963 1369/2055/979
f 1152/2053/978 1519/1694/943 1577/2037/967 1368/2049/976
f 1368/2049/976 1577/2037/967 1576/2040/970 1365/2050/977
f 1369/2055/979 1578/2033/963 1520/2036/966 1057/2056/872
f 1371/2062/873 1579/2025/873 1575/2028/873 1361/2063/873
f 1372/2066/873 1580/2021/873 1521/2024/874 1060/2067/874
f 1374/2073/875 1581/2013/875 1574/2016/875 1357/2074/875
f 1375/2077/875 1582/2009/875 1522/2012/876 1063/2078/876
f 1377/2084/877 1583/2001/877 1573/2004/877 1353/2085/877
f 1378/2088/877 1584/1997/877 1523/2000/878 1066/2089/878
f 1380/2096/879 1585/1991/879 1572/1994/879 1349/2097/879
f 1381/2104/879 1586/1987/879 1524/1990/880 1069/2105/880
f 1383/2111/881 1587/1981/881 1571/1984/881 1345/2112/881
f 1384/2115/881 1588/1977/881 1525/1980/882 1072/2116/882
f 1386/2122/883 1589/1971/883 1570/1974/883 1341/2123/883
f 1387/2126/883 1590/1967/883 1526/1970/884 1075/2127/884
f 1389/2133/885 1591/1961/885 1569/1964/885 1337/2134/885
f 1390/2137/885 1592/1957/885 1527/1960/886 1078/2138/886
f 1392/2144/887 1593/1951/887 1568/1954/887 1333/2145/887
f 1393/2148/887 1594/1947/887 1528/1950/888 1081/2149/888
f 1395/2155/889 1595/1941/889 1567/1944/889 1329/2156/889
f 1396/2159/889 1596/1937/889 1529/1940/890 1084/2160/890
f 1398/2166/891 1597/1931/891 1566/1934/891 1325/2167/891
f 1399/2170/891 1598/1927/891 1530/1930/892 1087/2171/892
f 1401/2179/893 1599/1919/893 1565/1922/893 1321/2180/893
f 1402/2187/893 1600/1915/893 1531/1918/894 1090/2188/894
f 1404/2194/895 1601/1907/895 1564/1910/895 1317/2195/895
f 1405/2198/895 1602/1903/895 1532/1906/896 1093/2199/896
f 1407/2205/897 1603/1895/897 1563/1898/897 1313/2206/897
f 1408/2209/897 1604/1891/897 1533/1894/898 1096/2210/898
f 1410/2216/899 1605/1883/899 1562/1886/899 1309/2217/899
f 1411/2220/899 1606/1879/899 1534/1882/900 1099/2221/900
f 1413/2227/901 1607/1871/901 1561/1874/901 1305/2228/901
f 1414/2231/901 1608/1867/901 1535/1870/902 1102/2232/902
f 1416/2238/903 1609/1859/903 1560/1862/903 1301/2239/903
f 1417/2242/903 1610/1855/903 1536/1858/904 1105/2243/904
f 1419/2249/905 1611/1847/905 1559/1850/905 1297/2250/905
f 1420/2253/905 1612/1843/905 1537/1846/906 1108/2254/906
f 1422/2260/907 1613/1835/907 1558/1838/907 1293/2261/907
f 1423/2264/907 1614/1831/907 1538/1834/908 1111/2265/908
f 1425/2271/909 1615/1823/909 1557/1826/909 1289/2272/909
f 1426/2275/909 1616/1819/909 1539/1822/910 1114/2276/910
f 1428/2284/911 1617/1811/911 1556/1814/911 1285/2285/911
f 1429/2292/911 1618/1807/911 1540/1810/912 1117/2293/912
f 1431/2298/960 1619/1800/960 1555/1802/960 1281/2299/980
f 1441/2347/1006 1620/1767/947 1554/1770/922 1272/2348/922
f 1442/2355/922 1621/1763/922 1542/1766/923 1132/2356/923
f 1444/2362/924 1622/1755/924 1553/1758/924 1268/2363/924
f 1445/2366/924 1623/1751/924 1543/1754/925 1135/2367/925
f 1447/2375/926 1624/1743/926 1552/1746/926 1264/2376/926
f 1448/2383/926 1625/1739/926 1544/1742/927 1138/2384/927
f 1450/2390/928 1626/1731/928 1551/1734/928 1260/2391/928
f 1451/2394/928 1627/1727/928 1545/1730/929 1141/2395/929
f 1453/2401/930 1628/1719/930 1550/1722/930 1256/2402/930
f 1454/2405/930 1629/1715/930 1546/1718/931 1144/2406/931
f 1456/2412/933 1630/1707/933 1549/1710/933 1252/2413/933
f 1457/2416/933 1631/1703/933 1547/1706/934 1147/2417/934
f 1459/2423/936 1632/1695/936 1548/1698/945 1248/2424/1011
f 1460/2427/1012 1633/1691/940 1519/1694/943 1152/2053/978
f 1513/2320/1039 1500/1778/1025 1780/2483/1026 1810/2518/1039
f 1497/2516/1035 1752/2519/1035 1821/2520/1035 1774/2517/1035
f 1502/2322/1039 1513/2320/1039 1810/2518/1039 1783/2510/1039
f 1518/2521/1042 1491/2488/1029 1792/2491/1031 1820/2522/1042
f 1508/2444/1021 1504/1799/1021 1787/2472/1021 1796/2523/1021
f 1499/2303/1032 1508/2444/1021 1796/2523/1021 1778/2494/1033
f 1493/2486/1027 1512/2524/1034 1806/2525/1034 1808/2487/1028
f 1496/2492/1030 1517/2526/1030 1818/2527/1030 1791/2493/1030
f 1512/2524/1034 1494/2496/1034 1807/2499/1034 1806/2525/1034
f 1752/2519/1035 1518/2528/1035 1820/2529/1035 1821/2520/1035
f 1517/2526/1030 1492/2512/1040 1800/2515/1041 1818/2527/1030
f 1507/1792/1021 1498/1791/1036 1776/2508/1038 1794/2471/1021
f 1053/2039/969 1692/2046/974 1750/2470/1020 1363/2034/964
f 1363/2034/964 1750/2470/1020 1636/2060/966 935/2035/965
f 1052/2027/873 1691/2059/873 1749/2469/873 1359/2022/873
f 1359/2022/873 1749/2469/873 1637/2071/874 938/2023/874
f 1051/2015/875 1690/2070/875 1748/2468/875 1355/2010/875
f 1355/2010/875 1748/2468/875 1638/2082/876 941/2011/876
f 1050/2003/877 1689/2081/877 1747/2466/877 1351/1998/877
f 1351/1998/877 1747/2466/877 1639/2467/878 944/1999/878
f 1049/1993/879 1688/2092/879 1746/2465/879 1347/1988/879
f 1347/1988/879 1746/2465/879 1640/2109/880 947/1989/880
f 1048/1983/881 1687/2108/881 1745/2464/881 1343/1978/881
f 1343/1978/881 1745/2464/881 1641/2120/882 950/1979/882
f 1047/1973/883 1686/2119/883 1744/2463/883 1339/1968/883
f 1339/1968/883 1744/2463/883 1642/2131/884 953/1969/884
f 1046/1963/885 1685/2130/885 1743/2462/885 1335/1958/885
f 1335/1958/885 1743/2462/885 1643/2142/886 956/1959/886
f 1045/1953/887 1684/2141/887 1742/2461/887 1331/1948/887
f 1331/1948/887 1742/2461/887 1644/2153/888 959/1949/888
f 1044/1943/889 1683/2152/889 1741/2460/889 1327/1938/889
f 1327/1938/889 1741/2460/889 1645/2164/890 962/1939/890
f 1043/1933/891 1682/2163/891 1740/2458/891 1323/1928/891
f 1323/1928/891 1740/2458/891 1646/2459/892 965/1929/892
f 1042/1921/893 1681/2174/893 1739/2457/893 1319/1916/893
f 1319/1916/893 1739/2457/893 1647/2192/894 968/1917/894
f 1041/1909/895 1680/2191/895 1738/2456/895 1315/1904/895
f 1315/1904/895 1738/2456/895 1648/2203/896 971/1905/896
f 1040/1897/897 1679/2202/897 1737/2455/897 1311/1892/897
f 1311/1892/897 1737/2455/897 1649/2214/898 974/1893/898
f 1039/1885/899 1678/2213/899 1736/2454/899 1307/1880/899
f 1307/1880/899 1736/2454/899 1650/2225/900 977/1881/900
f 1038/1873/901 1677/2224/901 1735/2453/901 1303/1868/901
f 1303/1868/901 1735/2453/901 1651/2236/902 980/1869/902
f 1037/1861/903 1676/2235/903 1734/2452/903 1299/1856/903
f 1299/1856/903 1734/2452/903 1652/2247/904 983/1857/904
f 1036/1849/905 1675/2246/905 1733/2451/905 1295/1844/905
f 1295/1844/905 1733/2451/905 1653/2258/906 986/1845/906
f 1035/1837/907 1674/2257/907 1732/2450/907 1291/1832/907
f 1291/1832/907 1732/2450/907 1654/2269/908 989/1833/908
f 1034/1825/909 1673/2268/909 1731/2448/909 1287/1820/909
f 1287/1820/909 1731/2448/909 1655/2449/910 992/1821/910
f 1033/1813/911 1672/2279/911 1730/2447/911 1283/1808/911
f 1283/1808/911 1730/2447/911 1656/2296/912 995/1809/912
f 1031/1769/922 1670/2342/922 1729/2435/922 1270/1764/922
f 1270/1764/922 1729/2435/922 1658/2360/923 1007/1765/923
f 1030/1757/924 1669/2359/924 1728/2433/924 1266/1752/924
f 1266/1752/924 1728/2433/924 1659/2434/925 1010/1753/925
f 1029/1745/926 1668/2370/926 1727/2432/926 1262/1740/926
f 1262/1740/926 1727/2432/926 1660/2388/927 1013/1741/927
f 1028/1733/928 1667/2387/928 1726/2431/928 1258/1728/928
f 1258/1728/928 1726/2431/928 1661/2399/929 1016/1729/929
f 1027/1721/930 1666/2398/930 1725/2430/930 1254/1716/930
f 1254/1716/930 1725/2430/930 1662/2410/931 1019/1717/931
f 1026/1709/933 1665/2409/933 1724/2429/933 1250/1704/933
f 1250/1704/933 1724/2429/933 1663/2421/934 1022/1705/934
f 1025/1697/944 1664/2420/1010 1723/2428/1013 1246/1692/941
f 1246/1692/941 1723/2428/1013 1693/2047/975 934/1693/942
f 1022/1705/934 1663/2421/934 1722/2419/936 1247/1696/936
f 1247/1696/936 1722/2419/936 1664/2420/1010 1025/1697/944
f 1019/1717/931 1662/2410/931 1721/2408/933 1251/1708/933
f 1251/1708/933 1721/2408/933 1665/2409/933 1026/1709/933
f 1016/1729/929 1661/2399/929 1720/2397/930 1255/1720/930
f 1255/1720/930 1720/2397/930 1666/2398/930 1027/1721/930
f 1013/1741/927 1660/2388/927 1719/2386/928 1259/1732/928
f 1259/1732/928 1719/2386/928 1667/2387/928 1028/1733/928
f 1010/2381/925 1659/2371/925 1718/2369/926 1263/1744/926
f 1263/1744/926 1718/2369/926 1668/2370/926 1029/1745/926
f 1007/1765/923 1658/2360/923 1717/2358/924 1267/1756/924
f 1267/1756/924 1717/2358/924 1669/2359/924 1030/1757/924
f 1004/2353/922 1657/2343/1002 1716/2341/1001 1271/1768/922
f 1271/1768/922 1716/2341/1001 1670/2342/922 1031/1769/922
f 995/1809/912 1656/2296/912 1715/2295/960 1280/1801/960
f 1280/1801/960 1715/2295/960 1671/1410/960 1032/1409/960
f 992/2290/910 1655/2280/910 1714/2278/911 1284/1812/911
f 1284/1812/911 1714/2278/911 1672/2279/911 1033/1813/911
f 989/1833/908 1654/2269/908 1713/2267/909 1288/1824/909
f 1288/1824/909 1713/2267/909 1673/2268/909 1034/1825/909
f 986/1845/906 1653/2258/906 1712/2256/907 1292/1836/907
f 1292/1836/907 1712/2256/907 1674/2257/907 1035/1837/907
f 983/1857/904 1652/2247/904 1711/2245/905 1296/1848/905
f 1296/1848/905 1711/2245/905 1675/2246/905 1036/1849/905
f 980/1869/902 1651/2236/902 1710/2234/903 1300/1860/903
f 1300/1860/903 1710/2234/903 1676/2235/903 1037/1861/903
f 977/1881/900 1650/2225/900 1709/2223/901 1304/1872/901
f 1304/1872/901 1709/2223/901 1677/2224/901 1038/1873/901
f 974/1893/898 1649/2214/898 1708/2212/899 1308/1884/899
f 1308/1884/899 1708/2212/899 1678/2213/899 1039/1885/899
f 971/1905/896 1648/2203/896 1707/2201/897 1312/1896/897
f 1312/1896/897 1707/2201/897 1679/2202/897 1040/1897/897
f 968/1917/894 1647/2192/894 1706/2190/895 1316/1908/895
f 1316/1908/895 1706/2190/895 1680/2191/895 1041/1909/895
f 965/2185/892 1646/2175/892 1705/2173/893 1320/1920/893
f 1320/1920/893 1705/2173/893 1681/2174/893 1042/1921/893
f 962/1939/890 1645/2164/890 1704/2162/891 1324/1932/891
f 1324/1932/891 1704/2162/891 1682/2163/891 1043/1933/891
f 959/1949/888 1644/2153/888 1703/2151/889 1328/1942/889
f 1328/1942/889 1703/2151/889 1683/2152/889 1044/1943/889
f 956/1959/886 1643/2142/886 1702/2140/887 1332/1952/887
f 1332/1952/887 1702/2140/887 1684/2141/887 1045/1953/887
f 953/1969/884 1642/2131/884 1701/2129/885 1336/1962/885
f 1336/1962/885 1701/2129/885 1685/2130/885 1046/1963/885
f 950/1979/882 1641/2120/882 1700/2118/883 1340/1972/883
f 1340/1972/883 1700/2118/883 1686/2119/883 1047/1973/883
f 947/1989/880 1640/2109/880 1699/2107/881 1344/1982/881
f 1344/1982/881 1699/2107/881 1687/2108/881 1048/1983/881
f 944/2102/878 1639/2093/878 1698/2091/879 1348/1992/879
f 1348/1992/879 1698/2091/879 1688/2092/879 1049/1993/879
f 941/2011/876 1638/2082/876 1697/2080/877 1352/2002/877
f 1352/2002/877 1697/2080/877 1689/2081/877 1050/2003/877
f 938/2023/874 1637/2071/874 1696/2069/875 1356/2014/875
f 1356/2014/875 1696/2069/875 1690/2070/875 1051/2015/875
f 935/2035/965 1636/2060/966 1695/2058/873 1360/2026/873
f 1360/2026/873 1695/2058/873 1691/2059/873 1052/2027/873
f 934/1693/942 1693/2047/975 1694/2045/973 1364/2038/968
f 1364/2038/968 1694/2045/973 1692/2046/974 1053/2039/969
f 1004/2530/1043 1501/2479/1044 1751/2437/1014 1657/2436/1014
f 1541/2352/1045 1635/2531/1046 1501/2532/1044 1004/2353/1043
f 1129/2351/1047 1514/2533/1047 1635/2531/1046 1541/2352/1045
f 1502/2322/991 1514/2509/991 1129/2534/991 1753/2535/991 1274/2321/991
f 918/2350/1007 1127/2536/1000 1753/2537/1000 1129/2351/1008
f 1274/2339/1000 1753/2537/1000 1127/2536/1000 1002/2340/1000
f 1494/2441/1016 1275/1782/1016 1754/2538/1016 1225/2344/1016 1515/2539/1016
f 919/2345/1004 1225/2344/1003 1754/2538/953 1224/2540/953
f 1224/2540/953 1754/2538/953 1275/1782/953 1003/1781/953
f 1498/1791/957 1120/1790/956 1756/2541/1048 1281/2542/1048 1505/2506/1048
f 1491/2488/997 1518/2521/1049 1282/2543/1049 1755/2544/1049 1216/2545/995
f 1118/2546/1050 1756/2547/1051 1120/2314/988 912/2313/987
f 1281/2299/980 1756/2547/1051 1118/2546/1050 996/2300/981
f 1215/2548/1052 913/2308/985 1216/2307/984 1755/2549/1053
f 997/1805/961 1215/2548/1052 1755/2549/1053 1282/1806/962
f 1811/2550/1054 1763/2551/1054 1764/2552/1054 1782/2553/1054
f 1805/2554/1055 1766/2555/1055 1762/2556/1056 1779/2557/1056
f 1803/2558/1055 1767/2559/1055 1768/2560/1055 1784/2561/1055
f 1797/2562/1057 1770/2563/1057 1760/2564/1058 1777/2565/1058
f 1795/2566/1057 1771/2567/1057 1772/2568/1057 1786/2569/1057
f 1789/2570/960 1774/2571/960 1758/2572/1059 1775/2573/1059
f 1793/2574/1057 1790/2575/1057 1791/2576/1057 1773/2577/1057
f 1757/2578/1059 1792/2579/1059 1790/2575/1057 1793/2574/1057
f 1775/2573/1059 1758/2572/1059 1771/2567/1057 1795/2566/1057
f 1786/2569/1057 1772/2568/1057 1770/2563/1057 1797/2562/1057
f 1801/2580/1055 1798/2581/1055 1799/2582/1055 1769/2583/1055
f 1759/2584/1058 1800/2585/1058 1798/2581/1055 1801/2580/1055
f 1777/2565/1058 1760/2564/1058 1767/2559/1055 1803/2558/1055
f 1784/2561/1055 1768/2560/1055 1766/2555/1055 1805/2554/1055
f 1809/2586/1054 1806/2587/1054 1807/2588/1054 1765/2589/1054
f 1761/2590/1056 1808/2591/1056 1806/2587/1054 1809/2586/1054
f 1779/2557/1056 1762/2556/1056 1763/2551/1054 1811/2550/1054
f 1782/2553/1054 1764/2552/1054 1781/2592/1054 1813/2593/1054
f 1765/2589/1054 1807/2588/1054 1814/2594/1054 1815/2595/1054
f 1817/2596/1055 1816/2597/1055 1808/2591/1056 1761/2590/1056
f 1769/2583/1055 1799/2582/1055 1816/2597/1055 1817/2596/1055
f 1819/2598/1057 1818/2599/1057 1800/2585/1058 1759/2584/1058
f 1773/2577/1057 1791/2576/1057 1818/2599/1057 1819/2598/1057
f 1821/2600/960 1820/2601/960 1792/2579/1059 1757/2578/1059
f 1783/2602/1054 1782/2553/1054 1813/2593/1054 1812/2603/1054
f 1780/2604/1056 1779/2557/1056 1811/2550/1054 1810/2605/1054
f 1785/2606/1055 1784/2561/1055 1805/2554/1055 1804/2607/1055
f 1778/2608/1058 1777/2565/1058 1803/2558/1055 1802/2609/1055
f 1787/2610/1057 1786/2569/1057 1797/2562/1057 1796/2611/1057
f 1776/2612/1059 1775/2573/1059 1795/2566/1057 1794/2613/1057
f 1788/2614/960 1789/2570/960 1775/2573/1059 1776/2612/1059
f 1794/2613/1057 1795/2566/1057 1786/2569/1057 1787/2610/1057
f 1796/2611/1057 1797/2562/1057 1777/2565/1058 1778/2608/1058
f 1802/2609/1055 1803/2558/1055 1784/2561/1055 1785/2606/1055
f 1804/2607/1055 1805/2554/1055 1779/2557/1056 1780/2604/1056
f 1810/2605/1054 1811/2550/1054 1782/2553/1054 1783/2602/1054
f 1774/2571/960 1821/2600/960 1757/2578/1059 1758/2572/1059
f 1772/2568/1057 1773/2577/1057 1819/2598/1057 1770/2563/1057
f 1770/2563/1057 1819/2598/1057 1759/2584/1058 1760/2564/1058
f 1768/2560/1055 1769/2583/1055 1817/2596/1055 1766/2555/1055
f 1766/2555/1055 1817/2596/1055 1761/2590/1056 1762/2556/1056
f 1764/2552/1054 1765/2589/1054 1815/2595/1054 1781/2592/1054
f 1762/2556/1056 1761/2590/1056 1809/2586/1054 1763/2551/1054
f 1763/2551/1054 1809/2586/1054 1765/2589/1054 1764/2552/1054
f 1760/2564/1058 1759/2584/1058 1801/2580/1055 1767/2559/1055
f 1767/2559/1055 1801/2580/1055 1769/2583/1055 1768/2560/1055
f 1758/2572/1059 1757/2578/1059 1793/2574/1057 1771/2567/1057
f 1771/2567/1057 1793/2574/1057 1773/2577/1057 1772/2568/1057
o Landing_Legs.003
v -0.718942 2.270940 -0.611769
v -0.628651 2.270940 -0.702060
v -0.718942 2.534516 -0.611769
v -0.628651 2.534516 -0.702060
v -0.749583 2.531190 -0.642409
v -0.723298 2.274266 -0.616124
v -0.633007 2.274266 -0.706415
v -0.659292 2.531190 -0.732700
v -0.782622 2.511776 -0.675449
v -0.734951 2.270768 -0.627778
v -0.644660 2.270768 -0.718069
v -0.692331 2.511776 -0.765740
v -0.850671 2.427287 -0.743497
v -0.757855 2.265106 -0.650681
v -0.667564 2.265106 -0.740972
v -0.760380 2.427287 -0.833788
v -0.896966 2.238937 -0.789793
v -0.779635 2.216879 -0.672462
v -0.689344 2.216879 -0.762753
v -0.806675 2.238937 -0.880084
v -0.926947 1.439813 -0.819773
v -0.809615 1.417755 -0.702442
v -0.719325 1.417755 -0.792733
v -0.836656 1.439813 -0.910064
v -0.958616 1.095614 -0.851443
v -0.840275 1.098876 -0.733102
v -0.749984 1.098876 -0.823393
v -0.868325 1.095614 -0.941733
v -1.115570 1.003051 -0.871470
v -0.817765 1.002173 -0.573664
v -0.590546 1.002173 -0.800882
v -0.888352 1.003051 -1.098688
v 0.718942 2.270940 0.645533
v 0.628651 2.270940 0.735824
v 0.718942 2.534517 0.645533
v 0.628651 2.534517 0.735824
v 0.749583 2.531191 0.676174
v 0.723298 2.274266 0.649889
v 0.633007 2.274266 0.740180
v 0.659292 2.531191 0.766465
v 0.782622 2.511776 0.709213
v 0.734951 2.270768 0.661543
v 0.644660 2.270768 0.751834
v 0.692331 2.511776 0.799504
v 0.850671 2.427287 0.777262
v 0.757855 2.265106 0.684446
v 0.667564 2.265106 0.774737
v 0.760380 2.427287 0.867553
v 0.896966 2.238937 0.823558
v 0.779635 2.216879 0.706227
v 0.689344 2.216879 0.796518
v 0.806675 2.238937 0.913849
v 0.926947 1.439813 0.853538
v 0.809615 1.417755 0.736207
v 0.719324 1.417755 0.826498
v 0.836656 1.439813 0.943829
v 0.958616 1.095614 0.885207
v 0.840275 1.098876 0.766866
v 0.749984 1.098876 0.857157
v 0.868325 1.095614 0.975498
v 1.115570 1.003051 0.905234
v 0.817765 1.002173 0.607429
v 0.590547 1.002173 0.834647
v 0.888352 1.003051 1.132452
v 0.628651 2.270940 -0.702060
v 0.718942 2.270940 -0.611769
v 0.628651 2.534516 -0.702060
v 0.718942 2.534516 -0.611769
v 0.659292 2.531191 -0.732700
v 0.633007 2.274266 -0.706415
v 0.723298 2.274266 -0.616124
v 0.749583 2.531191 -0.642409
v 0.692331 2.511776 -0.765740
v 0.644661 2.270768 -0.718069
v 0.734952 2.270768 -0.627778
v 0.782622 2.511776 -0.675449
v 0.760380 2.427287 -0.833789
v 0.667564 2.265106 -0.740972
v 0.757855 2.265106 -0.650681
v 0.850671 2.427287 -0.743498
v 0.806675 2.238937 -0.880084
v 0.689345 2.216879 -0.762753
v 0.779635 2.216879 -0.672462
v 0.896966 2.238937 -0.789793
v 0.836656 1.439813 -0.910064
v 0.719325 1.417755 -0.792733
v 0.809616 1.417755 -0.702442
v 0.926947 1.439813 -0.819773
v 0.868325 1.095614 -0.941734
v 0.749984 1.098876 -0.823393
v 0.840275 1.098876 -0.733102
v 0.958616 1.095614 -0.851443
v 0.888352 1.003051 -1.098688
v 0.590547 1.002173 -0.800882
v 0.817765 1.002173 -0.573664
v 1.115570 1.003051 -0.871470
v -0.628651 2.270940 0.735824
v -0.718942 2.270940 0.645533
v -0.628651 2.534516 0.735824
v -0.718942 2.534516 0.645533
v -0.659292 2.531191 0.766465
v -0.633007 2.274266 0.740180
v -0.723298 2.274266 0.649889
v -0.749583 2.531191 0.676174
v -0.692331 2.511776 0.799504
v -0.644660 2.270768 0.751834
v -0.734951 2.270768 0.661543
v -0.782622 2.511776 0.709213
v -0.760380 2.427287 0.867553
v -0.667564 2.265106 0.774737
v -0.757855 2.265106 0.684446
v -0.850671 2.427287 0.777262
v -0.806675 2.238937 0.913849
v -0.689344 2.216879 0.796518
v -0.779635 2.216879 0.706227
v -0.896966 2.238937 0.823558
v -0.836655 1.439813 0.943829
v -0.719324 1.417755 0.826498
v -0.809615 1.417755 0.736207
v -0.926946 1.439813 0.853538
v -0.868325 1.095614 0.975498
v -0.749984 1.098876 0.857157
v -0.840275 1.098876 0.766866
v -0.958616 1.095614 0.885207
v -0.888352 1.003051 1.132453
v -0.590546 1.002173 0.834647
v -0.817765 1.002173 0.607429
v -1.115570 1.003051 0.905234
vn 0.7071 -0.0000 0.7071
vn 0.7071 -0.0000 -0.7071
vn -0.0541 0.9971 -0.0541
vn -0.1672 0.9716 -0.1672
vn -0.3359 -0.8799 -0.3359
vn -0.1084 -0.9882 -0.1084
vn -0.7071 -0.0000 0.7071
vn -0.3791 0.8441 -0.3791
vn -0.4665 0.7515 -0.4665
vn 0.1343 -0.9818 0.1343
vn 0.1218 -0.9851 0.1218
vn -0.6679 0.3283 -0.6679
vn -0.6946 0.1875 -0.6946
vn 0.5959 -0.5383 0.5959
vn -0.7042 0.0909 -0.7042
vn -0.7012 0.1290 -0.7012
vn 0.7061 -0.0530 0.7061
vn 0.7040 -0.0937 0.7040
vn 0.4922 0.7151 -0.4963
vn 0.7007 -0.1347 0.7007
vn -0.0015 -1.0000 -0.0015
vn -0.4963 0.7151 0.4922
vn -0.4205 0.8040 -0.4205
vn 0.4249 0.7994 0.4249
vn -0.7071 -0.0000 -0.7071
vn 0.0541 0.9971 0.0541
vn 0.1672 0.9716 0.1672
vn 0.3359 -0.8799 0.3359
vn 0.1084 -0.9882 0.1084
vn 0.3791 0.8442 0.3791
vn 0.4665 0.7515 0.4665
vn -0.1343 -0.9818 -0.1343
vn -0.1218 -0.9851 -0.1218
vn 0.6679 0.3283 0.6679
vn 0.6946 0.1875 0.6946
vn -0.5959 -0.5383 -0.5959
vn 0.7042 0.0909 0.7042
vn 0.7012 0.1290 0.7012
vn -0.7061 -0.0530 -0.7061
vn -0.7040 -0.0937 -0.7040
vn -0.4922 0.7151 0.4963
vn -0.7007 -0.1347 -0.7007
vn 0.0015 -1.0000 0.0015
vn 0.4963 0.7151 -0.4922
vn 0.4205 0.8040 0.4205
vn -0.4249 0.7994 -0.4249
vn 0.0541 0.9971 -0.0541
vn 0.1679 0.9714 -0.1679
vn 0.3359 -0.8799 -0.3359
vn 0.1108 -0.9877 -0.1108
vn 0.3809 0.8425 -0.3809
vn 0.4665 0.7515 -0.4665
vn -0.1343 -0.9818 0.1343
vn -0.1218 -0.9851 0.1218
vn 0.6679 0.3283 -0.6679
vn 0.6952 0.1824 -0.6952
vn -0.5959 -0.5383 0.5959
vn 0.7042 0.0907 -0.7042
vn 0.7012 0.1290 -0.7012
vn -0.7061 -0.0530 0.7061
vn -0.7040 -0.0934 0.7040
vn 0.4963 0.7151 0.4922
vn -0.7007 -0.1347 0.7007
vn 0.0015 -1.0000 -0.0015
vn -0.4922 0.7151 -0.4963
vn 0.4205 0.8040 -0.4205
vn -0.4249 0.7994 0.4249
vn -0.0541 0.9971 0.0541
vn -0.1679 0.9714 0.1679
vn -0.3359 -0.8799 0.3359
vn -0.1108 -0.9877 0.1108
vn -0.3809 0.8425 0.3809
vn -0.4665 0.7515 0.4665
vn 0.1343 -0.9818 -0.1343
vn 0.1218 -0.9851 -0.1218
vn -0.6679 0.3283 0.6679
vn -0.6952 0.1824 0.6952
vn 0.5959 -0.5383 -0.5959
vn -0.7042 0.0907 0.7042
vn -0.7012 0.1290 0.7012
vn 0.7061 -0.0530 -0.7061
vn 0.7040 -0.0934 -0.7040
vn -0.4963 0.7151 -0.4922
vn 0.7007 -0.1347 -0.7007
vn -0.0015 -1.0000 0.0015
vn 0.4922 0.7151 0.4963
vn -0.4205 0.8040 0.4205
vn 0.4249 0.7994 -0.4249
vt 0.655640 0.805259
vt 0.655640 0.874945
vt 0.585978 0.874945
vt 0.585978 0.805259
vt 0.614314 0.470242
vt 0.607804 0.472700
vt 0.565934 0.416995
vt 0.583824 0.407580
vt 0.585978 0.805259
vt 0.585978 0.823394
vt 0.516292 0.823394
vt 0.516292 0.805259
vt 0.473857 0.647396
vt 0.476435 0.647396
vt 0.476435 0.717083
vt 0.473857 0.717083
vt 0.617024 0.470517
vt 0.601292 0.402630
vt 0.632756 0.402630
vt 0.650224 0.407580
vt 0.619734 0.470242
vt 0.617024 0.470517
vt 0.585978 0.842948
vt 0.585978 0.883222
vt 0.516292 0.883222
vt 0.516292 0.842948
vt 0.668115 0.416995
vt 0.626245 0.472700
vt 0.483332 0.647396
vt 0.483332 0.717083
vt 0.594937 0.477219
vt 0.585257 0.492550
vt 0.516291 0.502546
vt 0.531742 0.447848
vt 0.496887 0.647396
vt 0.496887 0.717083
vt 0.702307 0.447848
vt 0.639112 0.477219
vt 0.615669 0.702380
vt 0.546703 0.712375
vt 0.717757 0.502546
vt 0.648792 0.492550
vt 0.857130 0.582355
vt 0.857130 0.632862
vt 0.787444 0.632862
vt 0.787444 0.582355
vt 0.509778 0.647396
vt 0.509778 0.717083
vt 0.857130 0.844537
vt 0.857130 0.936004
vt 0.787443 0.936004
vt 0.787444 0.844537
vt 0.687346 0.712375
vt 0.618380 0.702380
vt 0.350732 0.941925
vt 0.350732 0.731193
vt 0.420419 0.731193
vt 0.420419 0.941925
vt 0.122526 0.701239
vt 0.175366 0.647396
vt 0.175366 0.823651
vt 0.122526 0.771278
vt 0.350732 0.647396
vt 0.420419 0.647396
vt 0.617024 0.788607
vt 0.548988 0.805259
vt 0.685061 0.805259
vt 0.617024 0.788607
vt 0.350732 0.823651
vt 0.175366 0.823651
vt 0.052840 0.771278
vt 0.000000 0.823651
vt 0.000000 0.647396
vt 0.052840 0.701239
vt 0.000000 0.893338
vt 0.000000 0.823651
vt 0.069662 0.823651
vt 0.069662 0.893338
vt 0.519001 0.335017
vt 0.525512 0.332559
vt 0.567382 0.388264
vt 0.549491 0.397679
vt 0.268956 0.597182
vt 0.268956 0.579047
vt 0.338642 0.579047
vt 0.338642 0.597182
vt 0.338642 0.519219
vt 0.341220 0.519219
vt 0.341220 0.588905
vt 0.338642 0.588905
vt 0.516292 0.334742
vt 0.532024 0.402630
vt 0.702025 0.402630
vt 0.684557 0.397679
vt 0.715047 0.335017
vt 0.717757 0.334742
vt 0.268956 0.559493
vt 0.268956 0.519219
vt 0.338642 0.519219
vt 0.338642 0.559493
vt 0.666667 0.388264
vt 0.708537 0.332559
vt 0.348117 0.519219
vt 0.348117 0.588905
vt 0.538379 0.328040
vt 0.548059 0.312709
vt 0.617024 0.302713
vt 0.601574 0.357411
vt 0.361673 0.519219
vt 0.361673 0.588905
vt 0.632475 0.357411
vt 0.695670 0.328041
vt 0.517647 0.102879
vt 0.586613 0.092884
vt 0.685990 0.312709
vt 0.717757 0.936004
vt 0.717757 0.885497
vt 0.787443 0.885497
vt 0.374563 0.519219
vt 0.374563 0.588905
vt 0.717757 0.673822
vt 0.717757 0.582355
vt 0.787443 0.582355
vt 0.787443 0.673822
vt 0.647436 0.092884
vt 0.716402 0.102879
vt 0.926816 0.582355
vt 0.926816 0.793088
vt 0.857130 0.793088
vt 0.857130 0.582355
vt 0.770597 0.352258
vt 0.717757 0.406100
vt 0.717757 0.229845
vt 0.770597 0.282218
vt 0.926816 0.876884
vt 0.857130 0.876884
vt 0.516292 0.016652
vt 0.584328 -0.000000
vt 0.649720 -0.000000
vt 0.717757 0.016652
vt 0.717757 0.582355
vt 0.717757 0.406100
vt 0.893123 0.406100
vt 0.893123 0.582355
vt 0.840283 0.282218
vt 0.893123 0.229845
vt 0.893123 0.406100
vt 0.840283 0.352258
vt 0.123100 0.823651
vt 0.123100 0.893338
vt 0.003472 0.350738
vt 0.011814 0.347250
vt 0.065464 0.397576
vt 0.042540 0.409866
vt 0.375833 0.417551
vt 0.375833 0.441199
vt 0.322394 0.441199
vt 0.322394 0.417551
vt 0.169943 0.877090
vt 0.166581 0.877090
vt 0.166581 0.823651
vt 0.169943 0.823651
vt 0.000000 0.350870
vt 0.020158 0.417551
vt 0.149231 -0.000000
vt 0.171613 0.007685
vt 0.132545 0.066813
vt 0.129073 0.066681
vt 0.375833 0.466699
vt 0.375833 0.519219
vt 0.322394 0.519219
vt 0.322394 0.466699
vt 0.194537 0.019975
vt 0.140887 0.070300
vt 0.157587 0.877090
vt 0.157587 0.823651
vt 0.028302 0.340703
vt 0.040704 0.323638
vt 0.129073 0.303014
vt 0.109276 0.361004
vt 0.139910 0.877090
vt 0.139910 0.823651
vt 0.238348 0.056547
vt 0.157375 0.076848
vt 0.001737 0.114774
vt 0.090105 0.094151
vt 0.258146 0.114537
vt 0.169777 0.093913
vt 0.946562 0.229845
vt 0.946562 0.279620
vt 0.893123 0.279620
vt 0.893123 0.229845
vt 0.123100 0.877090
vt 0.946562 0.490883
vt 0.946562 0.581869
vt 0.893123 0.581869
vt 0.893123 0.490883
vt 0.219178 0.323400
vt 0.130810 0.302776
vt 0.946562 0.525461
vt 0.946562 0.314168
vt 1.000000 0.314168
vt 1.000000 0.525461
vt 0.228436 0.487764
vt 0.268956 0.417551
vt 0.268956 0.647396
vt 0.228436 0.579099
vt 1.000000 0.229845
vt 0.000000 0.027255
vt 0.087178 -0.000000
vt 0.216251 0.417551
vt 0.129073 0.390296
vt 0.000000 0.647396
vt -0.000000 0.417551
vt 0.134478 0.417551
vt 0.134478 0.647396
vt 0.174998 0.579099
vt 0.134478 0.647396
vt 0.134478 0.417551
vt 0.174998 0.487764
vt 0.709078 0.874945
vt 0.655640 0.874945
vt 0.655640 0.805259
vt 0.709078 0.805259
vt 0.383746 0.066813
vt 0.375404 0.070300
vt 0.321754 0.019975
vt 0.344678 0.007685
vt 0.268956 0.519219
vt 0.268956 0.495570
vt 0.322394 0.495570
vt 0.322394 0.519219
vt 0.173305 0.823651
vt 0.173305 0.877090
vt 0.387219 0.066681
vt 0.367061 -0.000000
vt 0.496133 0.417551
vt 0.473751 0.409866
vt 0.512819 0.350738
vt 0.516292 0.350870
vt 0.268956 0.470071
vt 0.268956 0.417551
vt 0.322394 0.417551
vt 0.322394 0.470071
vt 0.450827 0.397576
vt 0.504477 0.347250
vt 0.182299 0.823651
vt 0.182299 0.877090
vt 0.358917 0.076848
vt 0.346514 0.093913
vt 0.258146 0.114537
vt 0.277943 0.056547
vt 0.199976 0.823651
vt 0.199976 0.877090
vt 0.407016 0.361004
vt 0.487990 0.340703
vt 0.385482 0.302776
vt 0.297113 0.323400
vt 0.387219 0.303014
vt 0.475587 0.323638
vt 0.926816 0.934379
vt 0.926816 0.884604
vt 0.980254 0.884604
vt 0.980254 0.934379
vt 0.216786 0.823651
vt 0.216786 0.877090
vt 0.926816 0.673341
vt 0.926816 0.582355
vt 0.980254 0.582355
vt 0.980254 0.673341
vt 0.426186 0.094151
vt 0.514555 0.114774
vt 0.473857 0.647396
vt 0.473857 0.858689
vt 0.420419 0.858689
vt 0.422333 0.577183
vt 0.381814 0.647396
vt 0.381814 0.417551
vt 0.422333 0.485848
vt 0.473857 0.943012
vt 0.420419 0.943012
vt 0.387219 0.390296
vt 0.300041 0.417551
vt 0.429114 0.000000
vt 0.516292 0.027255
vt 0.717757 0.229845
vt 0.717757 0.000000
vt 0.852235 0.000000
vt 0.852235 0.229845
vt 0.475772 0.485848
vt 0.516292 0.417551
vt 0.516291 0.647396
vt 0.475772 0.577183
s 1
usemtl Material.004
f 1822/2615/1060 1823/2616/1060 1825/2617/1060 1824/2618/1060
f 1828/2619/1061 1832/2620/1061 1833/2621/1061 1829/2622/1061
f 1825/2623/1062 1829/2624/1063 1826/2625/1063 1824/2626/1062
f 1822/2627/1064 1827/2628/1065 1828/2629/1065 1823/2630/1064
f 1823/2631/1061 1828/2619/1061 1829/2622/1061 1825/2632/1061
f 1824/2633/1066 1826/2634/1066 1827/2635/1066 1822/2636/1066
f 1833/2637/1067 1837/2638/1068 1834/2639/1068 1830/2640/1067
f 1826/2634/1066 1830/2641/1066 1831/2642/1066 1827/2635/1066
f 1829/2624/1063 1833/2637/1067 1830/2640/1067 1826/2625/1063
f 1827/2628/1065 1831/2643/1069 1832/2644/1069 1828/2629/1065
f 1836/2645/1061 1840/2646/1061 1841/2647/1061 1837/2648/1061
f 1831/2643/1069 1835/2649/1070 1836/2650/1070 1832/2644/1069
f 1832/2620/1061 1836/2645/1061 1837/2648/1061 1833/2621/1061
f 1830/2641/1066 1834/2651/1066 1835/2652/1066 1831/2642/1066
f 1840/2646/1061 1844/2653/1061 1845/2654/1061 1841/2647/1061
f 1834/2651/1066 1838/2655/1066 1839/2656/1066 1835/2652/1066
f 1837/2657/1071 1841/2658/1072 1838/2659/1072 1834/2660/1071
f 1835/2649/1073 1839/2661/1073 1840/2662/1073 1836/2650/1073
f 1845/2663/1074 1849/2664/1075 1846/2665/1075 1842/2666/1074
f 1838/2655/1066 1842/2667/1066 1843/2668/1066 1839/2656/1066
f 1841/2658/1072 1845/2663/1074 1842/2666/1074 1838/2659/1072
f 1839/2669/1076 1843/2670/1077 1844/2671/1077 1840/2672/1076
f 1848/2673/1078 1852/2674/1078 1853/2675/1078 1849/2676/1078
f 1843/2670/1077 1847/2677/1079 1848/2678/1079 1844/2671/1077
f 1844/2653/1061 1848/2679/1061 1849/2680/1061 1845/2654/1061
f 1842/2667/1066 1846/2681/1066 1847/2682/1066 1843/2668/1066
f 1851/2677/1080 1850/2683/1080 1853/2684/1080 1852/2674/1080
f 1846/2685/1081 1850/2686/1081 1851/2687/1081 1847/2688/1081
f 1849/2676/1082 1853/2675/1082 1850/2686/1082 1846/2685/1082
f 1847/2688/1083 1851/2687/1083 1852/2674/1083 1848/2673/1083
f 1854/2689/1084 1855/2690/1084 1857/2691/1084 1856/2692/1084
f 1860/2693/1066 1864/2694/1066 1865/2695/1066 1861/2696/1066
f 1857/2697/1085 1861/2698/1086 1858/2699/1086 1856/2700/1085
f 1854/2701/1087 1859/2702/1088 1860/2703/1088 1855/2704/1087
f 1855/2705/1066 1860/2693/1066 1861/2696/1066 1857/2706/1066
f 1856/2707/1061 1858/2708/1061 1859/2709/1061 1854/2710/1061
f 1865/2711/1089 1869/2712/1090 1866/2713/1090 1862/2714/1089
f 1858/2708/1061 1862/2715/1061 1863/2716/1061 1859/2709/1061
f 1861/2698/1086 1865/2711/1089 1862/2714/1089 1858/2699/1086
f 1859/2702/1088 1863/2717/1091 1864/2718/1091 1860/2703/1088
f 1868/2719/1066 1872/2720/1066 1873/2721/1066 1869/2722/1066
f 1863/2717/1091 1867/2723/1092 1868/2724/1092 1864/2718/1091
f 1864/2694/1066 1868/2719/1066 1869/2722/1066 1865/2695/1066
f 1862/2715/1061 1866/2725/1061 1867/2726/1061 1863/2716/1061
f 1872/2720/1066 1876/2727/1066 1877/2728/1066 1873/2721/1066
f 1866/2725/1061 1870/2721/1061 1871/2729/1061 1867/2726/1061
f 1869/2730/1093 1873/2731/1094 1870/2732/1094 1866/2665/1093
f 1867/2723/1095 1871/2733/1095 1872/2734/1095 1868/2724/1095
f 1877/2735/1096 1881/2736/1097 1878/2737/1097 1874/2738/1096
f 1870/2721/1061 1874/2739/1061 1875/2740/1061 1871/2729/1061
f 1873/2731/1094 1877/2735/1096 1874/2738/1096 1870/2732/1094
f 1871/2741/1098 1875/2742/1099 1876/2743/1099 1872/2744/1098
f 1880/2745/1100 1884/2746/1100 1885/2747/1100 1881/2748/1100
f 1875/2742/1099 1879/2749/1101 1880/2750/1101 1876/2743/1099
f 1876/2727/1066 1880/2751/1066 1881/2752/1066 1877/2728/1066
f 1874/2739/1061 1878/2753/1061 1879/2754/1061 1875/2740/1061
f 1883/2755/1102 1882/2756/1102 1885/2757/1102 1884/2758/1102
f 1878/2759/1103 1882/2760/1103 1883/2761/1103 1879/2762/1103
f 1881/2748/1104 1885/2747/1104 1882/2760/1104 1878/2759/1104
f 1879/2762/1105 1883/2761/1105 1884/2746/1105 1880/2745/1105
f 1886/2691/1066 1887/2763/1066 1889/2764/1066 1888/2692/1066
f 1892/2765/1060 1896/2766/1060 1897/2767/1060 1893/2768/1060
f 1889/2769/1106 1893/2770/1107 1890/2771/1107 1888/2772/1106
f 1886/2773/1108 1891/2774/1109 1892/2775/1109 1887/2776/1108
f 1887/2777/1060 1892/2765/1060 1893/2768/1060 1889/2778/1060
f 1888/2779/1084 1890/2780/1084 1891/2781/1084 1886/2782/1084
f 1897/2783/1110 1901/2784/1111 1898/2785/1111 1894/2786/1110
f 1890/2780/1084 1894/2787/1084 1895/2788/1084 1891/2781/1084
f 1893/2770/1107 1897/2783/1110 1894/2786/1110 1890/2771/1107
f 1891/2774/1109 1895/2789/1112 1896/2790/1112 1892/2775/1109
f 1900/2791/1060 1904/2792/1060 1905/2793/1060 1901/2794/1060
f 1895/2789/1112 1899/2795/1113 1900/2796/1113 1896/2790/1112
f 1896/2766/1060 1900/2791/1060 1901/2794/1060 1897/2767/1060
f 1894/2787/1084 1898/2797/1084 1899/2798/1084 1895/2788/1084
f 1904/2792/1060 1908/2799/1060 1909/2800/1060 1905/2793/1060
f 1898/2797/1084 1902/2801/1084 1903/2802/1084 1899/2798/1084
f 1901/2803/1114 1905/2804/1115 1902/2805/1115 1898/2806/1114
f 1899/2795/1116 1903/2807/1116 1904/2763/1116 1900/2796/1116
f 1909/2808/1117 1913/2809/1118 1910/2810/1118 1906/2811/1117
f 1902/2801/1084 1906/2812/1084 1907/2813/1084 1903/2802/1084
f 1905/2804/1115 1909/2808/1117 1906/2811/1117 1902/2805/1115
f 1903/2814/1119 1907/2815/1120 1908/2816/1120 1904/2817/1119
f 1912/2818/1121 1916/2819/1121 1917/2820/1121 1913/2821/1121
f 1907/2815/1120 1911/2803/1122 1912/2822/1122 1908/2816/1120
f 1908/2799/1060 1912/2823/1060 1913/2824/1060 1909/2800/1060
f 1906/2812/1084 1910/2825/1084 1911/2826/1084 1907/2813/1084
f 1915/2827/1123 1914/2828/1123 1917/2829/1123 1916/2830/1123
f 1910/2831/1124 1914/2832/1124 1915/2833/1124 1911/2834/1124
f 1913/2821/1125 1917/2820/1125 1914/2832/1125 1910/2831/1125
f 1911/2834/1126 1915/2833/1126 1916/2819/1126 1912/2818/1126
f 1918/2835/1061 1919/2836/1061 1921/2837/1061 1920/2838/1061
f 1924/2839/1084 1928/2840/1084 1929/2841/1084 1925/2842/1084
f 1921/2843/1127 1925/2844/1128 1922/2845/1128 1920/2846/1127
f 1918/2776/1129 1923/2847/1130 1924/2848/1130 1919/2773/1129
f 1919/2849/1084 1924/2839/1084 1925/2842/1084 1921/2850/1084
f 1920/2851/1060 1922/2852/1060 1923/2853/1060 1918/2854/1060
f 1929/2855/1131 1933/2856/1132 1930/2857/1132 1926/2858/1131
f 1922/2852/1060 1926/2859/1060 1927/2860/1060 1923/2853/1060
f 1925/2844/1128 1929/2855/1131 1926/2858/1131 1922/2845/1128
f 1923/2847/1130 1927/2861/1133 1928/2862/1133 1924/2848/1130
f 1932/2863/1084 1936/2864/1084 1937/2865/1084 1933/2866/1084
f 1927/2861/1133 1931/2867/1134 1932/2868/1134 1928/2862/1133
f 1928/2840/1084 1932/2863/1084 1933/2866/1084 1929/2841/1084
f 1926/2859/1060 1930/2869/1060 1931/2870/1060 1927/2860/1060
f 1936/2864/1084 1940/2871/1084 1941/2872/1084 1937/2865/1084
f 1930/2869/1060 1934/2873/1060 1935/2874/1060 1931/2870/1060
f 1933/2875/1135 1937/2876/1136 1934/2877/1136 1930/2878/1135
f 1931/2867/1137 1935/2879/1137 1936/2880/1137 1932/2868/1137
f 1941/2881/1138 1945/2882/1139 1942/2883/1139 1938/2884/1138
f 1934/2873/1060 1938/2885/1060 1939/2886/1060 1935/2874/1060
f 1937/2876/1136 1941/2881/1138 1938/2884/1138 1934/2877/1136
f 1935/2887/1140 1939/2888/1141 1940/2889/1141 1936/2678/1140
f 1944/2890/1142 1948/2891/1142 1949/2892/1142 1945/2893/1142
f 1939/2888/1141 1943/2894/1143 1944/2895/1143 1940/2889/1141
f 1940/2871/1084 1944/2896/1084 1945/2897/1084 1941/2872/1084
f 1938/2885/1060 1942/2898/1060 1943/2899/1060 1939/2886/1060
f 1947/2900/1144 1946/2901/1144 1949/2902/1144 1948/2903/1144
f 1942/2904/1145 1946/2905/1145 1947/2906/1145 1943/2907/1145
f 1945/2893/1146 1949/2892/1146 1946/2905/1146 1942/2904/1146
f 1943/2907/1147 1947/2906/1147 1948/2891/1147 1944/2890/1147
o FL_T200_Fule_Tank
v 0.000000 2.331923 -1.000000
v 0.000000 4.331923 -1.000000
v 0.195090 2.331923 -0.980785
v 0.195090 4.331923 -0.980785
v 0.382683 2.331923 -0.923880
v 0.382683 4.331923 -0.923880
v 0.555570 2.331923 -0.831470
v 0.555570 4.331923 -0.831470
v 0.707107 2.331923 -0.707107
v 0.707107 4.331923 -0.707107
v 0.831470 2.331923 -0.555570
v 0.831470 4.331923 -0.555570
v 0.923880 2.331923 -0.382683
v 0.923880 4.331923 -0.382683
v 0.980785 2.331923 -0.195090
v 0.980785 4.331923 -0.195090
v 1.000000 2.331923 0.000000
v 1.000000 4.331923 0.000000
v 0.980785 2.331923 0.195090
v 0.980785 4.331923 0.195090
v 0.923880 2.331923 0.382683
v 0.923880 4.331923 0.382683
v 0.831470 2.331923 0.555570
v 0.831470 4.331923 0.555570
v 0.707107 2.331923 0.707107
v 0.707107 4.331923 0.707107
v 0.555570 2.331923 0.831470
v 0.555570 4.331923 0.831470
v 0.382683 2.331923 0.923880
v 0.382683 4.331923 0.923880
v 0.195090 2.331923 0.980785
v 0.195090 4.331923 0.980785
v 0.000000 2.331923 1.000000
v 0.000000 4.331923 1.000000
v -0.195090 2.331923 0.980785
v -0.195090 4.331923 0.980785
v -0.382683 2.331923 0.923880
v -0.382683 4.331923 0.923880
v -0.555570 2.331923 0.831470
v -0.555570 4.331923 0.831470
v -0.707107 2.331923 0.707107
v -0.707107 4.331923 0.707107
v -0.831470 2.331923 0.555570
v -0.831470 4.331923 0.555570
v -0.923880 2.331923 0.382683
v -0.923880 4.331923 0.382683
v -0.980785 2.331923 0.195090
v -0.980785 4.331923 0.195090
v -1.000000 2.331923 0.000000
v -1.000000 4.331923 0.000000
v -0.980785 2.331923 -0.195090
v -0.980785 4.331923 -0.195090
v -0.923880 2.331923 -0.382683
v -0.923880 4.331923 -0.382683
v -0.831470 2.331923 -0.555570
v -0.831470 4.331923 -0.555570
v -0.707107 2.331923 -0.707107
v -0.707107 4.331923 -0.707107
v -0.555570 2.331923 -0.831470
v -0.555570 4.331923 -0.831470
v -0.382683 2.331923 -0.923880
v -0.382683 4.331923 -0.923880
v -0.195090 2.331923 -0.980785
v -0.195090 4.331923 -0.980785
v 0.097545 2.331923 -0.990393
v 0.097545 4.331923 -0.990393
v 0.000000 3.331923 -1.000000
v 0.195090 3.331923 -0.980785
v 0.288887 2.331923 -0.952332
v 0.288887 4.331923 -0.952332
v 0.382683 3.331923 -0.923880
v 0.469127 2.331923 -0.877675
v 0.469127 4.331923 -0.877675
v 0.555570 3.331923 -0.831470
v 0.631338 2.331923 -0.769288
v 0.631338 4.331923 -0.769288
v 0.707107 3.331923 -0.707107
v 0.769288 2.331923 -0.631338
v 0.769288 4.331923 -0.631338
v 0.831470 3.331923 -0.555570
v 0.877675 2.331923 -0.469127
v 0.877675 4.331923 -0.469127
v 0.923880 3.331923 -0.382683
v 0.952332 2.331923 -0.288887
v 0.952332 4.331923 -0.288887
v 0.980785 3.331923 -0.195090
v 0.990393 2.331923 -0.097545
v 0.990393 4.331923 -0.097545
v 1.000000 3.331923 0.000000
v 0.990393 2.331923 0.097545
v 0.990393 4.331923 0.097545
v 0.980785 3.331923 0.195090
v 0.952332 2.331923 0.288887
v 0.952332 4.331923 0.288887
v 0.923880 3.331923 0.382683
v 0.877675 2.331923 0.469127
v 0.877675 4.331923 0.469127
v 0.831470 3.331923 0.555570
v 0.769288 2.331923 0.631338
v 0.769288 4.331923 0.631338
v 0.707107 3.331923 0.707107
v 0.631338 2.331923 0.769288
v 0.631338 4.331923 0.769288
v 0.555570 3.331923 0.831470
v 0.469127 2.331923 0.877675
v 0.469127 4.331923 0.877675
v 0.382683 3.331923 0.923880
v 0.288887 2.331923 0.952332
v 0.288887 4.331923 0.952332
v 0.195090 3.331923 0.980785
v 0.097545 2.331923 0.990393
v 0.097545 4.331923 0.990393
v 0.000000 3.331923 1.000000
v -0.097545 2.331923 0.990393
v -0.097545 4.331923 0.990393
v -0.195090 3.331923 0.980785
v -0.288887 2.331923 0.952332
v -0.288887 4.331923 0.952332
v -0.382683 3.331923 0.923880
v -0.469127 2.331923 0.877675
v -0.469127 4.331923 0.877675
v -0.555570 3.331923 0.831470
v -0.631338 2.331923 0.769288
v -0.631338 4.331923 0.769288
v -0.707107 3.331923 0.707107
v -0.769288 2.331923 0.631338
v -0.769288 4.331923 0.631338
v -0.831470 3.331923 0.555570
v -0.877675 2.331923 0.469127
v -0.877675 4.331923 0.469127
v -0.923880 3.331923 0.382683
v -0.952332 2.331923 0.288887
v -0.952332 4.331923 0.288887
v -0.980785 3.331923 0.195090
v -0.990393 2.331923 0.097545
v -0.990393 4.331923 0.097545
v -1.000000 3.331923 0.000000
v -0.990393 2.331923 -0.097545
v -0.990393 4.331923 -0.097545
v -0.980785 3.331923 -0.195090
v -0.952332 2.331923 -0.288887
v -0.952332 4.331923 -0.288887
v -0.923880 3.331923 -0.382683
v -0.877675 2.331923 -0.469127
v -0.877675 4.331923 -0.469127
v -0.831470 3.331923 -0.555570
v -0.769288 2.331923 -0.631338
v -0.769288 4.331923 -0.631338
v -0.707107 3.331923 -0.707107
v -0.631338 2.331923 -0.769288
v -0.631338 4.331923 -0.769288
v -0.555570 3.331923 -0.831470
v -0.469127 2.331923 -0.877675
v -0.469127 4.331923 -0.877675
v -0.382683 3.331923 -0.923880
v -0.288887 2.331923 -0.952332
v -0.288887 4.331923 -0.952332
v -0.195090 3.331923 -0.980785
v -0.097545 2.331923 -0.990393
v -0.097545 4.331923 -0.990393
v -0.097545 3.331923 -0.990393
v -0.288887 3.331923 -0.952332
v -0.469127 3.331923 -0.877675
v -0.631338 3.331923 -0.769288
v -0.769288 3.331923 -0.631338
v -0.877675 3.331923 -0.469127
v -0.952332 3.331923 -0.288887
v -0.990393 3.331923 -0.097545
v -0.990393 3.331923 0.097545
v -0.952332 3.331923 0.288887
v -0.877675 3.331923 0.469127
v -0.769288 3.331923 0.631338
v -0.631338 3.331923 0.769288
v -0.469127 3.331923 0.877675
v -0.288887 3.331923 0.952332
v -0.097545 3.331923 0.990393
v 0.097545 3.331923 0.990393
v 0.288887 3.331923 0.952332
v 0.469127 3.331923 0.877675
v 0.631338 3.331923 0.769288
v 0.769288 3.331923 0.631338
v 0.877675 3.331923 0.469127
v 0.952332 3.331923 0.288887
v 0.990393 3.331923 0.097545
v 0.990393 3.331923 -0.097545
v 0.952332 3.331923 -0.288887
v 0.877675 3.331923 -0.469127
v 0.769288 3.331923 -0.631338
v 0.631338 3.331923 -0.769288
v 0.469127 3.331923 -0.877675
v 0.288887 3.331923 -0.952332
v 0.097545 3.331923 -0.990393
v 0.195090 2.831923 -0.980785
v 0.382683 2.831923 -0.923880
v 0.555570 2.831923 -0.831470
v 0.707107 2.831923 -0.707107
v 0.831470 2.831923 -0.555570
v 0.923880 2.831923 -0.382683
v 0.980785 2.831923 -0.195090
v 1.000000 2.831923 0.000000
v 0.980785 2.831923 0.195090
v 0.923880 2.831923 0.382683
v 0.831470 2.831923 0.555570
v 0.707107 2.831923 0.707107
v 0.555570 2.831923 0.831470
v 0.382683 2.831923 0.923880
v 0.195090 2.831923 0.980785
v 0.000000 2.831923 1.000000
v -0.195090 2.831923 0.980785
v -0.382683 2.831923 0.923880
v -0.555570 2.831923 0.831470
v -0.707107 2.831923 0.707107
v -0.831470 2.831923 0.555570
v -0.923880 2.831923 0.382683
v -0.980785 2.831923 0.195090
v -1.000000 2.831923 0.000000
v -0.980785 2.831923 -0.195090
v -0.923880 2.831923 -0.382683
v -0.831470 2.831923 -0.555570
v -0.707107 2.831923 -0.707107
v -0.555570 2.831923 -0.831470
v -0.382683 2.831923 -0.923880
v -0.195090 2.831923 -0.980785
v 0.000000 2.831923 -1.000000
v -0.097545 2.831923 -0.990393
v -0.288887 2.831923 -0.952332
v -0.469127 2.831923 -0.877675
v -0.631338 2.831923 -0.769288
v -0.769288 2.831923 -0.631338
v -0.877675 2.831923 -0.469127
v -0.952332 2.831923 -0.288887
v -0.990393 2.831923 -0.097545
v -0.990393 2.831923 0.097545
v -0.952332 2.831923 0.288887
v -0.877675 2.831923 0.469127
v -0.769288 2.831923 0.631338
v -0.631338 2.831923 0.769288
v -0.469127 2.831923 0.877675
v -0.288887 2.831923 0.952332
v -0.097545 2.831923 0.990393
v 0.097545 2.831923 0.990393
v 0.288887 2.831923 0.952332
v 0.469127 2.831923 0.877675
v 0.631338 2.831923 0.769288
v 0.769288 2.831923 0.631338
v 0.877675 2.831923 0.469127
v 0.952332 2.831923 0.288887
v 0.990393 2.831923 0.097545
v 0.990393 2.831923 -0.097545
v 0.952332 2.831923 -0.288887
v 0.877675 2.831923 -0.469127
v 0.769288 2.831923 -0.631338
v 0.631338 2.831923 -0.769288
v 0.469127 2.831923 -0.877675
v 0.288887 2.831923 -0.952332
v 0.097545 2.831923 -0.990393
v 0.000000 3.831923 -1.000000
v 0.195090 3.831923 -0.980785
v 0.382683 3.831923 -0.923880
v 0.555570 3.831923 -0.831470
v 0.707107 3.831923 -0.707107
v 0.831470 3.831923 -0.555570
v 0.923880 3.831923 -0.382683
v 0.980785 3.831923 -0.195090
v 1.000000 3.831923 0.000000
v 0.980785 3.831923 0.195090
v 0.923880 3.831923 0.382683
v 0.831470 3.831923 0.555570
v 0.707107 3.831923 0.707107
v 0.555570 3.831923 0.831470
v 0.382683 3.831923 0.923880
v 0.195090 3.831923 0.980785
v 0.000000 3.831923 1.000000
v -0.195090 3.831923 0.980785
v -0.382683 3.831923 0.923880
v -0.555570 3.831923 0.831470
v -0.707107 3.831923 0.707107
v -0.831470 3.831923 0.555570
v -0.923880 3.831923 0.382683
v -0.980785 3.831923 0.195090
v -1.000000 3.831923 0.000000
v -0.980785 3.831923 -0.195090
v -0.923880 3.831923 -0.382683
v -0.831470 3.831923 -0.555570
v -0.707107 3.831923 -0.707107
v -0.555570 3.831923 -0.831470
v -0.382683 3.831923 -0.923880
v -0.195090 3.831923 -0.980785
v -0.097545 3.831923 -0.990393
v -0.288887 3.831923 -0.952332
v -0.469127 3.831923 -0.877675
v -0.631338 3.831923 -0.769288
v -0.769288 3.831923 -0.631338
v -0.877675 3.831923 -0.469127
v -0.952332 3.831923 -0.288887
v -0.990393 3.831923 -0.097545
v -0.990393 3.831923 0.097545
v -0.952332 3.831923 0.288887
v -0.877675 3.831923 0.469127
v -0.769288 3.831923 0.631338
v -0.631338 3.831923 0.769288
v -0.469127 3.831923 0.877675
v -0.288887 3.831923 0.952332
v -0.097545 3.831923 0.990393
v 0.097545 3.831923 0.990393
v 0.288887 3.831923 0.952332
v 0.469127 3.831923 0.877675
v 0.631338 3.831923 0.769288
v 0.769288 3.831923 0.631338
v 0.877675 3.831923 0.469127
v 0.952332 3.831923 0.288887
v 0.990393 3.831923 0.097545
v 0.990393 3.831923 -0.097545
v 0.952332 3.831923 -0.288887
v 0.877675 3.831923 -0.469127
v 0.769288 3.831923 -0.631338
v 0.631338 3.831923 -0.769288
v 0.469127 3.831923 -0.877675
v 0.288887 3.831923 -0.952332
v 0.097545 3.831923 -0.990393
vn 0.0980 -0.0000 -0.9952
vn 0.1951 -0.0000 -0.9808
vn 0.2903 -0.0000 -0.9569
vn 0.3827 -0.0000 -0.9239
vn 0.4714 -0.0000 -0.8819
vn 0.5556 -0.0000 -0.8315
vn 0.6344 -0.0000 -0.7730
vn 0.7071 -0.0000 -0.7071
vn 0.7730 -0.0000 -0.6344
vn 0.8315 -0.0000 -0.5556
vn 0.8819 -0.0000 -0.4714
vn 0.9239 -0.0000 -0.3827
vn 0.9569 -0.0000 -0.2903
vn 0.9808 -0.0000 -0.1951
vn 0.9952 -0.0000 -0.0980
vn 1.0000 -0.0000 -0.0000
vn 0.9952 -0.0000 0.0980
vn 0.9808 -0.0000 0.1951
vn 0.9569 -0.0000 0.2903
vn 0.9239 -0.0000 0.3827
vn 0.8819 -0.0000 0.4714
vn 0.8315 -0.0000 0.5556
vn 0.7730 -0.0000 0.6344
vn 0.7071 -0.0000 0.7071
vn 0.6344 -0.0000 0.7730
vn 0.5556 -0.0000 0.8315
vn 0.4714 -0.0000 0.8819
vn 0.3827 -0.0000 0.9239
vn 0.2903 -0.0000 0.9569
vn 0.1951 -0.0000 0.9808
vn 0.0980 -0.0000 0.9952
vn -0.0000 -0.0000 1.0000
vn -0.0980 -0.0000 0.9952
vn -0.1951 -0.0000 0.9808
vn -0.2903 -0.0000 0.9569
vn -0.3827 -0.0000 0.9239
vn -0.4714 -0.0000 0.8819
vn -0.5556 -0.0000 0.8315
vn -0.6344 -0.0000 0.7730
vn -0.7071 -0.0000 0.7071
vn -0.7730 -0.0000 0.6344
vn -0.8315 -0.0000 0.5556
vn -0.8819 -0.0000 0.4714
vn -0.9239 -0.0000 0.3827
vn -0.9569 -0.0000 0.2903
vn -0.9808 -0.0000 0.1951
vn -0.9952 -0.0000 0.0980
vn -1.0000 -0.0000 -0.0000
vn -0.9952 -0.0000 -0.0980
vn -0.9808 -0.0000 -0.1951
vn -0.9569 -0.0000 -0.2903
vn -0.9239 -0.0000 -0.3827
vn -0.8819 -0.0000 -0.4714
vn -0.8315 -0.0000 -0.5556
vn -0.7730 -0.0000 -0.6344
vn -0.7071 -0.0000 -0.7071
vn -0.6344 -0.0000 -0.7730
vn -0.5556 -0.0000 -0.8315
vn -0.4714 -0.0000 -0.8819
vn -0.3827 -0.0000 -0.9239
vn -0.0000 1.0000 -0.0000
vn -0.2903 -0.0000 -0.9569
vn -0.1951 -0.0000 -0.9808
vn -0.0980 -0.0000 -0.9952
vn -0.0000 -0.0000 -1.0000
vn -0.0000 -1.0000 -0.0000
vt 0.984375 0.875000
vt 0.984375 1.000000
vt 0.968750 1.000000
vt 0.968750 0.875000
vt 0.953125 0.875000
vt 0.953125 1.000000
vt 0.937500 1.000000
vt 0.937500 0.875000
vt 0.921875 0.875000
vt 0.921875 1.000000
vt 0.906250 1.000000
vt 0.906250 0.875000
vt 0.890625 0.875000
vt 0.890625 1.000000
vt 0.875000 1.000000
vt 0.875000 0.875000
vt 0.859375 0.875000
vt 0.859375 1.000000
vt 0.843750 1.000000
vt 0.843750 0.875000
vt 0.828125 0.875000
vt 0.828125 1.000000
vt 0.812500 1.000000
vt 0.812500 0.875000
vt 0.796875 0.875000
vt 0.796875 1.000000
vt 0.781250 1.000000
vt 0.781250 0.875000
vt 0.765625 0.875000
vt 0.765625 1.000000
vt 0.750000 1.000000
vt 0.750000 0.875000
vt 0.734375 0.875000
vt 0.734375 1.000000
vt 0.718750 1.000000
vt 0.718750 0.875000
vt 0.703125 0.875000
vt 0.703125 1.000000
vt 0.687500 1.000000
vt 0.687500 0.875000
vt 0.671875 0.875000
vt 0.671875 1.000000
vt 0.656250 1.000000
vt 0.656250 0.875000
vt 0.640625 0.875000
vt 0.640625 1.000000
vt 0.625000 1.000000
vt 0.625000 0.875000
vt 0.609375 0.875000
vt 0.609375 1.000000
vt 0.593750 1.000000
vt 0.593750 0.875000
vt 0.578125 0.875000
vt 0.578125 1.000000
vt 0.562500 1.000000
vt 0.562500 0.875000
vt 0.546875 0.875000
vt 0.546875 1.000000
vt 0.531250 1.000000
vt 0.531250 0.875000
vt 0.515625 0.875000
vt 0.515625 1.000000
vt 0.500000 1.000000
vt 0.500000 0.875000
vt 0.484375 0.875000
vt 0.484375 1.000000
vt 0.468750 1.000000
vt 0.468750 0.875000
vt 0.453125 0.875000
vt 0.453125 1.000000
vt 0.437500 1.000000
vt 0.437500 0.875000
vt 0.421875 0.875000
vt 0.421875 1.000000
vt 0.406250 1.000000
vt 0.406250 0.875000
vt 0.390625 0.875000
vt 0.390625 1.000000
vt 0.375000 1.000000
vt 0.375000 0.875000
vt 0.359375 0.875000
vt 0.359375 1.000000
vt 0.343750 1.000000
vt 0.343750 0.875000
vt 0.328125 0.875000
vt 0.328125 1.000000
vt 0.312500 1.000000
vt 0.312500 0.875000
vt 0.296875 0.875000
vt 0.296875 1.000000
vt 0.281250 1.000000
vt 0.281250 0.875000
vt 0.265625 0.875000
vt 0.265625 1.000000
vt 0.250000 1.000000
vt 0.250000 0.875000
vt 0.234375 0.875000
vt 0.234375 1.000000
vt 0.218750 1.000000
vt 0.218750 0.875000
vt 0.203125 0.875000
vt 0.203125 1.000000
vt 0.187500 1.000000
vt 0.187500 0.875000
vt 0.171875 0.875000
vt 0.171875 1.000000
vt 0.156250 1.000000
vt 0.156250 0.875000
vt 0.140625 0.875000
vt 0.140625 1.000000
vt 0.125000 1.000000
vt 0.125000 0.875000
vt 0.109375 0.875000
vt 0.109375 1.000000
vt 0.093750 1.000000
vt 0.093750 0.875000
vt 0.078125 0.875000
vt 0.078125 1.000000
vt 0.062500 1.000000
vt 0.062500 0.875000
vt 0.296822 0.485388
vt 0.273411 0.487694
vt 0.250000 0.490000
vt 0.226589 0.487694
vt 0.203178 0.485388
vt 0.180667 0.478560
vt 0.158156 0.471731
vt 0.137410 0.460642
vt 0.116663 0.449553
vt 0.098479 0.434629
vt 0.080294 0.419706
vt 0.065371 0.401521
vt 0.050447 0.383337
vt 0.039358 0.362590
vt 0.028269 0.341844
vt 0.021440 0.319333
vt 0.014612 0.296822
vt 0.012306 0.273411
vt 0.010000 0.250000
vt 0.012306 0.226589
vt 0.014612 0.203178
vt 0.021440 0.180667
vt 0.028269 0.158156
vt 0.039358 0.137410
vt 0.050447 0.116663
vt 0.065371 0.098479
vt 0.080294 0.080294
vt 0.098479 0.065371
vt 0.116663 0.050447
vt 0.137410 0.039358
vt 0.158156 0.028269
vt 0.180667 0.021440
vt 0.203178 0.014612
vt 0.226589 0.012306
vt 0.250000 0.010000
vt 0.273411 0.012306
vt 0.296822 0.014612
vt 0.319333 0.021440
vt 0.341844 0.028269
vt 0.362590 0.039358
vt 0.383337 0.050447
vt 0.401521 0.065371
vt 0.419706 0.080294
vt 0.434629 0.098479
vt 0.449553 0.116663
vt 0.460642 0.137410
vt 0.471731 0.158156
vt 0.478560 0.180667
vt 0.485388 0.203178
vt 0.487694 0.226589
vt 0.490000 0.250000
vt 0.487694 0.273411
vt 0.485388 0.296822
vt 0.478560 0.319333
vt 0.471731 0.341844
vt 0.460642 0.362590
vt 0.449553 0.383337
vt 0.434629 0.401521
vt 0.419706 0.419706
vt 0.401521 0.434629
vt 0.383337 0.449553
vt 0.362590 0.460642
vt 0.341844 0.471731
vt 0.319333 0.478560
vt 0.046875 0.875000
vt 0.046875 1.000000
vt 0.031250 1.000000
vt 0.031250 0.875000
vt 0.015625 0.875000
vt 0.015625 1.000000
vt 0.000000 1.000000
vt 0.000000 0.875000
vt 0.750000 0.490000
vt 0.773411 0.487694
vt 0.796822 0.485388
vt 0.819333 0.478560
vt 0.841844 0.471731
vt 0.862590 0.460642
vt 0.883337 0.449553
vt 0.901521 0.434629
vt 0.919706 0.419706
vt 0.934629 0.401521
vt 0.949553 0.383337
vt 0.960642 0.362590
vt 0.971731 0.341844
vt 0.978560 0.319333
vt 0.985388 0.296822
vt 0.987694 0.273411
vt 0.990000 0.250000
vt 0.987694 0.226589
vt 0.985388 0.203178
vt 0.978560 0.180667
vt 0.971731 0.158156
vt 0.960642 0.137410
vt 0.949553 0.116663
vt 0.934629 0.098479
vt 0.919706 0.080294
vt 0.901521 0.065371
vt 0.883337 0.050447
vt 0.862590 0.039358
vt 0.841844 0.028269
vt 0.819333 0.021440
vt 0.796822 0.014612
vt 0.773411 0.012306
vt 0.750000 0.010000
vt 0.726589 0.012306
vt 0.703178 0.014612
vt 0.680667 0.021440
vt 0.658156 0.028269
vt 0.637410 0.039358
vt 0.616663 0.050447
vt 0.598479 0.065371
vt 0.580294 0.080294
vt 0.565371 0.098479
vt 0.550447 0.116663
vt 0.539358 0.137410
vt 0.528269 0.158156
vt 0.521440 0.180667
vt 0.514612 0.203178
vt 0.512306 0.226589
vt 0.510000 0.250000
vt 0.512306 0.273411
vt 0.514612 0.296822
vt 0.521440 0.319333
vt 0.528269 0.341844
vt 0.539358 0.362590
vt 0.550447 0.383337
vt 0.565371 0.401521
vt 0.580294 0.419706
vt 0.598479 0.434629
vt 0.616663 0.449553
vt 0.637410 0.460642
vt 0.658156 0.471731
vt 0.680667 0.478560
vt 0.703178 0.485388
vt 0.726589 0.487694
vt 0.015625 0.625000
vt 0.015625 0.750000
vt 0.000000 0.750000
vt 0.000000 0.625000
vt 0.031250 0.625000
vt 0.031250 0.750000
vt 0.046875 0.625000
vt 0.046875 0.750000
vt 0.062500 0.625000
vt 0.062500 0.750000
vt 0.078125 0.625000
vt 0.078125 0.750000
vt 0.093750 0.625000
vt 0.093750 0.750000
vt 0.109375 0.625000
vt 0.109375 0.750000
vt 0.125000 0.625000
vt 0.125000 0.750000
vt 0.140625 0.625000
vt 0.140625 0.750000
vt 0.156250 0.625000
vt 0.156250 0.750000
vt 0.171875 0.625000
vt 0.171875 0.750000
vt 0.187500 0.625000
vt 0.187500 0.750000
vt 0.203125 0.625000
vt 0.203125 0.750000
vt 0.218750 0.625000
vt 0.218750 0.750000
vt 0.234375 0.625000
vt 0.234375 0.750000
vt 0.250000 0.625000
vt 0.250000 0.750000
vt 0.265625 0.625000
vt 0.265625 0.750000
vt 0.281250 0.625000
vt 0.281250 0.750000
vt 0.296875 0.625000
vt 0.296875 0.750000
vt 0.312500 0.625000
vt 0.312500 0.750000
vt 0.328125 0.625000
vt 0.328125 0.750000
vt 0.343750 0.625000
vt 0.343750 0.750000
vt 0.359375 0.625000
vt 0.359375 0.750000
vt 0.375000 0.625000
vt 0.375000 0.750000
vt 0.390625 0.625000
vt 0.390625 0.750000
vt 0.406250 0.625000
vt 0.406250 0.750000
vt 0.421875 0.625000
vt 0.421875 0.750000
vt 0.437500 0.625000
vt 0.437500 0.750000
vt 0.453125 0.625000
vt 0.453125 0.750000
vt 0.468750 0.625000
vt 0.468750 0.750000
vt 0.484375 0.625000
vt 0.484375 0.750000
vt 0.500000 0.625000
vt 0.500000 0.750000
vt 0.515625 0.625000
vt 0.515625 0.750000
vt 0.531250 0.625000
vt 0.531250 0.750000
vt 0.546875 0.625000
vt 0.546875 0.750000
vt 0.562500 0.625000
vt 0.562500 0.750000
vt 0.578125 0.625000
vt 0.578125 0.750000
vt 0.593750 0.625000
vt 0.593750 0.750000
vt 0.609375 0.625000
vt 0.609375 0.750000
vt 0.625000 0.625000
vt 0.625000 0.750000
vt 0.640625 0.625000
vt 0.640625 0.750000
vt 0.656250 0.625000
vt 0.656250 0.750000
vt 0.671875 0.625000
vt 0.671875 0.750000
vt 0.687500 0.625000
vt 0.687500 0.750000
vt 0.703125 0.625000
vt 0.703125 0.750000
vt 0.718750 0.625000
vt 0.718750 0.750000
vt 0.734375 0.625000
vt 0.734375 0.750000
vt 0.750000 0.625000
vt 0.750000 0.750000
vt 0.765625 0.625000
vt 0.765625 0.750000
vt 0.781250 0.625000
vt 0.781250 0.750000
vt 0.796875 0.625000
vt 0.796875 0.750000
vt 0.812500 0.625000
vt 0.812500 0.750000
vt 0.828125 0.625000
vt 0.828125 0.750000
vt 0.843750 0.625000
vt 0.843750 0.750000
vt 0.859375 0.625000
vt 0.859375 0.750000
vt 0.875000 0.625000
vt 0.875000 0.750000
vt 0.890625 0.625000
vt 0.890625 0.750000
vt 0.906250 0.625000
vt 0.906250 0.750000
vt 0.921875 0.625000
vt 0.921875 0.750000
vt 0.937500 0.625000
vt 0.937500 0.750000
vt 0.953125 0.625000
vt 0.953125 0.750000
vt 0.968750 0.625000
vt 0.968750 0.750000
vt 0.984375 0.625000
vt 0.984375 0.750000
vt 1.000000 0.625000
vt 1.000000 0.750000
vt 1.000000 0.875000
vt 1.000000 1.000000
vt 1.000000 0.500000
vt 0.984375 0.500000
vt 0.968750 0.500000
vt 0.953125 0.500000
vt 0.937500 0.500000
vt 0.921875 0.500000
vt 0.906250 0.500000
vt 0.890625 0.500000
vt 0.875000 0.500000
vt 0.859375 0.500000
vt 0.843750 0.500000
vt 0.828125 0.500000
vt 0.812500 0.500000
vt 0.796875 0.500000
vt 0.781250 0.500000
vt 0.765625 0.500000
vt 0.750000 0.500000
vt 0.734375 0.500000
vt 0.718750 0.500000
vt 0.703125 0.500000
vt 0.687500 0.500000
vt 0.671875 0.500000
vt 0.656250 0.500000
vt 0.640625 0.500000
vt 0.625000 0.500000
vt 0.609375 0.500000
vt 0.593750 0.500000
vt 0.578125 0.500000
vt 0.562500 0.500000
vt 0.546875 0.500000
vt 0.531250 0.500000
vt 0.515625 0.500000
vt 0.500000 0.500000
vt 0.484375 0.500000
vt 0.468750 0.500000
vt 0.453125 0.500000
vt 0.437500 0.500000
vt 0.421875 0.500000
vt 0.406250 0.500000
vt 0.390625 0.500000
vt 0.375000 0.500000
vt 0.359375 0.500000
vt 0.343750 0.500000
vt 0.328125 0.500000
vt 0.312500 0.500000
vt 0.296875 0.500000
vt 0.281250 0.500000
vt 0.265625 0.500000
vt 0.250000 0.500000
vt 0.234375 0.500000
vt 0.218750 0.500000
vt 0.203125 0.500000
vt 0.187500 0.500000
vt 0.171875 0.500000
vt 0.156250 0.500000
vt 0.140625 0.500000
vt 0.125000 0.500000
vt 0.109375 0.500000
vt 0.093750 0.500000
vt 0.078125 0.500000
vt 0.062500 0.500000
vt 0.046875 0.500000
vt 0.031250 0.500000
vt 0.015625 0.500000
vt 0.000000 0.500000
s 1
usemtl Material.005
f 2269/2908/1148 2015/2909/1148 1953/2910/1149 2207/2911/1149
f 2268/2912/1150 2019/2913/1150 1955/2914/1151 2208/2915/1151
f 2267/2916/1152 2022/2917/1152 1957/2918/1153 2209/2919/1153
f 2266/2920/1154 2025/2921/1154 1959/2922/1155 2210/2923/1155
f 2265/2924/1156 2028/2925/1156 1961/2926/1157 2211/2927/1157
f 2264/2928/1158 2031/2929/1158 1963/2930/1159 2212/2931/1159
f 2263/2932/1160 2034/2933/1160 1965/2934/1161 2213/2935/1161
f 2262/2936/1162 2037/2937/1162 1967/2938/1163 2214/2939/1163
f 2261/2940/1164 2040/2941/1164 1969/2942/1165 2215/2943/1165
f 2260/2944/1166 2043/2945/1166 1971/2946/1167 2216/2947/1167
f 2259/2948/1168 2046/2949/1168 1973/2950/1169 2217/2951/1169
f 2258/2952/1170 2049/2953/1170 1975/2954/1171 2218/2955/1171
f 2257/2956/1172 2052/2957/1172 1977/2958/1173 2219/2959/1173
f 2256/2960/1174 2055/2961/1174 1979/2962/1175 2220/2963/1175
f 2255/2964/1176 2058/2965/1176 1981/2966/1177 2221/2967/1177
f 2254/2968/1178 2061/2969/1178 1983/2970/1179 2222/2971/1179
f 2253/2972/1180 2064/2973/1180 1985/2974/1181 2223/2975/1181
f 2252/2976/1182 2067/2977/1182 1987/2978/1183 2224/2979/1183
f 2251/2980/1184 2070/2981/1184 1989/2982/1185 2225/2983/1185
f 2250/2984/1186 2073/2985/1186 1991/2986/1187 2226/2987/1187
f 2249/2988/1188 2076/2989/1188 1993/2990/1189 2227/2991/1189
f 2248/2992/1190 2079/2993/1190 1995/2994/1191 2228/2995/1191
f 2247/2996/1192 2082/2997/1192 1997/2998/1193 2229/2999/1193
f 2246/3000/1194 2085/3001/1194 1999/3002/1195 2230/3003/1195
f 2245/3004/1196 2088/3005/1196 2001/3006/1197 2231/3007/1197
f 2244/3008/1198 2091/3009/1198 2003/3010/1199 2232/3011/1199
f 2243/3012/1200 2094/3013/1200 2005/3014/1201 2233/3015/1201
f 2242/3016/1202 2097/3017/1202 2007/3018/1203 2234/3019/1203
f 2241/3020/1204 2100/3021/1204 2009/3022/1205 2235/3023/1205
f 2240/3024/1206 2103/3025/1206 2011/3026/1207 2236/3027/1207
f 1953/3028/1208 2015/3029/1208 1951/3030/1208 2109/3031/1208 2013/3032/1208 2106/3033/1208 2011/3034/1208 2103/3035/1208 2009/3036/1208 2100/3037/1208 2007/3038/1208 2097/3039/1208 2005/3040/1208 2094/3041/1208 2003/3042/1208 2091/3043/1208 2001/3044/1208 2088/3045/1208 1999/3046/1208 2085/3047/1208 1997/3048/1208 2082/3049/1208 1995/3050/1208 2079/3051/1208 1993/3052/1208 2076/3053/1208 1991/3054/1208 2073/3055/1208 1989/3056/1208 2070/3057/1208 1987/3058/1208 2067/3059/1208 1985/3060/1208 2064/3061/1208 1983/3062/1208 2061/3063/1208 1981/3064/1208 2058/3065/1208 1979/3066/1208 2055/3067/1208 1977/3068/1208 2052/3069/1208 1975/3070/1208 2049/3071/1208 1973/3072/1208 2046/3073/1208 1971/3074/1208 2043/3075/1208 1969/3076/1208 2040/3077/1208 1967/3078/1208 2037/3079/1208 1965/3080/1208 2034/3081/1208 1963/3082/1208 2031/3083/1208 1961/3084/1208 2028/3085/1208 1959/3086/1208 2025/3087/1208 1957/3088/1208 2022/3089/1208 1955/3090/1208 2019/3091/1208
f 2239/3092/1209 2106/3093/1209 2013/3094/1210 2237/3095/1210
f 2238/3096/1211 2109/3097/1211 1951/3098/1212 2206/3099/1212
f 1950/3100/1213 2014/3101/1213 1952/3102/1213 2018/3103/1213 1954/3104/1213 2021/3105/1213 1956/3106/1213 2024/3107/1213 1958/3108/1213 2027/3109/1213 1960/3110/1213 2030/3111/1213 1962/3112/1213 2033/3113/1213 1964/3114/1213 2036/3115/1213 1966/3116/1213 2039/3117/1213 1968/3118/1213 2042/3119/1213 1970/3120/1213 2045/3121/1213 1972/3122/1213 2048/3123/1213 1974/3124/1213 2051/3125/1213 1976/3126/1213 2054/3127/1213 1978/3128/1213 2057/3129/1213 1980/3130/1213 2060/3131/1213 1982/3132/1213 2063/3133/1213 1984/3134/1213 2066/3135/1213 1986/3136/1213 2069/3137/1213 1988/3138/1213 2072/3139/1213 1990/3140/1213 2075/3141/1213 1992/3142/1213 2078/3143/1213 1994/3144/1213 2081/3145/1213 1996/3146/1213 2084/3147/1213 1998/3148/1213 2087/3149/1213 2000/3150/1213 2090/3151/1213 2002/3152/1213 2093/3153/1213 2004/3154/1213 2096/3155/1213 2006/3156/1213 2099/3157/1213 2008/3158/1213 2102/3159/1213 2010/3160/1213 2105/3161/1213 2012/3162/1213 2108/3163/1213
f 2174/3164/1211 2110/3165/1211 2016/3166/1212 2173/3167/1212
f 2172/3168/1210 2107/3169/1210 2110/3165/1211 2174/3164/1211
f 2237/3095/1210 2013/3094/1210 2109/3097/1211 2238/3096/1211
f 2175/3170/1209 2111/3171/1209 2107/3169/1210 2172/3168/1210
f 2171/3172/1207 2104/3173/1207 2111/3171/1209 2175/3170/1209
f 2236/3027/1207 2011/3026/1207 2106/3093/1209 2239/3092/1209
f 2176/3174/1206 2112/3175/1206 2104/3173/1207 2171/3172/1207
f 2170/3176/1205 2101/3177/1205 2112/3175/1206 2176/3174/1206
f 2235/3023/1205 2009/3022/1205 2103/3025/1206 2240/3024/1206
f 2177/3178/1204 2113/3179/1204 2101/3177/1205 2170/3176/1205
f 2169/3180/1203 2098/3181/1203 2113/3179/1204 2177/3178/1204
f 2234/3019/1203 2007/3018/1203 2100/3021/1204 2241/3020/1204
f 2178/3182/1202 2114/3183/1202 2098/3181/1203 2169/3180/1203
f 2168/3184/1201 2095/3185/1201 2114/3183/1202 2178/3182/1202
f 2233/3015/1201 2005/3014/1201 2097/3017/1202 2242/3016/1202
f 2179/3186/1200 2115/3187/1200 2095/3185/1201 2168/3184/1201
f 2167/3188/1199 2092/3189/1199 2115/3187/1200 2179/3186/1200
f 2232/3011/1199 2003/3010/1199 2094/3013/1200 2243/3012/1200
f 2180/3190/1198 2116/3191/1198 2092/3189/1199 2167/3188/1199
f 2166/3192/1197 2089/3193/1197 2116/3191/1198 2180/3190/1198
f 2231/3007/1197 2001/3006/1197 2091/3009/1198 2244/3008/1198
f 2181/3194/1196 2117/3195/1196 2089/3193/1197 2166/3192/1197
f 2165/3196/1195 2086/3197/1195 2117/3195/1196 2181/3194/1196
f 2230/3003/1195 1999/3002/1195 2088/3005/1196 2245/3004/1196
f 2182/3198/1194 2118/3199/1194 2086/3197/1195 2165/3196/1195
f 2164/3200/1193 2083/3201/1193 2118/3199/1194 2182/3198/1194
f 2229/2999/1193 1997/2998/1193 2085/3001/1194 2246/3000/1194
f 2183/3202/1192 2119/3203/1192 2083/3201/1193 2164/3200/1193
f 2163/3204/1191 2080/3205/1191 2119/3203/1192 2183/3202/1192
f 2228/2995/1191 1995/2994/1191 2082/2997/1192 2247/2996/1192
f 2184/3206/1190 2120/3207/1190 2080/3205/1191 2163/3204/1191
f 2162/3208/1189 2077/3209/1189 2120/3207/1190 2184/3206/1190
f 2227/2991/1189 1993/2990/1189 2079/2993/1190 2248/2992/1190
f 2185/3210/1188 2121/3211/1188 2077/3209/1189 2162/3208/1189
f 2161/3212/1187 2074/3213/1187 2121/3211/1188 2185/3210/1188
f 2226/2987/1187 1991/2986/1187 2076/2989/1188 2249/2988/1188
f 2186/3214/1186 2122/3215/1186 2074/3213/1187 2161/3212/1187
f 2160/3216/1185 2071/3217/1185 2122/3215/1186 2186/3214/1186
f 2225/2983/1185 1989/2982/1185 2073/2985/1186 2250/2984/1186
f 2187/3218/1184 2123/3219/1184 2071/3217/1185 2160/3216/1185
f 2159/3220/1183 2068/3221/1183 2123/3219/1184 2187/3218/1184
f 2224/2979/1183 1987/2978/1183 2070/2981/1184 2251/2980/1184
f 2188/3222/1182 2124/3223/1182 2068/3221/1183 2159/3220/1183
f 2158/3224/1181 2065/3225/1181 2124/3223/1182 2188/3222/1182
f 2223/2975/1181 1985/2974/1181 2067/2977/1182 2252/2976/1182
f 2189/3226/1180 2125/3227/1180 2065/3225/1181 2158/3224/1181
f 2157/3228/1179 2062/3229/1179 2125/3227/1180 2189/3226/1180
f 2222/2971/1179 1983/2970/1179 2064/2973/1180 2253/2972/1180
f 2190/3230/1178 2126/3231/1178 2062/3229/1179 2157/3228/1179
f 2156/3232/1177 2059/3233/1177 2126/3231/1178 2190/3230/1178
f 2221/2967/1177 1981/2966/1177 2061/2969/1178 2254/2968/1178
f 2191/3234/1176 2127/3235/1176 2059/3233/1177 2156/3232/1177
f 2155/3236/1175 2056/3237/1175 2127/3235/1176 2191/3234/1176
f 2220/2963/1175 1979/2962/1175 2058/2965/1176 2255/2964/1176
f 2192/3238/1174 2128/3239/1174 2056/3237/1175 2155/3236/1175
f 2154/3240/1173 2053/3241/1173 2128/3239/1174 2192/3238/1174
f 2219/2959/1173 1977/2958/1173 2055/2961/1174 2256/2960/1174
f 2193/3242/1172 2129/3243/1172 2053/3241/1173 2154/3240/1173
f 2153/3244/1171 2050/3245/1171 2129/3243/1172 2193/3242/1172
f 2218/2955/1171 1975/2954/1171 2052/2957/1172 2257/2956/1172
f 2194/3246/1170 2130/3247/1170 2050/3245/1171 2153/3244/1171
f 2152/3248/1169 2047/3249/1169 2130/3247/1170 2194/3246/1170
f 2217/2951/1169 1973/2950/1169 2049/2953/1170 2258/2952/1170
f 2195/3250/1168 2131/3251/1168 2047/3249/1169 2152/3248/1169
f 2151/3252/1167 2044/3253/1167 2131/3251/1168 2195/3250/1168
f 2216/2947/1167 1971/2946/1167 2046/2949/1168 2259/2948/1168
f 2196/3254/1166 2132/3255/1166 2044/3253/1167 2151/3252/1167
f 2150/3256/1165 2041/3257/1165 2132/3255/1166 2196/3254/1166
f 2215/2943/1165 1969/2942/1165 2043/2945/1166 2260/2944/1166
f 2197/3258/1164 2133/3259/1164 2041/3257/1165 2150/3256/1165
f 2149/3260/1163 2038/3261/1163 2133/3259/1164 2197/3258/1164
f 2214/2939/1163 1967/2938/1163 2040/2941/1164 2261/2940/1164
f 2198/3262/1162 2134/3263/1162 2038/3261/1163 2149/3260/1163
f 2148/3264/1161 2035/3265/1161 2134/3263/1162 2198/3262/1162
f 2213/2935/1161 1965/2934/1161 2037/2937/1162 2262/2936/1162
f 2199/3266/1160 2135/3267/1160 2035/3265/1161 2148/3264/1161
f 2147/3268/1159 2032/3269/1159 2135/3267/1160 2199/3266/1160
f 2212/2931/1159 1963/2930/1159 2034/2933/1160 2263/2932/1160
f 2200/3270/1158 2136/3271/1158 2032/3269/1159 2147/3268/1159
f 2146/3272/1157 2029/3273/1157 2136/3271/1158 2200/3270/1158
f 2211/2927/1157 1961/2926/1157 2031/2929/1158 2264/2928/1158
f 2201/3274/1156 2137/3275/1156 2029/3273/1157 2146/3272/1157
f 2145/3276/1155 2026/3277/1155 2137/3275/1156 2201/3274/1156
f 2210/2923/1155 1959/2922/1155 2028/2925/1156 2265/2924/1156
f 2202/3278/1154 2138/3279/1154 2026/3277/1155 2145/3276/1155
f 2144/3280/1153 2023/3281/1153 2138/3279/1154 2202/3278/1154
f 2209/2919/1153 1957/2918/1153 2025/2921/1154 2266/2920/1154
f 2203/3282/1152 2139/3283/1152 2023/3281/1153 2144/3280/1153
f 2143/3284/1151 2020/3285/1151 2139/3283/1152 2203/3282/1152
f 2208/2915/1151 1955/2914/1151 2022/2917/1152 2267/2916/1152
f 2204/3286/1150 2140/3287/1150 2020/3285/1151 2143/3284/1151
f 2142/3288/1149 2017/3289/1149 2140/3287/1150 2204/3286/1150
f 2207/2911/1149 1953/2910/1149 2019/2913/1150 2268/2912/1150
f 2205/3290/1148 2141/3291/1148 2017/3289/1149 2142/3288/1149
f 2173/3292/1212 2016/3293/1212 2141/3291/1148 2205/3290/1148
f 2206/3294/1212 1951/3295/1212 2015/2909/1148 2269/2908/1148
f 1950/3296/1212 2173/3292/1212 2205/3290/1148 2014/3297/1148
f 2014/3297/1148 2205/3290/1148 2142/3288/1149 1952/3298/1149
f 1952/3298/1149 2142/3288/1149 2204/3286/1150 2018/3299/1150
f 2018/3299/1150 2204/3286/1150 2143/3284/1151 1954/3300/1151
f 1954/3300/1151 2143/3284/1151 2203/3282/1152 2021/3301/1152
f 2021/3301/1152 2203/3282/1152 2144/3280/1153 1956/3302/1153
f 1956/3302/1153 2144/3280/1153 2202/3278/1154 2024/3303/1154
f 2024/3303/1154 2202/3278/1154 2145/3276/1155 1958/3304/1155
f 1958/3304/1155 2145/3276/1155 2201/3274/1156 2027/3305/1156
f 2027/3305/1156 2201/3274/1156 2146/3272/1157 1960/3306/1157
f 1960/3306/1157 2146/3272/1157 2200/3270/1158 2030/3307/1158
f 2030/3307/1158 2200/3270/1158 2147/3268/1159 1962/3308/1159
f 1962/3308/1159 2147/3268/1159 2199/3266/1160 2033/3309/1160
f 2033/3309/1160 2199/3266/1160 2148/3264/1161 1964/3310/1161
f 1964/3310/1161 2148/3264/1161 2198/3262/1162 2036/3311/1162
f 2036/3311/1162 2198/3262/1162 2149/3260/1163 1966/3312/1163
f 1966/3312/1163 2149/3260/1163 2197/3258/1164 2039/3313/1164
f 2039/3313/1164 2197/3258/1164 2150/3256/1165 1968/3314/1165
f 1968/3314/1165 2150/3256/1165 2196/3254/1166 2042/3315/1166
f 2042/3315/1166 2196/3254/1166 2151/3252/1167 1970/3316/1167
f 1970/3316/1167 2151/3252/1167 2195/3250/1168 2045/3317/1168
f 2045/3317/1168 2195/3250/1168 2152/3248/1169 1972/3318/1169
f 1972/3318/1169 2152/3248/1169 2194/3246/1170 2048/3319/1170
f 2048/3319/1170 2194/3246/1170 2153/3244/1171 1974/3320/1171
f 1974/3320/1171 2153/3244/1171 2193/3242/1172 2051/3321/1172
f 2051/3321/1172 2193/3242/1172 2154/3240/1173 1976/3322/1173
f 1976/3322/1173 2154/3240/1173 2192/3238/1174 2054/3323/1174
f 2054/3323/1174 2192/3238/1174 2155/3236/1175 1978/3324/1175
f 1978/3324/1175 2155/3236/1175 2191/3234/1176 2057/3325/1176
f 2057/3325/1176 2191/3234/1176 2156/3232/1177 1980/3326/1177
f 1980/3326/1177 2156/3232/1177 2190/3230/1178 2060/3327/1178
f 2060/3327/1178 2190/3230/1178 2157/3228/1179 1982/3328/1179
f 1982/3328/1179 2157/3228/1179 2189/3226/1180 2063/3329/1180
f 2063/3329/1180 2189/3226/1180 2158/3224/1181 1984/3330/1181
f 1984/3330/1181 2158/3224/1181 2188/3222/1182 2066/3331/1182
f 2066/3331/1182 2188/3222/1182 2159/3220/1183 1986/3332/1183
f 1986/3332/1183 2159/3220/1183 2187/3218/1184 2069/3333/1184
f 2069/3333/1184 2187/3218/1184 2160/3216/1185 1988/3334/1185
f 1988/3334/1185 2160/3216/1185 2186/3214/1186 2072/3335/1186
f 2072/3335/1186 2186/3214/1186 2161/3212/1187 1990/3336/1187
f 1990/3336/1187 2161/3212/1187 2185/3210/1188 2075/3337/1188
f 2075/3337/1188 2185/3210/1188 2162/3208/1189 1992/3338/1189
f 1992/3338/1189 2162/3208/1189 2184/3206/1190 2078/3339/1190
f 2078/3339/1190 2184/3206/1190 2163/3204/1191 1994/3340/1191
f 1994/3340/1191 2163/3204/1191 2183/3202/1192 2081/3341/1192
f 2081/3341/1192 2183/3202/1192 2164/3200/1193 1996/3342/1193
f 1996/3342/1193 2164/3200/1193 2182/3198/1194 2084/3343/1194
f 2084/3343/1194 2182/3198/1194 2165/3196/1195 1998/3344/1195
f 1998/3344/1195 2165/3196/1195 2181/3194/1196 2087/3345/1196
f 2087/3345/1196 2181/3194/1196 2166/3192/1197 2000/3346/1197
f 2000/3346/1197 2166/3192/1197 2180/3190/1198 2090/3347/1198
f 2090/3347/1198 2180/3190/1198 2167/3188/1199 2002/3348/1199
f 2002/3348/1199 2167/3188/1199 2179/3186/1200 2093/3349/1200
f 2093/3349/1200 2179/3186/1200 2168/3184/1201 2004/3350/1201
f 2004/3350/1201 2168/3184/1201 2178/3182/1202 2096/3351/1202
f 2096/3351/1202 2178/3182/1202 2169/3180/1203 2006/3352/1203
f 2006/3352/1203 2169/3180/1203 2177/3178/1204 2099/3353/1204
f 2099/3353/1204 2177/3178/1204 2170/3176/1205 2008/3354/1205
f 2008/3354/1205 2170/3176/1205 2176/3174/1206 2102/3355/1206
f 2102/3355/1206 2176/3174/1206 2171/3172/1207 2010/3356/1207
f 2010/3356/1207 2171/3172/1207 2175/3170/1209 2105/3357/1209
f 2105/3357/1209 2175/3170/1209 2172/3168/1210 2012/3358/1210
f 2012/3358/1210 2172/3168/1210 2174/3164/1211 2108/3359/1211
f 2108/3359/1211 2174/3164/1211 2173/3167/1212 1950/3360/1212
f 2016/3293/1212 2206/3294/1212 2269/2908/1148 2141/3291/1148
f 2017/3289/1149 2207/2911/1149 2268/2912/1150 2140/3287/1150
f 2020/3285/1151 2208/2915/1151 2267/2916/1152 2139/3283/1152
f 2023/3281/1153 2209/2919/1153 2266/2920/1154 2138/3279/1154
f 2026/3277/1155 2210/2923/1155 2265/2924/1156 2137/3275/1156
f 2029/3273/1157 2211/2927/1157 2264/2928/1158 2136/3271/1158
f 2032/3269/1159 2212/2931/1159 2263/2932/1160 2135/3267/1160
f 2035/3265/1161 2213/2935/1161 2262/2936/1162 2134/3263/1162
f 2038/3261/1163 2214/2939/1163 2261/2940/1164 2133/3259/1164
f 2041/3257/1165 2215/2943/1165 2260/2944/1166 2132/3255/1166
f 2044/3253/1167 2216/2947/1167 2259/2948/1168 2131/3251/1168
f 2047/3249/1169 2217/2951/1169 2258/2952/1170 2130/3247/1170
f 2050/3245/1171 2218/2955/1171 2257/2956/1172 2129/3243/1172
f 2053/3241/1173 2219/2959/1173 2256/2960/1174 2128/3239/1174
f 2056/3237/1175 2220/2963/1175 2255/2964/1176 2127/3235/1176
f 2059/3233/1177 2221/2967/1177 2254/2968/1178 2126/3231/1178
f 2062/3229/1179 2222/2971/1179 2253/2972/1180 2125/3227/1180
f 2065/3225/1181 2223/2975/1181 2252/2976/1182 2124/3223/1182
f 2068/3221/1183 2224/2979/1183 2251/2980/1184 2123/3219/1184
f 2071/3217/1185 2225/2983/1185 2250/2984/1186 2122/3215/1186
f 2074/3213/1187 2226/2987/1187 2249/2988/1188 2121/3211/1188
f 2077/3209/1189 2227/2991/1189 2248/2992/1190 2120/3207/1190
f 2080/3205/1191 2228/2995/1191 2247/2996/1192 2119/3203/1192
f 2083/3201/1193 2229/2999/1193 2246/3000/1194 2118/3199/1194
f 2086/3197/1195 2230/3003/1195 2245/3004/1196 2117/3195/1196
f 2089/3193/1197 2231/3007/1197 2244/3008/1198 2116/3191/1198
f 2092/3189/1199 2232/3011/1199 2243/3012/1200 2115/3187/1200
f 2095/3185/1201 2233/3015/1201 2242/3016/1202 2114/3183/1202
f 2098/3181/1203 2234/3019/1203 2241/3020/1204 2113/3179/1204
f 2101/3177/1205 2235/3023/1205 2240/3024/1206 2112/3175/1206
f 2104/3173/1207 2236/3027/1207 2239/3092/1209 2111/3171/1209
f 2107/3169/1210 2237/3095/1210 2238/3096/1211 2110/3165/1211
f 2110/3165/1211 2238/3096/1211 2206/3099/1212 2016/3166/1212
f 2111/3171/1209 2239/3092/1209 2237/3095/1210 2107/3169/1210
f 2112/3175/1206 2240/3024/1206 2236/3027/1207 2104/3173/1207
f 2113/3179/1204 2241/3020/1204 2235/3023/1205 2101/3177/1205
f 2114/3183/1202 2242/3016/1202 2234/3019/1203 2098/3181/1203
f 2115/3187/1200 2243/3012/1200 2233/3015/1201 2095/3185/1201
f 2116/3191/1198 2244/3008/1198 2232/3011/1199 2092/3189/1199
f 2117/3195/1196 2245/3004/1196 2231/3007/1197 2089/3193/1197
f 2118/3199/1194 2246/3000/1194 2230/3003/1195 2086/3197/1195
f 2119/3203/1192 2247/2996/1192 2229/2999/1193 2083/3201/1193
f 2120/3207/1190 2248/2992/1190 2228/2995/1191 2080/3205/1191
f 2121/3211/1188 2249/2988/1188 2227/2991/1189 2077/3209/1189
f 2122/3215/1186 2250/2984/1186 2226/2987/1187 2074/3213/1187
f 2123/3219/1184 2251/2980/1184 2225/2983/1185 2071/3217/1185
f 2124/3223/1182 2252/2976/1182 2224/2979/1183 2068/3221/1183
f 2125/3227/1180 2253/2972/1180 2223/2975/1181 2065/3225/1181
f 2126/3231/1178 2254/2968/1178 2222/2971/1179 2062/3229/1179
f 2127/3235/1176 2255/2964/1176 2221/2967/1177 2059/3233/1177
f 2128/3239/1174 2256/2960/1174 2220/2963/1175 2056/3237/1175
f 2129/3243/1172 2257/2956/1172 2219/2959/1173 2053/3241/1173
f 2130/3247/1170 2258/2952/1170 2218/2955/1171 2050/3245/1171
f 2131/3251/1168 2259/2948/1168 2217/2951/1169 2047/3249/1169
f 2132/3255/1166 2260/2944/1166 2216/2947/1167 2044/3253/1167
f 2133/3259/1164 2261/2940/1164 2215/2943/1165 2041/3257/1165
f 2134/3263/1162 2262/2936/1162 2214/2939/1163 2038/3261/1163
f 2135/3267/1160 2263/2932/1160 2213/2935/1161 2035/3265/1161
f 2136/3271/1158 2264/2928/1158 2212/2931/1159 2032/3269/1159
f 2137/3275/1156 2265/2924/1156 2211/2927/1157 2029/3273/1157
f 2138/3279/1154 2266/2920/1154 2210/2923/1155 2026/3277/1155
f 2139/3283/1152 2267/2916/1152 2209/2919/1153 2023/3281/1153
f 2140/3287/1150 2268/2912/1150 2208/2915/1151 2020/3285/1151
f 2141/3291/1148 2269/2908/1148 2207/2911/1149 2017/3289/1149
o Communicatron
v 0.004772 4.304027 -0.920873
v -0.004815 4.304027 -0.919929
v -0.014033 4.304027 -0.917132
v -0.022528 4.304027 -0.912592
v -0.029975 4.304027 -0.906480
v -0.036086 4.304027 -0.899034
v -0.040627 4.304027 -0.890539
v -0.043423 4.304027 -0.881320
v -0.044367 4.304027 -0.871734
v -0.043423 4.304027 -0.862147
v -0.040627 4.304027 -0.852929
v -0.036086 4.304027 -0.844434
v -0.029975 4.304027 -0.836987
v -0.022528 4.304027 -0.830876
v -0.014033 4.304027 -0.826335
v -0.004815 4.304027 -0.823539
v 0.004772 4.304027 -0.822595
v 0.014358 4.304027 -0.823539
v 0.023577 4.304027 -0.826335
v 0.032072 4.304027 -0.830876
v 0.039518 4.304027 -0.836987
v 0.045629 4.304027 -0.844434
v 0.050170 4.304027 -0.852929
v 0.052967 4.304027 -0.862147
v 0.053911 4.304027 -0.871734
v 0.052967 4.304027 -0.881320
v 0.050170 4.304027 -0.890539
v 0.045629 4.304027 -0.899034
v 0.039518 4.304027 -0.906480
v 0.032072 4.304027 -0.912592
v 0.023577 4.304027 -0.917132
v 0.014358 4.304027 -0.919929
v -0.004815 4.496487 -0.919929
v 0.004772 4.496487 -0.920873
v -0.014033 4.496487 -0.917132
v -0.022528 4.496487 -0.912592
v -0.029975 4.496487 -0.906480
v -0.036086 4.496487 -0.899034
v -0.040627 4.496487 -0.890539
v -0.043423 4.496487 -0.881320
v -0.044367 4.496487 -0.871734
v -0.043423 4.496487 -0.862147
v -0.040627 4.496487 -0.852929
v -0.036086 4.496487 -0.844434
v -0.029975 4.496487 -0.836987
v -0.022528 4.496487 -0.830876
v -0.014033 4.496487 -0.826335
v -0.004815 4.496487 -0.823539
v 0.004772 4.496487 -0.822595
v 0.014358 4.496487 -0.823539
v 0.023577 4.496487 -0.826335
v 0.032072 4.496487 -0.830876
v 0.039518 4.496487 -0.836987
v 0.045629 4.496487 -0.844434
v 0.050170 4.496487 -0.852929
v 0.052967 4.496487 -0.862147
v 0.053911 4.496487 -0.871734
v 0.052967 4.496487 -0.881320
v 0.050170 4.496487 -0.890539
v 0.045629 4.496487 -0.899034
v 0.039518 4.496487 -0.906480
v 0.032072 4.496487 -0.912592
v 0.023577 4.496487 -0.917132
v 0.014358 4.496487 -0.919929
v -0.002627 4.498855 -0.908932
v 0.004772 4.498855 -0.909661
v -0.009742 4.498855 -0.906774
v -0.016299 4.498855 -0.903269
v -0.022047 4.498855 -0.898552
v -0.026763 4.498855 -0.892805
v -0.030268 4.498855 -0.886248
v -0.032427 4.498855 -0.879133
v -0.033155 4.498855 -0.871734
v -0.032427 4.498855 -0.864335
v -0.030268 4.498855 -0.857220
v -0.026763 4.498855 -0.850663
v -0.022047 4.498855 -0.844915
v -0.016299 4.498855 -0.840199
v -0.009742 4.498855 -0.836694
v -0.002627 4.498855 -0.834535
v 0.004772 4.498855 -0.833807
v 0.012171 4.498855 -0.834535
v 0.019286 4.498855 -0.836694
v 0.025843 4.498855 -0.840199
v 0.031590 4.498855 -0.844915
v 0.036307 4.498855 -0.850663
v 0.039812 4.498855 -0.857220
v 0.041970 4.498855 -0.864335
v 0.042699 4.498855 -0.871734
v 0.041970 4.498855 -0.879133
v 0.039812 4.498855 -0.886248
v 0.036307 4.498855 -0.892805
v 0.031590 4.498855 -0.898552
v 0.025843 4.498855 -0.903269
v 0.019286 4.498855 -0.906774
v 0.012171 4.498855 -0.908932
v -0.002627 4.706638 -0.908932
v 0.004772 4.706638 -0.909661
v -0.009742 4.706638 -0.906774
v -0.016299 4.706638 -0.903269
v -0.022047 4.706638 -0.898552
v -0.026763 4.706638 -0.892805
v -0.030268 4.706638 -0.886248
v -0.032427 4.706638 -0.879133
v -0.033155 4.706638 -0.871734
v -0.032427 4.706638 -0.864335
v -0.030268 4.706638 -0.857220
v -0.026763 4.706638 -0.850663
v -0.022047 4.706638 -0.844915
v -0.016299 4.706638 -0.840199
v -0.009742 4.706638 -0.836694
v -0.002627 4.706638 -0.834535
v 0.004772 4.706638 -0.833807
v 0.012171 4.706638 -0.834535
v 0.019286 4.706638 -0.836694
v 0.025843 4.706638 -0.840199
v 0.031590 4.706638 -0.844915
v 0.036307 4.706638 -0.850663
v 0.039812 4.706638 -0.857220
v 0.041970 4.706638 -0.864335
v 0.042699 4.706638 -0.871734
v 0.041970 4.706638 -0.879133
v 0.039812 4.706638 -0.886248
v 0.036307 4.706638 -0.892805
v 0.031590 4.706638 -0.898552
v 0.025843 4.706638 -0.903269
v 0.019286 4.706638 -0.906774
v 0.012171 4.706638 -0.908932
v 0.000624 4.710277 -0.892585
v 0.004772 4.710277 -0.892993
v -0.003364 4.710277 -0.891375
v -0.007039 4.710277 -0.889410
v -0.010261 4.710277 -0.886766
v -0.012904 4.710277 -0.883545
v -0.014869 4.710277 -0.879869
v -0.016079 4.710277 -0.875881
v -0.016487 4.710277 -0.871734
v -0.016079 4.710277 -0.867586
v -0.014869 4.710277 -0.863598
v -0.012904 4.710277 -0.859923
v -0.010261 4.710277 -0.856701
v -0.007039 4.710277 -0.854057
v -0.003364 4.710277 -0.852093
v 0.000624 4.710277 -0.850883
v 0.004772 4.710277 -0.850475
v 0.008919 4.710277 -0.850883
v 0.012907 4.710277 -0.852093
v 0.016583 4.710277 -0.854057
v 0.019804 4.710277 -0.856701
v 0.022448 4.710277 -0.859923
v 0.024413 4.710277 -0.863598
v 0.025622 4.710277 -0.867586
v 0.026031 4.710277 -0.871734
v 0.025622 4.710277 -0.875881
v 0.024413 4.710277 -0.879869
v 0.022448 4.710277 -0.883545
v 0.019804 4.710277 -0.886766
v 0.016583 4.710277 -0.889410
v 0.012907 4.710277 -0.891375
v 0.008919 4.710277 -0.892585
v 0.000624 5.103834 -0.892585
v 0.004772 5.103834 -0.892993
v -0.003364 5.103834 -0.891375
v -0.007039 5.103834 -0.889410
v -0.010261 5.103834 -0.886766
v -0.012905 5.103834 -0.883545
v -0.014869 5.103834 -0.879869
v -0.016079 5.103834 -0.875881
v -0.016487 5.103834 -0.871734
v -0.016079 5.103834 -0.867586
v -0.014869 5.103834 -0.863598
v -0.012905 5.103834 -0.859923
v -0.010261 5.103834 -0.856701
v -0.007039 5.103834 -0.854057
v -0.003364 5.103834 -0.852093
v 0.000624 5.103834 -0.850883
v 0.004772 5.103834 -0.850475
v 0.008919 5.103834 -0.850883
v 0.012907 5.103834 -0.852093
v 0.016583 5.103834 -0.854057
v 0.019804 5.103834 -0.856701
v 0.022448 5.103834 -0.859923
v 0.024413 5.103834 -0.863598
v 0.025622 5.103834 -0.867586
v 0.026031 5.103834 -0.871734
v 0.025622 5.103834 -0.875881
v 0.024413 5.103834 -0.879869
v 0.022448 5.103834 -0.883545
v 0.019804 5.103834 -0.886766
v 0.016583 5.103834 -0.889410
v 0.012907 5.103834 -0.891375
v 0.008919 5.103834 -0.892585
v 0.002178 5.108768 -0.884772
v 0.004772 5.108768 -0.885027
v -0.000315 5.108768 -0.884015
v -0.002613 5.108768 -0.882787
v -0.004628 5.108768 -0.881133
v -0.006281 5.108768 -0.879119
v -0.007509 5.108768 -0.876821
v -0.008266 5.108768 -0.874327
v -0.008521 5.108768 -0.871734
v -0.008266 5.108768 -0.869140
v -0.007509 5.108768 -0.866647
v -0.006281 5.108768 -0.864349
v -0.004628 5.108768 -0.862334
v -0.002613 5.108768 -0.860681
v -0.000315 5.108768 -0.859453
v 0.002178 5.108768 -0.858696
v 0.004772 5.108768 -0.858441
v 0.007365 5.108768 -0.858696
v 0.009859 5.108768 -0.859453
v 0.012157 5.108768 -0.860681
v 0.014171 5.108768 -0.862334
v 0.015825 5.108768 -0.864349
v 0.017053 5.108768 -0.866647
v 0.017810 5.108768 -0.869140
v 0.018065 5.108768 -0.871734
v 0.017810 5.108768 -0.874327
v 0.017053 5.108768 -0.876821
v 0.015825 5.108768 -0.879119
v 0.014171 5.108768 -0.881133
v 0.012157 5.108768 -0.882787
v 0.009859 5.108768 -0.884015
v 0.007365 5.108768 -0.884772
v 0.002178 5.388494 -0.884772
v 0.004771 5.388494 -0.885027
v -0.000316 5.388494 -0.884015
v -0.002614 5.388494 -0.882787
v -0.004628 5.388494 -0.881133
v -0.006281 5.388494 -0.879119
v -0.007510 5.388494 -0.876821
v -0.008266 5.388494 -0.874327
v -0.008522 5.388494 -0.871734
v -0.008266 5.388494 -0.869140
v -0.007510 5.388494 -0.866647
v -0.006281 5.388494 -0.864349
v -0.004628 5.388494 -0.862334
v -0.002614 5.388494 -0.860681
v -0.000316 5.388494 -0.859453
v 0.002178 5.388494 -0.858696
v 0.004771 5.388494 -0.858441
v 0.007365 5.388494 -0.858696
v 0.009859 5.388494 -0.859453
v 0.012157 5.388494 -0.860681
v 0.014171 5.388494 -0.862334
v 0.015824 5.388494 -0.864349
v 0.017053 5.388494 -0.866647
v 0.017809 5.388494 -0.869140
v 0.018065 5.388494 -0.871734
v 0.017809 5.388494 -0.874327
v 0.017053 5.388494 -0.876821
v 0.015824 5.388494 -0.879119
v 0.014171 5.388494 -0.881133
v 0.012157 5.388494 -0.882787
v 0.009859 5.388494 -0.884015
v 0.007365 5.388494 -0.884772
v 0.004166 5.438007 -0.874775
v 0.004771 5.438007 -0.874835
v 0.003585 5.438007 -0.874599
v 0.003048 5.438007 -0.874312
v 0.002578 5.438007 -0.873927
v 0.002193 5.438007 -0.873457
v 0.001906 5.438007 -0.872921
v 0.001730 5.438007 -0.872339
v 0.001670 5.438007 -0.871734
v 0.001730 5.438007 -0.871129
v 0.001906 5.438007 -0.870547
v 0.002193 5.438007 -0.870011
v 0.002578 5.438007 -0.869541
v 0.003048 5.438007 -0.869155
v 0.003585 5.438007 -0.868869
v 0.004166 5.438007 -0.868692
v 0.004771 5.438007 -0.868632
v 0.005376 5.438007 -0.868692
v 0.005958 5.438007 -0.868869
v 0.006494 5.438007 -0.869155
v 0.006964 5.438007 -0.869541
v 0.007350 5.438007 -0.870011
v 0.007637 5.438007 -0.870547
v 0.007813 5.438007 -0.871129
v 0.007873 5.438007 -0.871734
v 0.007813 5.438007 -0.872339
v 0.007637 5.438007 -0.872921
v 0.007350 5.438007 -0.873457
v 0.006964 5.438007 -0.873927
v 0.006494 5.438007 -0.874312
v 0.005958 5.438007 -0.874599
v 0.005376 5.438007 -0.874775
vn -0.0000 -1.0000 -0.0000
vn 0.0203 0.9782 0.2066
vn 0.8819 -0.0000 0.4714
vn -0.9952 -0.0000 0.0980
vn 0.9569 -0.0000 0.2903
vn -0.9569 -0.0000 0.2903
vn 0.9952 -0.0000 0.0980
vn -0.8819 -0.0000 0.4714
vn 0.9952 -0.0000 -0.0980
vn -0.7730 -0.0000 0.6344
vn 0.9569 -0.0000 -0.2903
vn -0.6344 -0.0000 0.7730
vn 0.8819 -0.0000 -0.4714
vn -0.4714 -0.0000 0.8819
vn -0.0980 -0.0000 -0.9952
vn 0.7730 -0.0000 -0.6344
vn -0.2903 -0.0000 0.9569
vn -0.2903 -0.0000 -0.9569
vn 0.6344 -0.0000 -0.7730
vn -0.0980 -0.0000 0.9952
vn -0.4714 -0.0000 -0.8819
vn 0.4714 -0.0000 -0.8819
vn 0.0980 -0.0000 0.9952
vn -0.6344 -0.0000 -0.7730
vn 0.2903 -0.0000 -0.9569
vn 0.2903 -0.0000 0.9569
vn -0.7730 -0.0000 -0.6344
vn 0.0980 -0.0000 -0.9952
vn 0.4714 -0.0000 0.8819
vn -0.8819 -0.0000 -0.4714
vn 0.6344 -0.0000 0.7730
vn -0.9569 -0.0000 -0.2903
vn 0.7730 -0.0000 0.6344
vn -0.9952 -0.0000 -0.0980
vn -0.1317 0.9782 -0.1604
vn 0.0602 0.9782 -0.1986
vn 0.0603 0.9782 0.1986
vn -0.1604 0.9782 -0.1317
vn 0.0203 0.9782 -0.2066
vn 0.0978 0.9782 0.1830
vn -0.1830 0.9782 -0.0978
vn 0.1317 0.9782 0.1604
vn -0.1986 0.9782 -0.0602
vn 0.1604 0.9782 0.1317
vn -0.2066 0.9782 -0.0203
vn 0.1830 0.9782 0.0978
vn -0.2066 0.9782 0.0203
vn 0.1986 0.9782 0.0602
vn -0.1986 0.9782 0.0602
vn 0.2066 0.9782 0.0203
vn -0.1830 0.9782 0.0978
vn 0.2066 0.9782 -0.0203
vn -0.1604 0.9782 0.1317
vn 0.1986 0.9782 -0.0602
vn -0.1317 0.9782 0.1604
vn 0.1830 0.9782 -0.0978
vn -0.0978 0.9782 0.1830
vn -0.0203 0.9782 -0.2066
vn 0.1604 0.9782 -0.1317
vn -0.0602 0.9782 0.1986
vn -0.0602 0.9782 -0.1986
vn 0.1317 0.9782 -0.1604
vn -0.0203 0.9782 0.2066
vn -0.0978 0.9782 -0.1830
vn 0.0978 0.9782 -0.1830
vn 0.2051 0.9768 0.0622
vn -0.2051 0.9768 0.0622
vn 0.2133 0.9768 0.0210
vn -0.1890 0.9768 0.1010
vn 0.2133 0.9768 -0.0210
vn -0.1657 0.9768 0.1360
vn 0.2051 0.9768 -0.0622
vn -0.1360 0.9768 0.1657
vn 0.1890 0.9768 -0.1010
vn -0.1010 0.9768 0.1890
vn -0.0210 0.9768 -0.2133
vn 0.1657 0.9768 -0.1360
vn -0.0622 0.9768 0.2051
vn -0.0622 0.9768 -0.2051
vn 0.1360 0.9768 -0.1657
vn -0.0210 0.9768 0.2133
vn -0.1010 0.9768 -0.1890
vn 0.1010 0.9768 -0.1890
vn 0.0210 0.9768 0.2133
vn -0.1360 0.9768 -0.1657
vn 0.0622 0.9768 -0.2051
vn 0.0622 0.9768 0.2051
vn -0.1657 0.9768 -0.1360
vn 0.0210 0.9768 -0.2133
vn 0.1010 0.9768 0.1890
vn -0.1890 0.9768 -0.1010
vn 0.1360 0.9768 0.1657
vn -0.2051 0.9768 -0.0622
vn 0.1657 0.9768 0.1360
vn -0.2133 0.9768 -0.0210
vn 0.1890 0.9768 0.1010
vn -0.2133 0.9768 0.0210
vn -0.1534 0.8490 -0.5056
vn 0.3352 0.8490 -0.4084
vn -0.0518 0.8490 0.5258
vn -0.2491 0.8490 -0.4660
vn 0.2491 0.8490 -0.4660
vn 0.0518 0.8490 0.5258
vn -0.3352 0.8490 -0.4084
vn 0.1534 0.8490 -0.5056
vn 0.1534 0.8490 0.5056
vn -0.4084 0.8490 -0.3352
vn 0.0518 0.8490 -0.5258
vn 0.2491 0.8490 0.4660
vn -0.4660 0.8490 -0.2491
vn 0.3352 0.8490 0.4084
vn -0.5056 0.8490 -0.1534
vn 0.4084 0.8490 0.3352
vn -0.5258 0.8490 -0.0518
vn 0.4660 0.8490 0.2491
vn -0.5258 0.8490 0.0518
vn 0.5056 0.8490 0.1534
vn -0.5056 0.8490 0.1534
vn 0.5258 0.8490 0.0518
vn -0.4660 0.8490 0.2491
vn 0.5258 0.8490 -0.0518
vn -0.4084 0.8490 0.3352
vn 0.5056 0.8490 -0.1534
vn -0.3352 0.8490 0.4084
vn 0.4660 0.8490 -0.2491
vn -0.2491 0.8490 0.4660
vn -0.0518 0.8490 -0.5258
vn 0.4084 0.8490 -0.3352
vn -0.1534 0.8490 0.5056
vn -0.9749 0.2007 -0.0960
vn -0.0000 1.0000 -0.0000
vn 0.8640 0.2007 0.4618
vn -0.9749 0.2007 0.0960
vn 0.9375 0.2007 0.2844
vn -0.9375 0.2007 0.2844
vn 0.9749 0.2007 0.0960
vn -0.8640 0.2007 0.4618
vn 0.9749 0.2007 -0.0960
vn -0.7573 0.2007 0.6215
vn 0.9375 0.2007 -0.2844
vn -0.6215 0.2007 0.7573
vn 0.8640 0.2007 -0.4618
vn -0.4618 0.2007 0.8640
vn -0.0960 0.2007 -0.9749
vn 0.7573 0.2007 -0.6215
vn -0.2844 0.2007 0.9375
vn -0.2844 0.2007 -0.9375
vn 0.6215 0.2007 -0.7573
vn -0.0960 0.2007 0.9749
vn -0.4618 0.2007 -0.8640
vn 0.4618 0.2007 -0.8640
vn 0.0960 0.2007 0.9749
vn -0.6215 0.2007 -0.7573
vn 0.2844 0.2007 -0.9375
vn 0.2844 0.2007 0.9375
vn -0.7573 0.2007 -0.6215
vn 0.0960 0.2007 -0.9749
vn 0.4618 0.2007 0.8640
vn -0.8640 0.2007 -0.4618
vn 0.6215 0.2007 0.7573
vn -0.9375 0.2007 -0.2844
vn 0.7573 0.2007 0.6215
vt 0.036427 0.971175
vt 0.022432 0.957180
vt 0.011436 0.940723
vt 0.003861 0.922437
vt -0.000000 0.903025
vt -0.000000 0.883233
vt 0.003861 0.863821
vt 0.011436 0.845535
vt 0.022432 0.829078
vt 0.036427 0.815083
vt 0.052884 0.804087
vt 0.071170 0.796512
vt 0.090582 0.792651
vt 0.110374 0.792651
vt 0.129786 0.796512
vt 0.148072 0.804087
vt 0.164529 0.815083
vt 0.178524 0.829078
vt 0.189520 0.845535
vt 0.197095 0.863821
vt 0.200956 0.883233
vt 0.200956 0.903025
vt 0.197095 0.922437
vt 0.189520 0.940723
vt 0.178524 0.957180
vt 0.164529 0.971175
vt 0.148072 0.982171
vt 0.129786 0.989746
vt 0.110374 0.993607
vt 0.090582 0.993607
vt 0.071170 0.989746
vt 0.052884 0.982171
vt 0.977568 0.036427
vt 0.988564 0.052884
vt 0.968248 0.063743
vt 0.959761 0.051041
vt 0.073947 0.792651
vt 0.054155 0.792651
vt 0.054155 0.397557
vt 0.073947 0.397557
vt 0.204831 0.396457
vt 0.186545 0.396140
vt 0.186545 0.001046
vt 0.204831 0.001363
vt 0.034743 0.792489
vt 0.034743 0.397396
vt 0.170088 0.395679
vt 0.170088 0.000586
vt 0.016457 0.792172
vt 0.016457 0.397079
vt 0.156093 0.395094
vt 0.156093 0.000000
vt 0.000000 0.791712
vt 0.000000 0.396618
vt 0.256204 0.791712
vt 0.239747 0.792172
vt 0.239747 0.397079
vt 0.256204 0.396618
vt 0.142097 0.395679
vt 0.142097 0.000586
vt 0.221461 0.792489
vt 0.221461 0.397396
vt 0.125640 0.396140
vt 0.125640 0.001046
vt 0.202049 0.792651
vt 0.202049 0.397557
vt 0.030452 0.396140
vt 0.013995 0.395679
vt 0.013995 0.000586
vt 0.030452 0.001046
vt 0.107355 0.396457
vt 0.107355 0.001363
vt 0.182257 0.792651
vt 0.182257 0.397557
vt 0.000000 0.395094
vt 0.000000 0.000000
vt 0.087943 0.396618
vt 0.087943 0.001525
vt 0.162845 0.792489
vt 0.162845 0.397396
vt 0.312185 0.395094
vt 0.298190 0.395679
vt 0.298190 0.000586
vt 0.312185 0.000000
vt 0.068150 0.396618
vt 0.068150 0.001525
vt 0.144559 0.792172
vt 0.144559 0.397079
vt 0.281733 0.396140
vt 0.281733 0.001046
vt 0.048738 0.396457
vt 0.048738 0.001363
vt 0.128102 0.791712
vt 0.128102 0.396618
vt 0.263447 0.396457
vt 0.263447 0.001363
vt 0.128102 0.791712
vt 0.111645 0.792172
vt 0.111645 0.397079
vt 0.128102 0.396618
vt 0.244035 0.396618
vt 0.244035 0.001525
vt 0.093359 0.792489
vt 0.093359 0.397396
vt 0.224243 0.396618
vt 0.224243 0.001525
vt 0.632292 0.854632
vt 0.618178 0.854876
vt 0.618178 0.428327
vt 0.632292 0.428082
vt 0.799044 0.110374
vt 0.799044 0.090582
vt 0.821970 0.092840
vt 0.821970 0.108116
vt 0.851928 0.189520
vt 0.835471 0.178524
vt 0.850085 0.160717
vt 0.862787 0.169204
vt 0.996139 0.071170
vt 0.974094 0.077857
vt 0.802905 0.071170
vt 0.824950 0.077857
vt 0.821476 0.164529
vt 0.839283 0.149915
vt 1.000000 0.090582
vt 0.977074 0.092840
vt 0.810480 0.052884
vt 0.830796 0.063743
vt 1.000000 0.110374
vt 0.977074 0.108116
vt 0.821476 0.036427
vt 0.839283 0.051041
vt 0.996139 0.129786
vt 0.974094 0.123099
vt 0.835471 0.022432
vt 0.850085 0.040239
vt 0.988564 0.148072
vt 0.968248 0.137213
vt 0.851928 0.011436
vt 0.862787 0.031752
vt 0.977568 0.164529
vt 0.959761 0.149915
vt 0.870214 0.003861
vt 0.876901 0.025906
vt 0.963573 0.178524
vt 0.948959 0.160717
vt 0.889626 0.000000
vt 0.891884 0.022926
vt 0.947116 0.189520
vt 0.936257 0.169204
vt 0.909418 0.000000
vt 0.907160 0.022926
vt 0.928830 0.197095
vt 0.922143 0.175050
vt 0.928830 0.003861
vt 0.922143 0.025906
vt 0.909418 0.200956
vt 0.907160 0.178030
vt 0.947116 0.011436
vt 0.936257 0.031752
vt 0.810480 0.148072
vt 0.830796 0.137213
vt 0.889626 0.200956
vt 0.891884 0.178030
vt 0.963573 0.022432
vt 0.948959 0.040239
vt 0.802905 0.129786
vt 0.824950 0.123099
vt 0.870214 0.197095
vt 0.876901 0.175050
vt 0.338899 0.954854
vt 0.324785 0.960700
vt 0.314843 0.927927
vt 0.322754 0.924651
vt 0.515124 0.427727
vt 0.499847 0.427727
vt 0.499847 0.001177
vt 0.515124 0.001177
vt 0.603195 0.855001
vt 0.603195 0.428451
vt 0.484864 0.427602
vt 0.484864 0.001052
vt 0.587919 0.855001
vt 0.587919 0.428451
vt 0.470751 0.427357
vt 0.470751 0.000807
vt 0.572936 0.854876
vt 0.572936 0.428327
vt 0.458049 0.427002
vt 0.458049 0.000452
vt 0.558822 0.854632
vt 0.558822 0.428082
vt 0.447247 0.426550
vt 0.447247 0.000000
vt 0.546120 0.854276
vt 0.546120 0.427727
vt 0.533418 0.854631
vt 0.533418 0.428082
vt 0.546120 0.427727
vt 0.688202 0.426550
vt 0.677400 0.427002
vt 0.677400 0.000452
vt 0.688202 0.000000
vt 0.519305 0.854876
vt 0.519305 0.428327
vt 0.664698 0.427357
vt 0.664698 0.000807
vt 0.504322 0.855001
vt 0.504322 0.428451
vt 0.591228 0.427357
vt 0.578526 0.427002
vt 0.578526 0.000452
vt 0.591228 0.000807
vt 0.650584 0.427602
vt 0.650584 0.001052
vt 0.489045 0.855001
vt 0.489045 0.428451
vt 0.567724 0.426550
vt 0.567724 0.000000
vt 0.635601 0.427727
vt 0.635601 0.001177
vt 0.474062 0.854876
vt 0.474062 0.428327
vt 0.567724 0.426550
vt 0.556922 0.427002
vt 0.556922 0.000452
vt 0.567724 0.000000
vt 0.620325 0.427727
vt 0.620325 0.001177
vt 0.459949 0.854631
vt 0.459949 0.428082
vt 0.544220 0.427357
vt 0.544220 0.000807
vt 0.605342 0.427602
vt 0.605342 0.001052
vt 0.447247 0.854276
vt 0.447247 0.427727
vt 0.530107 0.427602
vt 0.530107 0.001052
vt 0.644994 0.854276
vt 0.644994 0.427727
vt 0.379716 0.807916
vt 0.373661 0.808170
vt 0.373661 0.000253
vt 0.379716 0.000000
vt 0.309802 0.808576
vt 0.324785 0.811556
vt 0.314843 0.844328
vt 0.306445 0.842658
vt 0.309802 0.963680
vt 0.306445 0.929598
vt 0.338898 0.817402
vt 0.322754 0.847605
vt 0.294525 0.963680
vt 0.297882 0.929598
vt 0.351600 0.825889
vt 0.329874 0.852363
vt 0.279543 0.960700
vt 0.289484 0.927927
vt 0.362402 0.836691
vt 0.335929 0.858417
vt 0.265429 0.954854
vt 0.281573 0.924651
vt 0.370890 0.849393
vt 0.340686 0.865537
vt 0.224611 0.893766
vt 0.224611 0.878490
vt 0.258694 0.881847
vt 0.258694 0.890409
vt 0.252727 0.946367
vt 0.274453 0.919893
vt 0.376736 0.863507
vt 0.343963 0.873448
vt 0.227592 0.863507
vt 0.260364 0.873448
vt 0.241925 0.935565
vt 0.268398 0.913838
vt 0.379716 0.878490
vt 0.345634 0.881846
vt 0.233438 0.849393
vt 0.263641 0.865537
vt 0.233438 0.922863
vt 0.263641 0.906719
vt 0.379716 0.893766
vt 0.345634 0.890409
vt 0.241925 0.836691
vt 0.268398 0.858417
vt 0.227592 0.908749
vt 0.260364 0.898808
vt 0.376736 0.908749
vt 0.343963 0.898808
vt 0.252727 0.825889
vt 0.274453 0.852363
vt 0.370890 0.922863
vt 0.340686 0.906719
vt 0.265429 0.817402
vt 0.281573 0.847605
vt 0.362403 0.935565
vt 0.335929 0.913838
vt 0.279542 0.811556
vt 0.289484 0.844328
vt 0.351600 0.946367
vt 0.329874 0.919893
vt 0.294525 0.808576
vt 0.297882 0.842658
vt 0.688202 0.856074
vt 0.688202 0.847511
vt 0.704491 0.849115
vt 0.704491 0.854469
vt 0.736503 0.808115
vt 0.728592 0.808252
vt 0.728592 0.000336
vt 0.736503 0.000199
vt 0.366541 0.808369
vt 0.366541 0.000453
vt 0.720194 0.808322
vt 0.720194 0.000406
vt 0.325360 0.808369
vt 0.318240 0.808170
vt 0.318240 0.000253
vt 0.325360 0.000453
vt 0.358630 0.808506
vt 0.358630 0.000590
vt 0.711631 0.808322
vt 0.711631 0.000406
vt 0.312185 0.807916
vt 0.312185 0.000000
vt 0.350232 0.808576
vt 0.350232 0.000660
vt 0.703233 0.808252
vt 0.703233 0.000336
vt 0.447247 0.807916
vt 0.441192 0.808169
vt 0.441192 0.000253
vt 0.447247 0.000000
vt 0.341669 0.808576
vt 0.341669 0.000660
vt 0.695322 0.808115
vt 0.695322 0.000199
vt 0.434072 0.808369
vt 0.434072 0.000453
vt 0.333271 0.808506
vt 0.333271 0.000590
vt 0.688202 0.807916
vt 0.688202 -0.000000
vt 0.426161 0.808506
vt 0.426161 0.000590
vt 0.799044 0.807916
vt 0.791924 0.808115
vt 0.791924 0.000199
vt 0.799044 -0.000000
vt 0.417763 0.808576
vt 0.417763 0.000660
vt 0.784013 0.808252
vt 0.784013 0.000336
vt 0.409200 0.808576
vt 0.409200 0.000660
vt 0.775615 0.808322
vt 0.775615 0.000406
vt 0.400802 0.808506
vt 0.400802 0.000590
vt 0.767052 0.808322
vt 0.767052 0.000406
vt 0.392891 0.808369
vt 0.392891 0.000453
vt 0.758654 0.808252
vt 0.758654 0.000336
vt 0.385771 0.808169
vt 0.385771 0.000253
vt 0.750743 0.808115
vt 0.750743 0.000199
vt 0.379716 0.807916
vt 0.379716 0.000000
vt 0.743623 0.807916
vt 0.743623 -0.000000
vt 0.743623 -0.000000
vt 0.833032 0.877678
vt 0.828086 0.877764
vt 0.828086 0.303525
vt 0.833032 0.303439
vt 0.711081 0.890315
vt 0.703961 0.885558
vt 0.714345 0.872905
vt 0.718797 0.875880
vt 0.770195 0.831201
vt 0.773471 0.839112
vt 0.757809 0.843864
vt 0.755760 0.838917
vt 0.689872 0.839112
vt 0.705535 0.843864
vt 0.697907 0.879503
vt 0.710559 0.869119
vt 0.775142 0.847511
vt 0.758853 0.849115
vt 0.693149 0.831201
vt 0.707584 0.838917
vt 0.693149 0.872383
vt 0.707584 0.864667
vt 0.775142 0.856074
vt 0.758853 0.854469
vt 0.697907 0.824082
vt 0.710559 0.834465
vt 0.689872 0.864472
vt 0.705535 0.859721
vt 0.773471 0.864472
vt 0.757809 0.859721
vt 0.703961 0.818027
vt 0.714345 0.830679
vt 0.770195 0.872383
vt 0.755760 0.864667
vt 0.711081 0.813270
vt 0.718797 0.827704
vt 0.765437 0.879503
vt 0.752785 0.869119
vt 0.718992 0.809993
vt 0.723743 0.825655
vt 0.759382 0.885558
vt 0.748999 0.872905
vt 0.727390 0.808322
vt 0.728995 0.824611
vt 0.752263 0.890315
vt 0.744547 0.875880
vt 0.735953 0.808322
vt 0.734349 0.824611
vt 0.744352 0.893592
vt 0.739600 0.877929
vt 0.744352 0.809993
vt 0.739600 0.825655
vt 0.735953 0.895262
vt 0.734349 0.878974
vt 0.752263 0.813270
vt 0.744547 0.827704
vt 0.727390 0.895262
vt 0.728995 0.878974
vt 0.759382 0.818027
vt 0.748999 0.830679
vt 0.718992 0.893592
vt 0.723743 0.877929
vt 0.765437 0.824082
vt 0.752785 0.834465
vt 0.817480 0.303568
vt 0.812229 0.303525
vt 0.818307 0.201042
vt 0.819533 0.201052
vt 0.854455 0.877764
vt 0.849508 0.877678
vt 0.849508 0.303439
vt 0.854455 0.303525
vt 0.918151 0.877517
vt 0.913699 0.877641
vt 0.913699 0.303402
vt 0.918151 0.303277
vt 0.822834 0.877808
vt 0.822834 0.303568
vt 0.908752 0.877727
vt 0.908752 0.303487
vt 0.817480 0.877808
vt 0.903501 0.877771
vt 0.903501 0.303531
vt 0.812229 0.877764
vt 0.898147 0.877771
vt 0.898147 0.303531
vt 0.807282 0.877678
vt 0.807282 0.303439
vt 0.892895 0.877727
vt 0.892895 0.303487
vt 0.802830 0.877554
vt 0.802830 0.303314
vt 0.887949 0.877641
vt 0.887949 0.303402
vt 0.799044 0.877395
vt 0.799044 0.303156
vt 0.883497 0.877517
vt 0.883497 0.303277
vt 0.952805 0.877517
vt 0.948353 0.877641
vt 0.948353 0.303402
vt 0.952805 0.303277
vt 0.883497 0.877395
vt 0.879711 0.877554
vt 0.879711 0.303314
vt 0.883497 0.303156
vt 0.943407 0.877727
vt 0.943407 0.303488
vt 0.875259 0.877678
vt 0.875259 0.303439
vt 0.938155 0.877771
vt 0.938155 0.303531
vt 0.845056 0.877553
vt 0.845056 0.303314
vt 0.870312 0.877764
vt 0.870312 0.303525
vt 0.932801 0.877771
vt 0.932801 0.303531
vt 0.841270 0.877395
vt 0.841270 0.303156
vt 0.865061 0.877807
vt 0.865061 0.303568
vt 0.927549 0.877727
vt 0.927549 0.303488
vt 0.841270 0.877395
vt 0.837484 0.877554
vt 0.837484 0.303314
vt 0.841270 0.303156
vt 0.859706 0.877807
vt 0.859706 0.303568
vt 0.922603 0.877641
vt 0.922603 0.303402
vt 0.918151 0.877517
vt 0.918151 0.303277
vt 0.266588 0.407886
vt 0.265549 0.408579
vt 0.264395 0.409058
vt 0.263170 0.409301
vt 0.261921 0.409301
vt 0.260696 0.409058
vt 0.259541 0.408579
vt 0.258503 0.407886
vt 0.257620 0.407002
vt 0.256926 0.405964
vt 0.256448 0.404810
vt 0.256204 0.403584
vt 0.256204 0.402335
vt 0.256448 0.401110
vt 0.256926 0.399956
vt 0.257620 0.398917
vt 0.258503 0.398034
vt 0.259541 0.397340
vt 0.260696 0.396862
vt 0.261921 0.396618
vt 0.263170 0.396618
vt 0.264395 0.396862
vt 0.265549 0.397340
vt 0.266588 0.398034
vt 0.267471 0.398917
vt 0.268165 0.399956
vt 0.268643 0.401110
vt 0.268887 0.402335
vt 0.268887 0.403584
vt 0.268643 0.404810
vt 0.268165 0.405964
vt 0.267471 0.407002
vt 0.900199 0.201015
vt 0.901448 0.201015
vt 0.817153 0.201022
vt 0.898974 0.201005
vt 0.816115 0.200993
vt 0.897820 0.200985
vt 0.815232 0.200956
vt 0.896781 0.200956
vt 0.938482 0.200985
vt 0.939520 0.200956
vt 0.866426 0.200993
vt 0.867309 0.200956
vt 0.937328 0.201005
vt 0.865387 0.201022
vt 0.936103 0.201015
vt 0.858341 0.200993
vt 0.859380 0.201022
vt 0.864233 0.201042
vt 0.934853 0.201015
vt 0.857458 0.200956
vt 0.863008 0.201052
vt 0.933628 0.201005
vt 0.824200 0.200993
vt 0.825083 0.200956
vt 0.861759 0.201052
vt 0.932474 0.200985
vt 0.823161 0.201022
vt 0.860534 0.201042
vt 0.931436 0.200956
vt 0.822007 0.201042
vt 0.903828 0.200985
vt 0.904866 0.200956
vt 0.820782 0.201052
vt 0.902674 0.201005
s 0
usemtl Material.006
f 2271/3361/1214 2270/3362/1214 2301/3363/1214 2300/3364/1214 2299/3365/1214 2298/3366/1214 2297/3367/1214 2296/3368/1214 2295/3369/1214 2294/3370/1214 2293/3371/1214 2292/3372/1214 2291/3373/1214 2290/3374/1214 2289/3375/1214 2288/3376/1214 2287/3377/1214 2286/3378/1214 2285/3379/1214 2284/3380/1214 2283/3381/1214 2282/3382/1214 2281/3383/1214 2280/3384/1214 2279/3385/1214 2278/3386/1214 2277/3387/1214 2276/3388/1214 2275/3389/1214 2274/3390/1214 2273/3391/1214 2272/3392/1214
f 2318/3393/1215 2319/3394/1215 2351/3395/1215 2350/3396/1215
f 2291/3397/1216 2292/3398/1216 2324/3399/1216 2323/3400/1216
f 2278/3401/1217 2279/3402/1217 2311/3403/1217 2310/3404/1217
f 2292/3398/1218 2293/3405/1218 2325/3406/1218 2324/3399/1218
f 2279/3402/1219 2280/3407/1219 2312/3408/1219 2311/3403/1219
f 2293/3405/1220 2294/3409/1220 2326/3410/1220 2325/3406/1220
f 2280/3407/1221 2281/3411/1221 2313/3412/1221 2312/3408/1221
f 2294/3409/1222 2295/3413/1222 2327/3414/1222 2326/3410/1222
f 2281/3415/1223 2282/3416/1223 2314/3417/1223 2313/3418/1223
f 2295/3411/1224 2296/3419/1224 2328/3420/1224 2327/3412/1224
f 2282/3416/1225 2283/3421/1225 2315/3422/1225 2314/3417/1225
f 2296/3419/1226 2297/3423/1226 2329/3424/1226 2328/3420/1226
f 2283/3421/1227 2284/3425/1227 2316/3426/1227 2315/3422/1227
f 2270/3427/1228 2271/3428/1228 2302/3429/1228 2303/3430/1228
f 2297/3423/1229 2298/3431/1229 2330/3432/1229 2329/3424/1229
f 2284/3425/1230 2285/3433/1230 2317/3434/1230 2316/3426/1230
f 2271/3428/1231 2272/3435/1231 2304/3436/1231 2302/3429/1231
f 2298/3431/1232 2299/3437/1232 2331/3438/1232 2330/3432/1232
f 2285/3433/1233 2286/3439/1233 2318/3440/1233 2317/3434/1233
f 2272/3441/1234 2273/3442/1234 2305/3443/1234 2304/3444/1234
f 2299/3437/1235 2300/3445/1235 2332/3446/1235 2331/3438/1235
f 2286/3439/1236 2287/3447/1236 2319/3448/1236 2318/3440/1236
f 2273/3442/1237 2274/3449/1237 2306/3450/1237 2305/3443/1237
f 2300/3445/1238 2301/3451/1238 2333/3452/1238 2332/3446/1238
f 2287/3447/1239 2288/3453/1239 2320/3454/1239 2319/3448/1239
f 2274/3449/1240 2275/3455/1240 2307/3456/1240 2306/3450/1240
f 2301/3451/1241 2270/3427/1241 2303/3430/1241 2333/3452/1241
f 2288/3457/1242 2289/3458/1242 2321/3459/1242 2320/3460/1242
f 2275/3455/1243 2276/3461/1243 2308/3462/1243 2307/3456/1243
f 2289/3458/1244 2290/3463/1244 2322/3464/1244 2321/3459/1244
f 2276/3461/1245 2277/3465/1245 2309/3466/1245 2308/3462/1245
f 2290/3463/1246 2291/3397/1246 2323/3400/1246 2322/3464/1246
f 2277/3465/1247 2278/3401/1247 2310/3404/1247 2309/3466/1247
f 2353/3467/1244 2354/3468/1244 2386/3469/1244 2385/3470/1244
f 2305/3471/1248 2306/3472/1248 2338/3473/1248 2337/3474/1248
f 2332/3475/1249 2333/3476/1249 2365/3477/1249 2364/3478/1249
f 2319/3394/1250 2320/3479/1250 2352/3480/1250 2351/3395/1250
f 2306/3472/1251 2307/3481/1251 2339/3482/1251 2338/3473/1251
f 2333/3476/1252 2303/3483/1252 2335/3484/1252 2365/3477/1252
f 2320/3479/1253 2321/3485/1253 2353/3486/1253 2352/3480/1253
f 2307/3481/1254 2308/3487/1254 2340/3488/1254 2339/3482/1254
f 2321/3485/1255 2322/3489/1255 2354/3490/1255 2353/3486/1255
f 2308/3487/1256 2309/3491/1256 2341/3492/1256 2340/3488/1256
f 2322/3489/1257 2323/3493/1257 2355/3494/1257 2354/3490/1257
f 2309/3491/1258 2310/3495/1258 2342/3496/1258 2341/3492/1258
f 2323/3493/1259 2324/3497/1259 2356/3498/1259 2355/3494/1259
f 2310/3495/1260 2311/3499/1260 2343/3500/1260 2342/3496/1260
f 2324/3497/1261 2325/3501/1261 2357/3502/1261 2356/3498/1261
f 2311/3499/1262 2312/3503/1262 2344/3504/1262 2343/3500/1262
f 2325/3501/1263 2326/3505/1263 2358/3506/1263 2357/3502/1263
f 2312/3503/1264 2313/3507/1264 2345/3508/1264 2344/3504/1264
f 2326/3505/1265 2327/3509/1265 2359/3510/1265 2358/3506/1265
f 2313/3507/1266 2314/3511/1266 2346/3512/1266 2345/3508/1266
f 2327/3509/1267 2328/3513/1267 2360/3514/1267 2359/3510/1267
f 2314/3511/1268 2315/3515/1268 2347/3516/1268 2346/3512/1268
f 2328/3513/1269 2329/3517/1269 2361/3518/1269 2360/3514/1269
f 2315/3515/1270 2316/3519/1270 2348/3520/1270 2347/3516/1270
f 2303/3483/1271 2302/3521/1271 2334/3522/1271 2335/3484/1271
f 2329/3517/1272 2330/3523/1272 2362/3524/1272 2361/3518/1272
f 2316/3519/1273 2317/3525/1273 2349/3526/1273 2348/3520/1273
f 2302/3521/1274 2304/3527/1274 2336/3528/1274 2334/3522/1274
f 2330/3523/1275 2331/3529/1275 2363/3530/1275 2362/3524/1275
f 2317/3525/1276 2318/3393/1276 2350/3396/1276 2349/3526/1276
f 2304/3527/1277 2305/3471/1277 2337/3474/1277 2336/3528/1277
f 2331/3529/1278 2332/3475/1278 2364/3478/1278 2363/3530/1278
f 2388/3531/1279 2389/3532/1279 2421/3533/1279 2420/3534/1279
f 2340/3535/1245 2341/3536/1245 2373/3537/1245 2372/3538/1245
f 2354/3468/1246 2355/3539/1246 2387/3540/1246 2386/3469/1246
f 2341/3536/1247 2342/3541/1247 2374/3542/1247 2373/3537/1247
f 2355/3539/1216 2356/3543/1216 2388/3544/1216 2387/3540/1216
f 2342/3541/1217 2343/3545/1217 2375/3546/1217 2374/3542/1217
f 2356/3543/1218 2357/3547/1218 2389/3548/1218 2388/3544/1218
f 2343/3545/1219 2344/3549/1219 2376/3550/1219 2375/3546/1219
f 2357/3547/1220 2358/3551/1220 2390/3552/1220 2389/3548/1220
f 2344/3549/1221 2345/3553/1221 2377/3554/1221 2376/3550/1221
f 2358/3551/1222 2359/3555/1222 2391/3556/1222 2390/3552/1222
f 2345/3555/1223 2346/3557/1223 2378/3558/1223 2377/3559/1223
f 2359/3560/1224 2360/3561/1224 2392/3562/1224 2391/3563/1224
f 2346/3557/1225 2347/3564/1225 2379/3565/1225 2378/3558/1225
f 2360/3561/1226 2361/3566/1226 2393/3567/1226 2392/3562/1226
f 2347/3564/1227 2348/3568/1227 2380/3569/1227 2379/3565/1227
f 2335/3570/1228 2334/3571/1228 2366/3572/1228 2367/3573/1228
f 2361/3566/1229 2362/3574/1229 2394/3575/1229 2393/3567/1229
f 2348/3568/1230 2349/3576/1230 2381/3577/1230 2380/3569/1230
f 2334/3571/1231 2336/3578/1231 2368/3579/1231 2366/3572/1231
f 2362/3574/1232 2363/3580/1232 2395/3581/1232 2394/3575/1232
f 2349/3576/1233 2350/3582/1233 2382/3583/1233 2381/3577/1233
f 2336/3584/1234 2337/3585/1234 2369/3586/1234 2368/3587/1234
f 2363/3580/1235 2364/3588/1235 2396/3589/1235 2395/3581/1235
f 2350/3582/1236 2351/3590/1236 2383/3591/1236 2382/3583/1236
f 2337/3585/1237 2338/3592/1237 2370/3593/1237 2369/3586/1237
f 2364/3588/1238 2365/3594/1238 2397/3595/1238 2396/3589/1238
f 2351/3590/1239 2352/3596/1239 2384/3597/1239 2383/3591/1239
f 2338/3592/1240 2339/3598/1240 2371/3599/1240 2370/3593/1240
f 2365/3594/1241 2335/3570/1241 2367/3573/1241 2397/3595/1241
f 2352/3600/1242 2353/3467/1242 2385/3470/1242 2384/3601/1242
f 2339/3598/1243 2340/3535/1243 2372/3538/1243 2371/3599/1243
f 2423/3602/1224 2424/3603/1224 2456/3604/1224 2455/3605/1224
f 2375/3606/1280 2376/3607/1280 2408/3608/1280 2407/3609/1280
f 2389/3532/1281 2390/3610/1281 2422/3611/1281 2421/3533/1281
f 2376/3607/1282 2377/3612/1282 2409/3613/1282 2408/3608/1282
f 2390/3610/1283 2391/3614/1283 2423/3615/1283 2422/3611/1283
f 2377/3612/1284 2378/3616/1284 2410/3617/1284 2409/3613/1284
f 2391/3614/1285 2392/3618/1285 2424/3619/1285 2423/3615/1285
f 2378/3616/1286 2379/3620/1286 2411/3621/1286 2410/3617/1286
f 2392/3618/1287 2393/3622/1287 2425/3623/1287 2424/3619/1287
f 2379/3620/1288 2380/3624/1288 2412/3625/1288 2411/3621/1288
f 2367/3626/1289 2366/3627/1289 2398/3628/1289 2399/3629/1289
f 2393/3622/1290 2394/3630/1290 2426/3631/1290 2425/3623/1290
f 2380/3624/1291 2381/3632/1291 2413/3633/1291 2412/3625/1291
f 2366/3627/1292 2368/3634/1292 2400/3635/1292 2398/3628/1292
f 2394/3630/1293 2395/3636/1293 2427/3637/1293 2426/3631/1293
f 2381/3632/1294 2382/3638/1294 2414/3639/1294 2413/3633/1294
f 2368/3634/1295 2369/3640/1295 2401/3641/1295 2400/3635/1295
f 2395/3636/1296 2396/3642/1296 2428/3643/1296 2427/3637/1296
f 2382/3638/1297 2383/3644/1297 2415/3645/1297 2414/3639/1297
f 2369/3640/1298 2370/3646/1298 2402/3647/1298 2401/3641/1298
f 2396/3642/1299 2397/3648/1299 2429/3649/1299 2428/3643/1299
f 2383/3644/1300 2384/3650/1300 2416/3651/1300 2415/3645/1300
f 2370/3646/1301 2371/3652/1301 2403/3653/1301 2402/3647/1301
f 2397/3648/1302 2367/3626/1302 2399/3629/1302 2429/3649/1302
f 2384/3650/1303 2385/3654/1303 2417/3655/1303 2416/3651/1303
f 2371/3652/1304 2372/3656/1304 2404/3657/1304 2403/3653/1304
f 2385/3654/1305 2386/3658/1305 2418/3659/1305 2417/3655/1305
f 2372/3656/1306 2373/3660/1306 2405/3661/1306 2404/3657/1306
f 2386/3658/1307 2387/3662/1307 2419/3663/1307 2418/3659/1307
f 2373/3660/1308 2374/3664/1308 2406/3665/1308 2405/3661/1308
f 2387/3662/1309 2388/3531/1309 2420/3534/1309 2419/3663/1309
f 2374/3664/1310 2375/3606/1310 2407/3609/1310 2406/3665/1310
f 2430/3666/1311 2432/3667/1311 2464/3668/1311 2462/3669/1311
f 2410/3670/1225 2411/3671/1225 2443/3672/1225 2442/3673/1225
f 2424/3603/1226 2425/3674/1226 2457/3675/1226 2456/3604/1226
f 2411/3671/1227 2412/3676/1227 2444/3677/1227 2443/3672/1227
f 2399/3678/1228 2398/3679/1228 2430/3680/1228 2431/3681/1228
f 2425/3674/1229 2426/3682/1229 2458/3683/1229 2457/3675/1229
f 2412/3676/1230 2413/3684/1230 2445/3685/1230 2444/3677/1230
f 2398/3679/1231 2400/3686/1231 2432/3687/1231 2430/3680/1231
f 2426/3682/1232 2427/3688/1232 2459/3689/1232 2458/3683/1232
f 2413/3684/1233 2414/3690/1233 2446/3691/1233 2445/3685/1233
f 2400/3692/1234 2401/3693/1234 2433/3694/1234 2432/3695/1234
f 2427/3688/1235 2428/3696/1235 2460/3697/1235 2459/3689/1235
f 2414/3690/1236 2415/3698/1236 2447/3699/1236 2446/3691/1236
f 2401/3693/1237 2402/3700/1237 2434/3701/1237 2433/3694/1237
f 2428/3696/1238 2429/3702/1238 2461/3703/1238 2460/3697/1238
f 2415/3698/1239 2416/3704/1239 2448/3705/1239 2447/3699/1239
f 2402/3700/1240 2403/3706/1240 2435/3707/1240 2434/3701/1240
f 2429/3702/1241 2399/3678/1241 2431/3681/1241 2461/3703/1241
f 2416/3708/1242 2417/3709/1242 2449/3710/1242 2448/3711/1242
f 2403/3706/1243 2404/3712/1243 2436/3713/1243 2435/3707/1243
f 2417/3709/1244 2418/3714/1244 2450/3715/1244 2449/3710/1244
f 2404/3712/1245 2405/3716/1245 2437/3717/1245 2436/3713/1245
f 2418/3714/1246 2419/3718/1246 2451/3719/1246 2450/3715/1246
f 2405/3716/1247 2406/3720/1247 2438/3721/1247 2437/3717/1247
f 2419/3718/1216 2420/3722/1216 2452/3723/1216 2451/3719/1216
f 2406/3720/1217 2407/3724/1217 2439/3725/1217 2438/3721/1217
f 2420/3722/1218 2421/3726/1218 2453/3727/1218 2452/3723/1218
f 2407/3724/1219 2408/3728/1219 2440/3729/1219 2439/3725/1219
f 2421/3726/1220 2422/3730/1220 2454/3731/1220 2453/3727/1220
f 2408/3728/1221 2409/3732/1221 2441/3733/1221 2440/3729/1221
f 2422/3730/1222 2423/3734/1222 2455/3735/1222 2454/3731/1222
f 2409/3734/1223 2410/3670/1223 2442/3673/1223 2441/3736/1223
f 2466/3737/1240 2467/3738/1240 2499/3739/1240 2498/3740/1240
f 2458/3741/1312 2459/3742/1312 2491/3743/1312 2490/3744/1312
f 2445/3745/1313 2446/3746/1313 2478/3747/1313 2477/3748/1313
f 2432/3667/1314 2433/3749/1314 2465/3750/1314 2464/3668/1314
f 2459/3742/1315 2460/3751/1315 2492/3752/1315 2491/3743/1315
f 2446/3746/1316 2447/3753/1316 2479/3754/1316 2478/3747/1316
f 2433/3749/1317 2434/3755/1317 2466/3756/1317 2465/3750/1317
f 2460/3751/1318 2461/3757/1318 2493/3758/1318 2492/3752/1318
f 2447/3753/1319 2448/3759/1319 2480/3760/1319 2479/3754/1319
f 2434/3755/1320 2435/3761/1320 2467/3762/1320 2466/3756/1320
f 2461/3757/1321 2431/3763/1321 2463/3764/1321 2493/3758/1321
f 2448/3759/1322 2449/3765/1322 2481/3766/1322 2480/3760/1322
f 2435/3761/1323 2436/3767/1323 2468/3768/1323 2467/3762/1323
f 2449/3765/1324 2450/3769/1324 2482/3770/1324 2481/3766/1324
f 2436/3767/1325 2437/3771/1325 2469/3772/1325 2468/3768/1325
f 2450/3769/1326 2451/3773/1326 2483/3774/1326 2482/3770/1326
f 2437/3771/1327 2438/3775/1327 2470/3776/1327 2469/3772/1327
f 2451/3773/1328 2452/3777/1328 2484/3778/1328 2483/3774/1328
f 2438/3775/1329 2439/3779/1329 2471/3780/1329 2470/3776/1329
f 2452/3777/1330 2453/3781/1330 2485/3782/1330 2484/3778/1330
f 2439/3779/1331 2440/3783/1331 2472/3784/1331 2471/3780/1331
f 2453/3781/1332 2454/3785/1332 2486/3786/1332 2485/3782/1332
f 2440/3783/1333 2441/3787/1333 2473/3788/1333 2472/3784/1333
f 2454/3785/1334 2455/3789/1334 2487/3790/1334 2486/3786/1334
f 2441/3787/1335 2442/3791/1335 2474/3792/1335 2473/3788/1335
f 2455/3789/1336 2456/3793/1336 2488/3794/1336 2487/3790/1336
f 2442/3791/1337 2443/3795/1337 2475/3796/1337 2474/3792/1337
f 2456/3793/1338 2457/3797/1338 2489/3798/1338 2488/3794/1338
f 2443/3795/1339 2444/3799/1339 2476/3800/1339 2475/3796/1339
f 2431/3763/1340 2430/3666/1340 2462/3669/1340 2463/3764/1340
f 2457/3797/1341 2458/3741/1341 2490/3744/1341 2489/3798/1341
f 2444/3799/1342 2445/3745/1342 2477/3748/1342 2476/3800/1342
f 2501/3801/1343 2502/3802/1343 2534/3803/1343 2533/3804/1343
f 2493/3805/1241 2463/3806/1241 2495/3807/1241 2525/3808/1241
f 2480/3809/1242 2481/3810/1242 2513/3811/1242 2512/3812/1242
f 2467/3738/1243 2468/3813/1243 2500/3814/1243 2499/3739/1243
f 2481/3810/1244 2482/3815/1244 2514/3816/1244 2513/3811/1244
f 2468/3813/1245 2469/3817/1245 2501/3801/1245 2500/3814/1245
f 2482/3815/1246 2483/3818/1246 2515/3819/1246 2514/3816/1246
f 2469/3817/1247 2470/3820/1247 2502/3802/1247 2501/3801/1247
f 2483/3818/1216 2484/3821/1216 2516/3822/1216 2515/3819/1216
f 2470/3820/1217 2471/3823/1217 2503/3824/1217 2502/3802/1217
f 2484/3821/1218 2485/3825/1218 2517/3826/1218 2516/3822/1218
f 2471/3823/1219 2472/3827/1219 2504/3828/1219 2503/3824/1219
f 2485/3825/1220 2486/3829/1220 2518/3830/1220 2517/3826/1220
f 2472/3827/1221 2473/3831/1221 2505/3832/1221 2504/3828/1221
f 2486/3829/1222 2487/3833/1222 2519/3834/1222 2518/3830/1222
f 2473/3835/1223 2474/3836/1223 2506/3837/1223 2505/3838/1223
f 2487/3839/1224 2488/3840/1224 2520/3841/1224 2519/3842/1224
f 2474/3836/1225 2475/3843/1225 2507/3844/1225 2506/3837/1225
f 2488/3840/1226 2489/3845/1226 2521/3846/1226 2520/3841/1226
f 2475/3843/1227 2476/3847/1227 2508/3848/1227 2507/3844/1227
f 2463/3806/1228 2462/3849/1228 2494/3850/1228 2495/3807/1228
f 2489/3845/1229 2490/3851/1229 2522/3852/1229 2521/3846/1229
f 2476/3847/1230 2477/3853/1230 2509/3854/1230 2508/3848/1230
f 2462/3849/1231 2464/3855/1231 2496/3856/1231 2494/3850/1231
f 2490/3851/1232 2491/3857/1232 2523/3858/1232 2522/3852/1232
f 2477/3853/1233 2478/3859/1233 2510/3860/1233 2509/3854/1233
f 2464/3861/1234 2465/3862/1234 2497/3863/1234 2496/3864/1234
f 2491/3857/1235 2492/3865/1235 2524/3866/1235 2523/3858/1235
f 2478/3859/1236 2479/3867/1236 2511/3868/1236 2510/3860/1236
f 2465/3862/1237 2466/3737/1237 2498/3740/1237 2497/3863/1237
f 2492/3865/1238 2493/3805/1238 2525/3808/1238 2524/3866/1238
f 2479/3867/1239 2480/3869/1239 2512/3870/1239 2511/3868/1239
f 2526/3871/1344 2528/3872/1344 2529/3873/1344 2530/3874/1344 2531/3875/1344 2532/3876/1344 2533/3877/1344 2534/3878/1344 2535/3879/1344 2536/3880/1344 2537/3881/1344 2538/3882/1344 2539/3883/1344 2540/3884/1344 2541/3885/1344 2542/3886/1344 2543/3887/1344 2544/3888/1344 2545/3889/1344 2546/3890/1344 2547/3891/1344 2548/3892/1344 2549/3893/1344 2550/3894/1344 2551/3895/1344 2552/3896/1344 2553/3897/1344 2554/3898/1344 2555/3899/1344 2556/3900/1344 2557/3901/1344 2527/3902/1344
f 2515/3819/1345 2516/3822/1345 2548/3903/1345 2547/3904/1345
f 2502/3802/1346 2503/3824/1346 2535/3905/1346 2534/3803/1346
f 2516/3822/1347 2517/3826/1347 2549/3906/1347 2548/3903/1347
f 2503/3824/1348 2504/3828/1348 2536/3907/1348 2535/3905/1348
f 2517/3826/1349 2518/3830/1349 2550/3908/1349 2549/3906/1349
f 2504/3828/1350 2505/3832/1350 2537/3909/1350 2536/3907/1350
f 2518/3830/1351 2519/3834/1351 2551/3910/1351 2550/3908/1351
f 2505/3838/1352 2506/3837/1352 2538/3911/1352 2537/3912/1352
f 2519/3842/1353 2520/3841/1353 2552/3913/1353 2551/3914/1353
f 2506/3837/1354 2507/3844/1354 2539/3915/1354 2538/3911/1354
f 2520/3841/1355 2521/3846/1355 2553/3916/1355 2552/3913/1355
f 2507/3844/1356 2508/3848/1356 2540/3917/1356 2539/3915/1356
f 2495/3807/1357 2494/3850/1357 2526/3918/1357 2527/3919/1357
f 2521/3846/1358 2522/3852/1358 2554/3920/1358 2553/3916/1358
f 2508/3848/1359 2509/3854/1359 2541/3921/1359 2540/3917/1359
f 2494/3850/1360 2496/3856/1360 2528/3922/1360 2526/3918/1360
f 2522/3852/1361 2523/3858/1361 2555/3923/1361 2554/3920/1361
f 2509/3854/1362 2510/3860/1362 2542/3924/1362 2541/3921/1362
f 2496/3864/1363 2497/3863/1363 2529/3925/1363 2528/3926/1363
f 2523/3858/1364 2524/3866/1364 2556/3927/1364 2555/3923/1364
f 2510/3860/1365 2511/3868/1365 2543/3928/1365 2542/3924/1365
f 2497/3863/1366 2498/3740/1366 2530/3929/1366 2529/3925/1366
f 2524/3866/1367 2525/3808/1367 2557/3930/1367 2556/3927/1367
f 2511/3868/1368 2512/3870/1368 2544/3931/1368 2543/3928/1368
f 2498/3740/1369 2499/3739/1369 2531/3932/1369 2530/3929/1369
f 2525/3808/1370 2495/3807/1370 2527/3919/1370 2557/3930/1370
f 2512/3812/1371 2513/3811/1371 2545/3933/1371 2544/3934/1371
f 2499/3739/1372 2500/3814/1372 2532/3935/1372 2531/3932/1372
f 2513/3811/1373 2514/3816/1373 2546/3936/1373 2545/3933/1373
f 2500/3814/1374 2501/3801/1374 2533/3804/1374 2532/3935/1374
f 2514/3816/1375 2515/3819/1375 2547/3904/1375 2546/3936/1375
